"Hour", kWh, kvarh, "Peak kW", "peak kVA", "Losses kWh", "Losses kvarh", "Peak Losses kW"
Dëﬂ2Sü>, 4.63581979453515, 0.679959329586046, 4.63581979453515, 4.68542099040151, 0.0834660948553612, 0.0160948079054465, 0.0834660948553612
Dëﬂ2SØ>, 4.63635017027881, 0.683570324591088, 4.63635017027881, 4.68647109135498, 0.0834878476634367, 0.0161020204250537, 0.0834878476634367
Û¨'f˛L∑>, 4.63635713353332, 0.683578422219112, 4.63635713353332, 4.68647916126689, 0.0834880171413415, 0.0161020765644576, 0.0834880171413415
Dëﬂ2Sø>, 4.63635715636713, 0.683578422219112, 4.63635715636713, 4.6864791838565, 0.0834880176361298, 0.0161020767244423, 0.0834880176361298
À∫Àˇ”j√>, 4.63635715640051, 0.683578422219112, 4.63635715640051, 4.68647918388952, 0.0834880176351369, 0.0161020767257257, 0.0834880176361298
Û¨'f˛L«>, 4.63635715640038, 0.683578422219112, 4.63635715640051, 4.68647918388952, 0.0834880176348017, 0.0161020767250469, 0.0834880176361298
üÉÃ(/À>, 4.63635715640038, 0.683578422219112, 4.63635715640051, 4.68647918388952, 0.0834880176343607, 0.0161020767249374, 0.0834880176361298
Eëﬂ2Sœ>, 4.63635715640038, 0.683578422219112, 4.63635715640051, 4.68647918388952, 0.0834880176343607, 0.0161020767249374, 0.0834880176361298
∑¡ùÃæy—>, 4.63635715640038, 0.683578422219112, 4.63635715640051, 4.68647918388952, 0.0834880176343607, 0.0161020767249374, 0.0834880176361298
Ã∫Àˇ”j”>, 4.63635715640038, 0.683578422219112, 4.63635715640051, 4.68647918388952, 0.0834880176343607, 0.0161020767249374, 0.0834880176361298
‡≥˘2È[’>, 4.63635715640038, 0.683578422219112, 4.63635715640051, 4.68647918388952, 0.0834880176343607, 0.0161020767249374, 0.0834880176361298
ı¨'f˛L◊>, 4.63635715640038, 0.683578422219112, 4.63635715640051, 4.68647918388952, 0.0834880176343607, 0.0161020767249374, 0.0834880176361298
	¶Uô>Ÿ>, 4.63635715640038, 0.683578422219112, 4.63635715640051, 4.68647918388952, 0.0834880176343607, 0.0161020767249374, 0.0834880176361298
üÉÃ(/€>, 4.63635715640038, 0.683578422219112, 4.63635715640051, 4.68647918388952, 0.0834880176343607, 0.0161020767249374, 0.0834880176361298
2ò±ˇ= ›>, 4.63635715640038, 0.683578422219112, 4.63635715640051, 4.68647918388952, 0.0834880176343607, 0.0161020767249374, 0.0834880176361298
Gëﬂ2Sﬂ>, 4.63635715640038, 0.683578422219112, 4.63635715640051, 4.68647918388952, 0.0834880176343607, 0.0161020767249374, 0.0834880176361298
.≈34Å‡>, 4.63635715640038, 0.683578422219112, 4.63635715640051, 4.68647918388952, 0.0834880176343607, 0.0161020767249374, 0.0834880176361298
∏¡ùÃæy·>, 4.63635715640038, 0.683578422219112, 4.63635715640051, 4.68647918388952, 0.0834880176343607, 0.0161020767249374, 0.0834880176361298
Bæ4fIr‚>, 4.63635715640038, 0.683578422219112, 4.63635715640051, 4.68647918388952, 0.0834880176343607, 0.0161020767249374, 0.0834880176361298
Ã∫Àˇ”j„>, 4.63635715640038, 0.683578422219112, 4.63635715640051, 4.68647918388952, 0.0834880176343607, 0.0161020767249374, 0.0834880176361298
U∑bô^c‰>, 4.63635715640038, 0.683578422219112, 4.63635715640051, 4.68647918388952, 0.0834880176343607, 0.0161020767249374, 0.0834880176361298
ﬂ≥˘2È[Â>, 4.63635715640038, 0.683578422219112, 4.63635715640051, 4.68647918388952, 0.0834880176343607, 0.0161020767249374, 0.0834880176361298
i∞êÃsTÊ>, 4.63635715640038, 0.683578422219112, 4.63635715640051, 4.68647918388952, 0.0834880176343607, 0.0161020767249374, 0.0834880176361298
Ú¨'f˛LÁ>, 4.63635715640038, 0.683578422219112, 4.63635715640051, 4.68647918388952, 0.0834880176343607, 0.0161020767249374, 0.0834880176361298
|©æˇàEË>, 4.63635715640038, 0.683578422219112, 4.63635715640051, 4.68647918388952, 0.0834880176343607, 0.0161020767249374, 0.0834880176361298
¶Uô>È>, 4.63635715640038, 0.683578422219112, 4.63635715640051, 4.68647918388952, 0.0834880176343607, 0.0161020767249374, 0.0834880176361298
è¢Ï2û6Í>, 4.63635715640038, 0.683578422219112, 4.63635715640051, 4.68647918388952, 0.0834880176343607, 0.0161020767249374, 0.0834880176361298
üÉÃ(/Î>, 4.63635715640038, 0.683578422219112, 4.63635715640051, 4.68647918388952, 0.0834880176343607, 0.0161020767249374, 0.0834880176361298
£õf≥'Ï>, 4.63635715640038, 0.683578422219112, 4.63635715640051, 4.68647918388952, 0.0834880176343607, 0.0161020767249374, 0.0834880176361298
,ò±ˇ= Ì>, 4.63635715640038, 0.683578422219112, 4.63635715640051, 4.68647918388952, 0.0834880176343607, 0.0161020767249374, 0.0834880176361298
∂îHô»Ó>, 4.63635715640038, 0.683578422219112, 4.63635715640051, 4.68647918388952, 0.0834880176343607, 0.0161020767249374, 0.0834880176361298
@ëﬂ2SÔ>, 4.63635715640038, 0.683578422219112, 4.63635715640051, 4.68647918388952, 0.0834880176343607, 0.0161020767249374, 0.0834880176361298
ÂF;ÊÓ>, 4.63635715640038, 0.683578422219112, 4.63635715640051, 4.68647918388952, 0.0834880176343607, 0.0161020767249374, 0.0834880176361298
*≈34Å>, 4.63635715640038, 0.683578422219112, 4.63635715640051, 4.68647918388952, 0.0834880176343607, 0.0161020767249374, 0.0834880176361298
nC“y˝>, 4.63635715640038, 0.683578422219112, 4.63635715640051, 4.68647918388952, 0.0834880176343607, 0.0161020767249374, 0.0834880176361298
≥¡ùÃæyÒ>, 4.63635715640038, 0.683578422219112, 4.63635715640051, 4.68647918388952, 0.0834880176343607, 0.0161020767249374, 0.0834880176361298
¯?iˆÒ>, 4.63635715640038, 0.683578422219112, 4.63635715640051, 4.68647918388952, 0.0834880176343607, 0.0161020767249374, 0.0834880176361298
=æ4fIrÚ>, 4.63635715640038, 0.683578422219112, 4.63635715640051, 4.68647918388952, 0.0834880176343607, 0.0161020767249374, 0.0834880176361298
É<≥éÓÚ>, 4.63635715640038, 0.683578422219112, 4.63635715640051, 4.68647918388952, 0.0834880176343607, 0.0161020767249374, 0.0834880176361298
»∫Àˇ”jÛ>, 4.63635715640038, 0.683578422219112, 4.63635715640051, 4.68647918388952, 0.0834880176343607, 0.0161020767249374, 0.0834880176361298
9óLÁÛ>, 4.63635715640038, 0.683578422219112, 4.63635715640051, 4.68647918388952, 0.0834880176343607, 0.0161020767249374, 0.0834880176361298
S∑bô^cÙ>, 4.63635715640038, 0.683578422219112, 4.63635715640051, 4.68647918388952, 0.0834880176343607, 0.0161020767249374, 0.0834880176361298
ò5.Ê£ﬂÙ>, 4.63635715640038, 0.683578422219112, 4.63635715640051, 4.68647918388952, 0.0834880176343607, 0.0161020767249374, 0.0834880176361298
ﬁ≥˘2È[ı>, 4.63635715640038, 0.683578422219112, 4.63635715640051, 4.68647918388952, 0.0834880176343607, 0.0161020767249374, 0.0834880176361298
#2≈.ÿı>, 4.63635715640038, 0.683578422219112, 4.63635715640051, 4.68647918388952, 0.0834880176343607, 0.0161020767249374, 0.0834880176361298
i∞êÃsTˆ>, 4.63635715640038, 0.683578422219112, 4.63635715640051, 4.68647918388952, 0.0834880176343607, 0.0161020767249374, 0.0834880176361298
Æ.\π–ˆ>, 4.63635715640038, 0.683578422219112, 4.63635715640051, 4.68647918388952, 0.0834880176343607, 0.0161020767249374, 0.0834880176361298
Û¨'f˛L˜>, 4.63635715640038, 0.683578422219112, 4.63635715640051, 4.68647918388952, 0.0834880176343607, 0.0161020767249374, 0.0834880176361298
9+Û≤C…˜>, 4.63635715640038, 0.683578422219112, 4.63635715640051, 4.68647918388952, 0.0834880176343607, 0.0161020767249374, 0.0834880176361298
~©æˇàE¯>, 4.63635715640038, 0.683578422219112, 4.63635715640051, 4.68647918388952, 0.0834880176343607, 0.0161020767249374, 0.0834880176361298
ƒ'äLŒ¡¯>, 4.63635715640038, 0.683578422219112, 4.63635715640051, 4.68647918388952, 0.0834880176343607, 0.0161020767249374, 0.0834880176361298
	¶Uô>˘>, 4.63635715640038, 0.683578422219112, 4.63635715640051, 4.68647918388952, 0.0834880176343607, 0.0161020767249374, 0.0834880176361298
O$!ÊX∫˘>, 4.63635715640038, 0.683578422219112, 4.63635715640051, 4.68647918388952, 0.0834880176343607, 0.0161020767249374, 0.0834880176361298
î¢Ï2û6˙>, 4.63635715640038, 0.683578422219112, 4.63635715640051, 4.68647918388952, 0.0834880176343607, 0.0161020767249374, 0.0834880176361298
Ÿ ∏„≤˙>, 4.63635715640038, 0.683578422219112, 4.63635715640051, 4.68647918388952, 0.0834880176343607, 0.0161020767249374, 0.0834880176361298
üÉÃ(/˚>, 4.63635715640038, 0.683578422219112, 4.63635715640051, 4.68647918388952, 0.0834880176343607, 0.0161020767249374, 0.0834880176361298
dOn´˚>, 4.63635715640038, 0.683578422219112, 4.63635715640051, 4.68647918388952, 0.0834880176343607, 0.0161020767249374, 0.0834880176361298
™õf≥'¸>, 4.63635715640038, 0.683578422219112, 4.63635715640051, 4.68647918388952, 0.0834880176343607, 0.0161020767249374, 0.0834880176361298
ÔÊ≤¯£¸>, 4.63635715640038, 0.683578422219112, 4.63635715640051, 4.68647918388952, 0.0834880176343607, 0.0161020767249374, 0.0834880176361298
4ò±ˇ= ˝>, 4.63635715640038, 0.683578422219112, 4.63635715640051, 4.68647918388952, 0.0834880176343607, 0.0161020767249374, 0.0834880176361298
z}LÉú˝>, 4.63635715640038, 0.683578422219112, 4.63635715640051, 4.68647918388952, 0.0834880176343607, 0.0161020767249374, 0.0834880176361298
øîHô»˛>, 4.63635715640038, 0.683578422219112, 4.63635715640051, 4.68647918388952, 0.0834880176343607, 0.0161020767249374, 0.0834880176361298
Êï˛>, 4.63635715640038, 0.683578422219112, 4.63635715640051, 4.68647918388952, 0.0834880176343607, 0.0161020767249374, 0.0834880176361298
Jëﬂ2Sˇ>, 4.63635715640038, 0.683578422219112, 4.63635715640051, 4.68647918388952, 0.0834880176343607, 0.0161020767249374, 0.0834880176361298
è´òçˇ>, 4.63635715640038, 0.683578422219112, 4.63635715640051, 4.68647918388952, 0.0834880176343607, 0.0161020767249374, 0.0834880176361298
ÍF;ÊÓ?, 4.63635715640038, 0.683578422219112, 4.63635715640051, 4.68647918388952, 0.0834880176343607, 0.0161020767249374, 0.0834880176361298
°åC?, 4.63635715640038, 0.683578422219112, 4.63635715640051, 4.68647918388952, 0.0834880176343607, 0.0161020767249374, 0.0834880176361298
0≈34Å?, 4.63635715640038, 0.683578422219112, 4.63635715640051, 4.68647918388952, 0.0834880176343607, 0.0161020767249374, 0.0834880176361298
RÑlŸVø?, 4.63635715640038, 0.683578422219112, 4.63635715640051, 4.68647918388952, 0.0834880176343607, 0.0161020767249374, 0.0834880176361298
uC“y˝?, 4.63635715640038, 0.683578422219112, 4.63635715640051, 4.68647918388952, 0.0834880176343607, 0.0161020767249374, 0.0834880176361298
ò8&ú;?, 4.63635715640038, 0.683578422219112, 4.63635715640051, 4.68647918388952, 0.0834880176343607, 0.0161020767249374, 0.0834880176361298
ª¡ùÃæy?, 4.63635715640038, 0.683578422219112, 4.63635715640051, 4.68647918388952, 0.0834880176343607, 0.0161020767249374, 0.0834880176361298
›Äs·∑?, 4.63635715640038, 0.683578422219112, 4.63635715640051, 4.68647918388952, 0.0834880176343607, 0.0161020767249374, 0.0834880176361298
@iˆ?, 4.63635715640038, 0.683578422219112, 4.63635715640051, 4.68647918388952, 0.0834880176343607, 0.0161020767249374, 0.0834880176361298
#ˇŒø&4?, 4.63635715640038, 0.683578422219112, 4.63635715640051, 4.68647918388952, 0.0834880176343607, 0.0161020767249374, 0.0834880176361298
Eæ4fIr?, 4.63635715640038, 0.683578422219112, 4.63635715640051, 4.68647918388952, 0.0834880176343607, 0.0161020767249374, 0.0834880176361298
h}öl∞?, 4.63635715640038, 0.683578422219112, 4.63635715640051, 4.68647918388952, 0.0834880176343607, 0.0161020767249374, 0.0834880176361298
ä<≥éÓ?, 4.63635715640038, 0.683578422219112, 4.63635715640051, 4.68647918388952, 0.0834880176343607, 0.0161020767249374, 0.0834880176361298
¨˚eY±,?, 4.63635715640038, 0.683578422219112, 4.63635715640051, 4.68647918388952, 0.0834880176343607, 0.0161020767249374, 0.0834880176361298
Œ∫Àˇ”j?, 4.63635715640038, 0.683578422219112, 4.63635715640051, 4.68647918388952, 0.0834880176343607, 0.0161020767249374, 0.0834880176361298
y1¶ˆ®?, 4.63635715640038, 0.683578422219112, 4.63635715640051, 4.68647918388952, 0.0834880176343607, 0.0161020767249374, 0.0834880176361298
9óLÁ?, 4.63635715640038, 0.683578422219112, 4.63635715640051, 4.68647918388952, 0.0834880176343607, 0.0161020767249374, 0.0834880176361298
4¯¸Ú;%?, 4.63635715640038, 0.683578422219112, 4.63635715640051, 4.68647918388952, 0.0834880176343607, 0.0161020767249374, 0.0834880176361298
V∑bô^c?, 4.63635715640038, 0.683578422219112, 4.63635715640051, 4.68647918388952, 0.0834880176343607, 0.0161020767249374, 0.0834880176361298
yv»?Å°?, 4.63635715640038, 0.683578422219112, 4.63635715640051, 4.68647918388952, 0.0834880176343607, 0.0161020767249374, 0.0834880176361298
õ5.Ê£ﬂ?, 4.63635715640038, 0.683578422219112, 4.63635715640051, 4.68647918388952, 0.0834880176343607, 0.0161020767249374, 0.0834880176361298
ΩÙìå∆?, 4.63635715640038, 0.683578422219112, 4.63635715640051, 4.68647918388952, 0.0834880176343607, 0.0161020767249374, 0.0834880176361298
ﬂ≥˘2È[?, 4.63635715640038, 0.683578422219112, 4.63635715640051, 4.68647918388952, 0.0834880176343607, 0.0161020767249374, 0.0834880176361298
s_Ÿö?, 4.63635715640038, 0.683578422219112, 4.63635715640051, 4.68647918388952, 0.0834880176343607, 0.0161020767249374, 0.0834880176361298
#2≈.ÿ?, 4.63635715640038, 0.683578422219112, 4.63635715640051, 4.68647918388952, 0.0834880176343607, 0.0161020767249374, 0.0834880176361298
EÒ*&Q?, 4.63635715640038, 0.683578422219112, 4.63635715640051, 4.68647918388952, 0.0834880176343607, 0.0161020767249374, 0.0834880176361298
h∞êÃsT?, 4.63635715640038, 0.683578422219112, 4.63635715640051, 4.68647918388952, 0.0834880176343607, 0.0161020767249374, 0.0834880176361298
äoˆrñí?, 4.63635715640038, 0.683578422219112, 4.63635715640051, 4.68647918388952, 0.0834880176343607, 0.0161020767249374, 0.0834880176361298
¨.\π–?, 4.63635715640038, 0.683578422219112, 4.63635715640051, 4.68647918388952, 0.0834880176343607, 0.0161020767249374, 0.0834880176361298
ŒÌ¡ø€?, 4.63635715640038, 0.683578422219112, 4.63635715640051, 4.68647918388952, 0.0834880176343607, 0.0161020767249374, 0.0834880176361298
¨'f˛L?, 4.63635715640038, 0.683578422219112, 4.63635715640051, 4.68647918388952, 0.0834880176343607, 0.0161020767249374, 0.0834880176361298
lç!ã?, 4.63635715640038, 0.683578422219112, 4.63635715640051, 4.68647918388952, 0.0834880176343607, 0.0161020767249374, 0.0834880176361298
4+Û≤C…?, 4.63635715640038, 0.683578422219112, 4.63635715640051, 4.68647918388952, 0.0834880176343607, 0.0161020767249374, 0.0834880176361298
VÍXYf?, 4.63635715640038, 0.683578422219112, 4.63635715640051, 4.68647918388952, 0.0834880176343607, 0.0161020767249374, 0.0834880176361298
y©æˇàE?, 4.63635715640038, 0.683578422219112, 4.63635715640051, 4.68647918388952, 0.0834880176343607, 0.0161020767249374, 0.0834880176361298
õh$¶´É?, 4.63635715640038, 0.683578422219112, 4.63635715640051, 4.68647918388952, 0.0834880176343607, 0.0161020767249374, 0.0834880176361298
Ω'äLŒ¡?, 4.63635715640038, 0.683578422219112, 4.63635715640051, 4.68647918388952, 0.0834880176343607, 0.0161020767249374, 0.0834880176361298
ﬂÊÔÚˇ?, 4.63635715640038, 0.683578422219112, 4.63635715640051, 4.68647918388952, 0.0834880176343607, 0.0161020767249374, 0.0834880176361298
¶Uô>	?, 4.63635715640038, 0.683578422219112, 4.63635715640051, 4.68647918388952, 0.0834880176343607, 0.0161020767249374, 0.0834880176361298
#eª?6|	?, 4.63635715640038, 0.683578422219112, 4.63635715640051, 4.68647918388952, 0.0834880176343607, 0.0161020767249374, 0.0834880176361298
E$!ÊX∫	?, 4.63635715640038, 0.683578422219112, 4.63635715640051, 4.68647918388952, 0.0834880176343607, 0.0161020767249374, 0.0834880176361298
h„Üå{¯	?, 4.63635715640038, 0.683578422219112, 4.63635715640051, 4.68647918388952, 0.0834880176343607, 0.0161020767249374, 0.0834880176361298
ä¢Ï2û6
4.63635715640038, 0.683578422219112, 4.63635715640051, 4.68647918388952, 0.0834880176343607, 0.0161020767249374, 0.0834880176361298
¨aRŸ¿t
4.63635715640038, 0.683578422219112, 4.63635715640051, 4.68647918388952, 0.0834880176343607, 0.0161020767249374, 0.0834880176361298
Œ ∏„≤
4.63635715640038, 0.683578422219112, 4.63635715640051, 4.68647918388952, 0.0834880176343607, 0.0161020767249374, 0.0834880176361298
ﬂ&Ò
4.63635715640038, 0.683578422219112, 4.63635715640051, 4.68647918388952, 0.0834880176343607, 0.0161020767249374, 0.0834880176361298
üÉÃ(/?, 4.63635715640038, 0.683578422219112, 4.63635715640051, 4.68647918388952, 0.0834880176343607, 0.0161020767249374, 0.0834880176361298
4^ÈrKm?, 4.63635715640038, 0.683578422219112, 4.63635715640051, 4.68647918388952, 0.0834880176343607, 0.0161020767249374, 0.0834880176361298
VOn´?, 4.63635715640038, 0.683578422219112, 4.63635715640051, 4.68647918388952, 0.0834880176343607, 0.0161020767249374, 0.0834880176361298
y‹¥øêÈ?, 4.63635715640038, 0.683578422219112, 4.63635715640051, 4.68647918388952, 0.0834880176343607, 0.0161020767249374, 0.0834880176361298
õõf≥'?, 4.63635715640038, 0.683578422219112, 4.63635715640051, 4.68647918388952, 0.0834880176343607, 0.0161020767249374, 0.0834880176361298
ΩZÄ÷e?, 4.63635715640038, 0.683578422219112, 4.63635715640051, 4.68647918388952, 0.0834880176343607, 0.0161020767249374, 0.0834880176361298
ﬂÊ≤¯£?, 4.63635715640038, 0.683578422219112, 4.63635715640051, 4.68647918388952, 0.0834880176343607, 0.0161020767249374, 0.0834880176361298
ŸKY‚?, 4.63635715640038, 0.683578422219112, 4.63635715640051, 4.68647918388952, 0.0834880176343607, 0.0161020767249374, 0.0834880176361298
#ò±ˇ= ?, 4.63635715640038, 0.683578422219112, 4.63635715640051, 4.68647918388952, 0.0834880176343607, 0.0161020767249374, 0.0834880176361298
EW¶`^?, 4.63635715640038, 0.683578422219112, 4.63635715640051, 4.68647918388952, 0.0834880176343607, 0.0161020767249374, 0.0834880176361298
h}LÉú?, 4.63635715640038, 0.683578422219112, 4.63635715640051, 4.68647918388952, 0.0834880176343607, 0.0161020767249374, 0.0834880176361298
ä’‚Ú•⁄?, 4.63635715640038, 0.683578422219112, 4.63635715640051, 4.68647918388952, 0.0834880176343607, 0.0161020767249374, 0.0834880176361298
¨îHô»?, 4.63635715640038, 0.683578422219112, 4.63635715640051, 4.68647918388952, 0.0834880176343607, 0.0161020767249374, 0.0834880176361298
ŒSÆ?ÎV?, 4.63635715640038, 0.683578422219112, 4.63635715640051, 4.68647918388952, 0.0834880176343607, 0.0161020767249374, 0.0834880176361298
Êï?, 4.63635715640038, 0.683578422219112, 4.63635715640051, 4.68647918388952, 0.0834880176343607, 0.0161020767249374, 0.0834880176361298
“yå0”?, 4.63635715640038, 0.683578422219112, 4.63635715640051, 4.68647918388952, 0.0834880176343607, 0.0161020767249374, 0.0834880176361298
4ëﬂ2S?, 4.63635715640038, 0.683578422219112, 4.63635715640051, 4.68647918388952, 0.0834880176343607, 0.0161020767249374, 0.0834880176361298
VPEŸuO?, 4.63635715640038, 0.683578422219112, 4.63635715640051, 4.68647918388952, 0.0834880176343607, 0.0161020767249374, 0.0834880176361298
y´òç?, 4.63635715640038, 0.683578422219112, 4.63635715640051, 4.68647918388952, 0.0834880176343607, 0.0161020767249374, 0.0834880176361298
õŒ&ªÀ?, 4.63635715640038, 0.683578422219112, 4.63635715640051, 4.68647918388952, 0.0834880176343607, 0.0161020767249374, 0.0834880176361298
ﬁF;ÊÓ?, 4.63635715640038, 0.683578422219112, 4.63635715640051, 4.68647918388952, 0.0834880176343607, 0.0161020767249374, 0.0834880176361298
p&n9$?, 4.63635715640038, 0.683578422219112, 4.63635715640051, 4.68647918388952, 0.0834880176343607, 0.0161020767249374, 0.0834880176361298
°åC?, 4.63635715640038, 0.683578422219112, 4.63635715640051, 4.68647918388952, 0.0834880176343607, 0.0161020767249374, 0.0834880176361298
íÂ”ﬂ"b?, 4.63635715640038, 0.683578422219112, 4.63635715640051, 4.68647918388952, 0.0834880176343607, 0.0161020767249374, 0.0834880176361298
#≈34Å?, 4.63635715640038, 0.683578422219112, 4.63635715640051, 4.68647918388952, 0.0834880176343607, 0.0161020767249374, 0.0834880176361298
¥§9ÜE, 4.63635715640038, 0.683578422219112, 4.63635715640051, 4.68647918388952, 0.0834880176343607, 0.0161020767249374, 0.0834880176361298
EÑlŸVø?, 4.63635715640038, 0.683578422219112, 4.63635715640051, 4.68647918388952, 0.0834880176343607, 0.0161020767249374, 0.0834880176361298
÷cü,hﬁ?, 4.63635715640038, 0.683578422219112, 4.63635715640051, 4.68647918388952, 0.0834880176343607, 0.0161020767249374, 0.0834880176361298
gC“y˝?, 4.63635715640038, 0.683578422219112, 4.63635715640051, 4.68647918388952, 0.0834880176343607, 0.0161020767249374, 0.0834880176361298
¯"”ä?, 4.63635715640038, 0.683578422219112, 4.63635715640051, 4.68647918388952, 0.0834880176343607, 0.0161020767249374, 0.0834880176361298
â8&ú;?, 4.63635715640038, 0.683578422219112, 4.63635715640051, 4.68647918388952, 0.0834880176343607, 0.0161020767249374, 0.0834880176361298
‚jy≠Z?, 4.63635715640038, 0.683578422219112, 4.63635715640051, 4.68647918388952, 0.0834880176343607, 0.0161020767249374, 0.0834880176361298
´¡ùÃæy?, 4.63635715640038, 0.683578422219112, 4.63635715640051, 4.68647918388952, 0.0834880176343607, 0.0161020767249374, 0.0834880176361298
<°––ò?, 4.63635715640038, 0.683578422219112, 4.63635715640051, 4.68647918388952, 0.0834880176343607, 0.0161020767249374, 0.0834880176361298
ÕÄs·∑?, 4.63635715640038, 0.683578422219112, 4.63635715640051, 4.68647918388952, 0.0834880176343607, 0.0161020767249374, 0.0834880176361298
^`6∆Ú÷?, 4.63635715640038, 0.683578422219112, 4.63635715640051, 4.68647918388952, 0.0834880176343607, 0.0161020767249374, 0.0834880176361298
?iˆ?, 4.63635715640038, 0.683578422219112, 4.63635715640051, 4.68647918388952, 0.0834880176343607, 0.0161020767249374, 0.0834880176361298
Åúl?, 4.63635715640038, 0.683578422219112, 4.63635715640051, 4.68647918388952, 0.0834880176343607, 0.0161020767249374, 0.0834880176361298
ˇŒø&4?, 4.63635715640038, 0.683578422219112, 4.63635715640051, 4.68647918388952, 0.0834880176343607, 0.0161020767249374, 0.0834880176361298
£ﬁ8S?, 4.63635715640038, 0.683578422219112, 4.63635715640051, 4.68647918388952, 0.0834880176343607, 0.0161020767249374, 0.0834880176361298
4æ4fIr?, 4.63635715640038, 0.683578422219112, 4.63635715640051, 4.68647918388952, 0.0834880176343607, 0.0161020767249374, 0.0834880176361298
∆ùgπZë?, 4.63635715640038, 0.683578422219112, 4.63635715640051, 4.68647918388952, 0.0834880176343607, 0.0161020767249374, 0.0834880176361298
X}öl∞?, 4.63635715640038, 0.683578422219112, 4.63635715640051, 4.68647918388952, 0.0834880176343607, 0.0161020767249374, 0.0834880176361298
È\Õ_}œ?, 4.63635715640038, 0.683578422219112, 4.63635715640051, 4.68647918388952, 0.0834880176343607, 0.0161020767249374, 0.0834880176361298
{<≥éÓ?, 4.63635715640038, 0.683578422219112, 4.63635715640051, 4.68647918388952, 0.0834880176343607, 0.0161020767249374, 0.0834880176361298
3, 4.63635715640038, 0.683578422219112, 4.63635715640051, 4.68647918388952, 0.0834880176343607, 0.0161020767249374, 0.0834880176361298
û˚eY±,?, 4.63635715640038, 0.683578422219112, 4.63635715640051, 4.68647918388952, 0.0834880176343607, 0.0161020767249374, 0.0834880176361298
0€ò¨¬K?, 4.63635715640038, 0.683578422219112, 4.63635715640051, 4.68647918388952, 0.0834880176343607, 0.0161020767249374, 0.0834880176361298
¡∫Àˇ”j?, 4.63635715640038, 0.683578422219112, 4.63635715640051, 4.68647918388952, 0.0834880176343607, 0.0161020767249374, 0.0834880176361298
Sö˛RÂâ?, 4.63635715640038, 0.683578422219112, 4.63635715640051, 4.68647918388952, 0.0834880176343607, 0.0161020767249374, 0.0834880176361298
Ây1¶ˆ®?, 4.63635715640038, 0.683578422219112, 4.63635715640051, 4.68647918388952, 0.0834880176343607, 0.0161020767249374, 0.0834880176361298
vYd˘»?, 4.63635715640038, 0.683578422219112, 4.63635715640051, 4.68647918388952, 0.0834880176343607, 0.0161020767249374, 0.0834880176361298
9óLÁ?, 4.63635715640038, 0.683578422219112, 4.63635715640051, 4.68647918388952, 0.0834880176343607, 0.0161020767249374, 0.0834880176361298
ö ü*?, 4.63635715640038, 0.683578422219112, 4.63635715640051, 4.68647918388952, 0.0834880176343607, 0.0161020767249374, 0.0834880176361298
+¯¸Ú;%?, 4.63635715640038, 0.683578422219112, 4.63635715640051, 4.68647918388952, 0.0834880176343607, 0.0161020767249374, 0.0834880176361298
Ω◊/FMD?, 4.63635715640038, 0.683578422219112, 4.63635715640051, 4.68647918388952, 0.0834880176343607, 0.0161020767249374, 0.0834880176361298
O∑bô^c?, 4.63635715640038, 0.683578422219112, 4.63635715640051, 4.68647918388952, 0.0834880176343607, 0.0161020767249374, 0.0834880176361298
‡ñïÏoÇ?, 4.63635715640038, 0.683578422219112, 4.63635715640051, 4.68647918388952, 0.0834880176343607, 0.0161020767249374, 0.0834880176361298
rv»?Å°?, 4.63635715640038, 0.683578422219112, 4.63635715640051, 4.68647918388952, 0.0834880176343607, 0.0161020767249374, 0.0834880176361298
V˚íí¿?, 4.63635715640038, 0.683578422219112, 4.63635715640051, 4.68647918388952, 0.0834880176343607, 0.0161020767249374, 0.0834880176361298
ï5.Ê£ﬂ?, 4.63635715640038, 0.683578422219112, 4.63635715640051, 4.68647918388952, 0.0834880176343607, 0.0161020767249374, 0.0834880176361298
'a9µ˛?, 4.63635715640038, 0.683578422219112, 4.63635715640051, 4.68647918388952, 0.0834880176343607, 0.0161020767249374, 0.0834880176361298
∏Ùìå∆?, 4.63635715640038, 0.683578422219112, 4.63635715640051, 4.68647918388952, 0.0834880176343607, 0.0161020767249374, 0.0834880176361298
J‘∆ﬂ◊<?, 4.63635715640038, 0.683578422219112, 4.63635715640051, 4.68647918388952, 0.0834880176343607, 0.0161020767249374, 0.0834880176361298
‹≥˘2È[?, 4.63635715640038, 0.683578422219112, 4.63635715640051, 4.68647918388952, 0.0834880176343607, 0.0161020767249374, 0.0834880176361298
mì,Ü˙z?, 4.63635715640038, 0.683578422219112, 4.63635715640051, 4.68647918388952, 0.0834880176343607, 0.0161020767249374, 0.0834880176361298
ˇr_Ÿö?, 4.63635715640038, 0.683578422219112, 4.63635715640051, 4.68647918388952, 0.0834880176343607, 0.0161020767249374, 0.0834880176361298
êRí,π?, 4.63635715640038, 0.683578422219112, 4.63635715640051, 4.68647918388952, 0.0834880176343607, 0.0161020767249374, 0.0834880176361298
"2≈.ÿ?, 4.63635715640038, 0.683578422219112, 4.63635715640051, 4.68647918388952, 0.0834880176343607, 0.0161020767249374, 0.0834880176361298
¥¯“?˜?, 4.63635715640038, 0.683578422219112, 4.63635715640051, 4.68647918388952, 0.0834880176343607, 0.0161020767249374, 0.0834880176361298
EÒ*&Q?, 4.63635715640038, 0.683578422219112, 4.63635715640051, 4.68647918388952, 0.0834880176343607, 0.0161020767249374, 0.0834880176361298
◊–]yb5?, 4.63635715640038, 0.683578422219112, 4.63635715640051, 4.68647918388952, 0.0834880176343607, 0.0161020767249374, 0.0834880176361298
i∞êÃsT?, 4.63635715640038, 0.683578422219112, 4.63635715640051, 4.68647918388952, 0.0834880176343607, 0.0161020767249374, 0.0834880176361298
˙è√Ös?, 4.63635715640038, 0.683578422219112, 4.63635715640051, 4.68647918388952, 0.0834880176343607, 0.0161020767249374, 0.0834880176361298
åoˆrñí?, 4.63635715640038, 0.683578422219112, 4.63635715640051, 4.68647918388952, 0.0834880176343607, 0.0161020767249374, 0.0834880176361298
O)∆ß±?, 4.63635715640038, 0.683578422219112, 4.63635715640051, 4.68647918388952, 0.0834880176343607, 0.0161020767249374, 0.0834880176361298
Ø.\π–?, 4.63635715640038, 0.683578422219112, 4.63635715640051, 4.68647918388952, 0.0834880176343607, 0.0161020767249374, 0.0834880176361298
Aèl Ô?, 4.63635715640038, 0.683578422219112, 4.63635715640051, 4.68647918388952, 0.0834880176343607, 0.0161020767249374, 0.0834880176361298
“Ì¡ø€?, 4.63635715640038, 0.683578422219112, 4.63635715640051, 4.68647918388952, 0.0834880176343607, 0.0161020767249374, 0.0834880176361298
dÕÙÌ-?, 4.63635715640038, 0.683578422219112, 4.63635715640051, 4.68647918388952, 0.0834880176343607, 0.0161020767249374, 0.0834880176361298
ˆ¨'f˛L?, 4.63635715640038, 0.683578422219112, 4.63635715640051, 4.68647918388952, 0.0834880176343607, 0.0161020767249374, 0.0834880176361298
áåZπl?, 4.63635715640038, 0.683578422219112, 4.63635715640051, 4.68647918388952, 0.0834880176343607, 0.0161020767249374, 0.0834880176361298
lç!ã?, 4.63635715640038, 0.683578422219112, 4.63635715640051, 4.68647918388952, 0.0834880176343607, 0.0161020767249374, 0.0834880176361298
´K¿_2™?, 4.63635715640038, 0.683578422219112, 4.63635715640051, 4.68647918388952, 0.0834880176343607, 0.0161020767249374, 0.0834880176361298
<+Û≤C…?, 4.63635715640038, 0.683578422219112, 4.63635715640051, 4.68647918388952, 0.0834880176343607, 0.0161020767249374, 0.0834880176361298
Œ
UË?, 4.63635715640038, 0.683578422219112, 4.63635715640051, 4.68647918388952, 0.0834880176343607, 0.0161020767249374, 0.0834880176361298
`ÍXYf?, 4.63635715640038, 0.683578422219112, 4.63635715640051, 4.68647918388952, 0.0834880176343607, 0.0161020767249374, 0.0834880176361298
Ò…ã¨w&?, 4.63635715640038, 0.683578422219112, 4.63635715640051, 4.68647918388952, 0.0834880176343607, 0.0161020767249374, 0.0834880176361298
É©æˇàE?, 4.63635715640038, 0.683578422219112, 4.63635715640051, 4.68647918388952, 0.0834880176343607, 0.0161020767249374, 0.0834880176361298
âÒRöd?, 4.63635715640038, 0.683578422219112, 4.63635715640051, 4.68647918388952, 0.0834880176343607, 0.0161020767249374, 0.0834880176361298
¶h$¶´É?, 4.63635715640038, 0.683578422219112, 4.63635715640051, 4.68647918388952, 0.0834880176343607, 0.0161020767249374, 0.0834880176361298
8HW˘º¢?, 4.63635715640038, 0.683578422219112, 4.63635715640051, 4.68647918388952, 0.0834880176343607, 0.0161020767249374, 0.0834880176361298
…'äLŒ¡?, 4.63635715640038, 0.683578422219112, 4.63635715640051, 4.68647918388952, 0.0834880176343607, 0.0161020767249374, 0.0834880176361298
[Ωüﬂ‡?, 4.63635715640038, 0.683578422219112, 4.63635715640051, 4.68647918388952, 0.0834880176343607, 0.0161020767249374, 0.0834880176361298
ÌÊÔÚˇ?, 4.63635715640038, 0.683578422219112, 4.63635715640051, 4.68647918388952, 0.0834880176343607, 0.0161020767249374, 0.0834880176361298
~∆"F?, 4.63635715640038, 0.683578422219112, 4.63635715640051, 4.68647918388952, 0.0834880176343607, 0.0161020767249374, 0.0834880176361298
¶Uô>?, 4.63635715640038, 0.683578422219112, 4.63635715640051, 4.68647918388952, 0.0834880176343607, 0.0161020767249374, 0.0834880176361298
¢ÖàÏ$]?, 4.63635715640038, 0.683578422219112, 4.63635715640051, 4.68647918388952, 0.0834880176343607, 0.0161020767249374, 0.0834880176361298
3eª?6|?, 4.63635715640038, 0.683578422219112, 4.63635715640051, 4.68647918388952, 0.0834880176343607, 0.0161020767249374, 0.0834880176361298
≈DÓíGõ?, 4.63635715640038, 0.683578422219112, 4.63635715640051, 4.68647918388952, 0.0834880176343607, 0.0161020767249374, 0.0834880176361298
V$!ÊX∫?, 4.63635715640038, 0.683578422219112, 4.63635715640051, 4.68647918388952, 0.0834880176343607, 0.0161020767249374, 0.0834880176361298
ËT9jŸ?, 4.63635715640038, 0.683578422219112, 4.63635715640051, 4.68647918388952, 0.0834880176343607, 0.0161020767249374, 0.0834880176361298
z„Üå{¯?, 4.63635715640038, 0.683578422219112, 4.63635715640051, 4.68647918388952, 0.0834880176343607, 0.0161020767249374, 0.0834880176361298
√πﬂå?, 4.63635715640038, 0.683578422219112, 4.63635715640051, 4.68647918388952, 0.0834880176343607, 0.0161020767249374, 0.0834880176361298
ù¢Ï2û6?, 4.63635715640038, 0.683578422219112, 4.63635715640051, 4.68647918388952, 0.0834880176343607, 0.0161020767249374, 0.0834880176361298
/ÇÜØU?, 4.63635715640038, 0.683578422219112, 4.63635715640051, 4.68647918388952, 0.0834880176343607, 0.0161020767249374, 0.0834880176361298
¿aRŸ¿t?, 4.63635715640038, 0.683578422219112, 4.63635715640051, 4.68647918388952, 0.0834880176343607, 0.0161020767249374, 0.0834880176361298
RAÖ,“ì?, 4.63635715640038, 0.683578422219112, 4.63635715640051, 4.68647918388952, 0.0834880176343607, 0.0161020767249374, 0.0834880176361298
‰ ∏„≤?, 4.63635715640038, 0.683578422219112, 4.63635715640051, 4.68647918388952, 0.0834880176343607, 0.0161020767249374, 0.0834880176361298
uÎ“Ù—?, 4.63635715640038, 0.683578422219112, 4.63635715640051, 4.68647918388952, 0.0834880176343607, 0.0161020767249374, 0.0834880176361298
‡&Ò?, 4.63635715640038, 0.683578422219112, 4.63635715640051, 4.68647918388952, 0.0834880176343607, 0.0161020767249374, 0.0834880176361298
òøPy?, 4.63635715640038, 0.683578422219112, 4.63635715640051, 4.68647918388952, 0.0834880176343607, 0.0161020767249374, 0.0834880176361298
*üÉÃ(/?, 4.63635715640038, 0.683578422219112, 4.63635715640051, 4.68647918388952, 0.0834880176343607, 0.0161020767249374, 0.0834880176361298
º~∂:N?, 4.63635715640038, 0.683578422219112, 4.63635715640051, 4.68647918388952, 0.0834880176343607, 0.0161020767249374, 0.0834880176361298
M^ÈrKm?, 4.63635715640038, 0.683578422219112, 4.63635715640051, 4.68647918388952, 0.0834880176343607, 0.0161020767249374, 0.0834880176361298
ﬂ=∆\å?, 4.63635715640038, 0.683578422219112, 4.63635715640051, 4.68647918388952, 0.0834880176343607, 0.0161020767249374, 0.0834880176361298
qOn´?, 4.63635715640038, 0.683578422219112, 4.63635715640051, 4.68647918388952, 0.0834880176343607, 0.0161020767249374, 0.0834880176361298
˝Ål ?, 4.63635715640038, 0.683578422219112, 4.63635715640051, 4.68647918388952, 0.0834880176343607, 0.0161020767249374, 0.0834880176361298
î‹¥øêÈ?, 4.63635715640038, 0.683578422219112, 4.63635715640051, 4.68647918388952, 0.0834880176343607, 0.0161020767249374, 0.0834880176361298
&ºÁ¢?, 4.63635715640038, 0.683578422219112, 4.63635715640051, 4.68647918388952, 0.0834880176343607, 0.0161020767249374, 0.0834880176361298
∑õf≥'?, 4.63635715640038, 0.683578422219112, 4.63635715640051, 4.68647918388952, 0.0834880176343607, 0.0161020767249374, 0.0834880176361298
I{MπƒF?, 4.63635715640038, 0.683578422219112, 4.63635715640051, 4.68647918388952, 0.0834880176343607, 0.0161020767249374, 0.0834880176361298
⁄ZÄ÷e?, 4.63635715640038, 0.683578422219112, 4.63635715640051, 4.68647918388952, 0.0834880176343607, 0.0161020767249374, 0.0834880176361298
l:≥_ÁÑ?, 4.63635715640038, 0.683578422219112, 4.63635715640051, 4.68647918388952, 0.0834880176343607, 0.0161020767249374, 0.0834880176361298
˛Ê≤¯£?, 4.63635715640038, 0.683578422219112, 4.63635715640051, 4.68647918388952, 0.0834880176343607, 0.0161020767249374, 0.0834880176361298
è˘
?, 4.63635715640038, 0.683578422219112, 4.63635715640051, 4.68647918388952, 0.0834880176343607, 0.0161020767249374, 0.0834880176361298
!ŸKY‚?, 4.63635715640038, 0.683578422219112, 4.63635715640051, 4.68647918388952, 0.0834880176343607, 0.0161020767249374, 0.0834880176361298
≥∏~¨,?, 4.63635715640038, 0.683578422219112, 4.63635715640051, 4.68647918388952, 0.0834880176343607, 0.0161020767249374, 0.0834880176361298
Dò±ˇ= ?, 4.63635715640038, 0.683578422219112, 4.63635715640051, 4.68647918388952, 0.0834880176343607, 0.0161020767249374, 0.0834880176361298
÷w‰RO??, 4.63635715640038, 0.683578422219112, 4.63635715640051, 4.68647918388952, 0.0834880176343607, 0.0161020767249374, 0.0834880176361298
hW¶`^?, 4.63635715640038, 0.683578422219112, 4.63635715640051, 4.68647918388952, 0.0834880176343607, 0.0161020767249374, 0.0834880176361298
˘6J˘q}?, 4.63635715640038, 0.683578422219112, 4.63635715640051, 4.68647918388952, 0.0834880176343607, 0.0161020767249374, 0.0834880176361298
ã}LÉú?, 4.63635715640038, 0.683578422219112, 4.63635715640051, 4.68647918388952, 0.0834880176343607, 0.0161020767249374, 0.0834880176361298
ˆØüîª?, 4.63635715640038, 0.683578422219112, 4.63635715640051, 4.68647918388952, 0.0834880176343607, 0.0161020767249374, 0.0834880176361298
Æ’‚Ú•⁄?, 4.63635715640038, 0.683578422219112, 4.63635715640051, 4.68647918388952, 0.0834880176343607, 0.0161020767249374, 0.0834880176361298
@µF∑˘?, 4.63635715640038, 0.683578422219112, 4.63635715640051, 4.68647918388952, 0.0834880176343607, 0.0161020767249374, 0.0834880176361298
—îHô»?, 4.63635715640038, 0.683578422219112, 4.63635715640051, 4.68647918388952, 0.0834880176343607, 0.0161020767249374, 0.0834880176361298
ct{ÏŸ7?, 4.63635715640038, 0.683578422219112, 4.63635715640051, 4.68647918388952, 0.0834880176343607, 0.0161020767249374, 0.0834880176361298
ıSÆ?ÎV?, 4.63635715640038, 0.683578422219112, 4.63635715640051, 4.68647918388952, 0.0834880176343607, 0.0161020767249374, 0.0834880176361298
Ü3·í¸u?, 4.63635715640038, 0.683578422219112, 4.63635715640051, 4.68647918388952, 0.0834880176343607, 0.0161020767249374, 0.0834880176361298
Êï?, 4.63635715640038, 0.683578422219112, 4.63635715640051, 4.68647918388952, 0.0834880176343607, 0.0161020767249374, 0.0834880176361298
™ÚF9¥?, 4.63635715640038, 0.683578422219112, 4.63635715640051, 4.68647918388952, 0.0834880176343607, 0.0161020767249374, 0.0834880176361298
;“yå0”?, 4.63635715640038, 0.683578422219112, 4.63635715640051, 4.68647918388952, 0.0834880176343607, 0.0161020767249374, 0.0834880176361298
Õ±¨ﬂAÚ?, 4.63635715640038, 0.683578422219112, 4.63635715640051, 4.68647918388952, 0.0834880176343607, 0.0161020767249374, 0.0834880176361298
^ëﬂ2S?, 4.63635715640038, 0.683578422219112, 4.63635715640051, 4.68647918388952, 0.0834880176343607, 0.0161020767249374, 0.0834880176361298
pÜd0?, 4.63635715640038, 0.683578422219112, 4.63635715640051, 4.68647918388952, 0.0834880176343607, 0.0161020767249374, 0.0834880176361298
ÇPEŸuO?, 4.63635715640038, 0.683578422219112, 4.63635715640051, 4.68647918388952, 0.0834880176343607, 0.0161020767249374, 0.0834880176361298
0x,án?, 4.63635715640038, 0.683578422219112, 4.63635715640051, 4.68647918388952, 0.0834880176343607, 0.0161020767249374, 0.0834880176361298
•´òç?, 4.63635715640038, 0.683578422219112, 4.63635715640051, 4.68647918388952, 0.0834880176343607, 0.0161020767249374, 0.0834880176361298
7Ô›“©¨?, 4.63635715640038, 0.683578422219112, 4.63635715640051, 4.68647918388952, 0.0834880176343607, 0.0161020767249374, 0.0834880176361298
»Œ&ªÀ?, 4.63635715640038, 0.683578422219112, 4.63635715640051, 4.68647918388952, 0.0834880176343607, 0.0161020767249374, 0.0834880176361298
ZÆCyÃÍ?, 4.63635715640038, 0.683578422219112, 4.63635715640051, 4.68647918388952, 0.0834880176343607, 0.0161020767249374, 0.0834880176361298
ˆF;ÊÓ ?, 4.63635715640038, 0.683578422219112, 4.63635715640051, 4.68647918388952, 0.0834880176343607, 0.0161020767249374, 0.0834880176361298
ø∂‘èw ?, 4.63635715640038, 0.683578422219112, 4.63635715640051, 4.68647918388952, 0.0834880176343607, 0.0161020767249374, 0.0834880176361298
á&n9$ ?, 4.63635715640038, 0.683578422219112, 4.63635715640051, 4.68647918388952, 0.0834880176343607, 0.0161020767249374, 0.0834880176361298
Pñ„à3 ?, 4.63635715640038, 0.683578422219112, 4.63635715640051, 4.68647918388952, 0.0834880176343607, 0.0161020767249374, 0.0834880176361298
°åC ?, 4.63635715640038, 0.683578422219112, 4.63635715640051, 4.68647918388952, 0.0834880176343607, 0.0161020767249374, 0.0834880176361298
‚u:6öR ?, 4.63635715640038, 0.683578422219112, 4.63635715640051, 4.68647918388952, 0.0834880176343607, 0.0161020767249374, 0.0834880176361298
´Â”ﬂ"b ?, 4.63635715640038, 0.683578422219112, 4.63635715640051, 4.68647918388952, 0.0834880176343607, 0.0161020767249374, 0.0834880176361298
sUmâ´q ?, 4.63635715640038, 0.683578422219112, 4.63635715640051, 4.68647918388952, 0.0834880176343607, 0.0161020767249374, 0.0834880176361298
<≈34Å ?, 4.63635715640038, 0.683578422219112, 4.63635715640051, 4.68647918388952, 0.0834880176343607, 0.0161020767249374, 0.0834880176361298
5, 4.63635715640038, 0.683578422219112, 4.63635715640051, 4.68647918388952, 0.0834880176343607, 0.0161020767249374, 0.0834880176361298
Œ§9ÜE, 4.63635715640038, 0.683578422219112, 4.63635715640051, 4.68647918388952, 0.0834880176343607, 0.0161020767249374, 0.0834880176361298
ó”/ŒØ ?, 4.63635715640038, 0.683578422219112, 4.63635715640051, 4.68647918388952, 0.0834880176343607, 0.0161020767249374, 0.0834880176361298
`ÑlŸVø ?, 4.63635715640038, 0.683578422219112, 4.63635715640051, 4.68647918388952, 0.0834880176343607, 0.0161020767249374, 0.0834880176361298
(ÙÉﬂŒ ?, 4.63635715640038, 0.683578422219112, 4.63635715640051, 4.68647918388952, 0.0834880176343607, 0.0161020767249374, 0.0834880176361298
Òcü,hﬁ ?, 4.63635715640038, 0.683578422219112, 4.63635715640051, 4.68647918388952, 0.0834880176343607, 0.0161020767249374, 0.0834880176361298
∫”8÷Ì ?, 4.63635715640038, 0.683578422219112, 4.63635715640051, 4.68647918388952, 0.0834880176343607, 0.0161020767249374, 0.0834880176361298
ÉC“y˝ ?, 4.63635715640038, 0.683578422219112, 4.63635715640051, 4.68647918388952, 0.0834880176343607, 0.0161020767249374, 0.0834880176361298
L≥k)!?, 4.63635715640038, 0.683578422219112, 4.63635715640051, 4.68647918388952, 0.0834880176343607, 0.0161020767249374, 0.0834880176361298
#”ä!?, 4.63635715640038, 0.683578422219112, 4.63635715640051, 4.68647918388952, 0.0834880176343607, 0.0161020767249374, 0.0834880176361298
›íû|,!?, 4.63635715640038, 0.683578422219112, 4.63635715640051, 4.68647918388952, 0.0834880176343607, 0.0161020767249374, 0.0834880176361298
¶8&ú;!?, 4.63635715640038, 0.683578422219112, 4.63635715640051, 4.68647918388952, 0.0834880176343607, 0.0161020767249374, 0.0834880176361298
or—œ$K!?, 4.63635715640038, 0.683578422219112, 4.63635715640051, 4.68647918388952, 0.0834880176343607, 0.0161020767249374, 0.0834880176361298
8‚jy≠Z!?, 4.63635715640038, 0.683578422219112, 4.63635715640051, 4.68647918388952, 0.0834880176343607, 0.0161020767249374, 0.0834880176361298
R#6j!?, 4.63635715640038, 0.683578422219112, 4.63635715640051, 4.68647918388952, 0.0834880176343607, 0.0161020767249374, 0.0834880176361298
…¡ùÃæy!?, 4.63635715640038, 0.683578422219112, 4.63635715640051, 4.68647918388952, 0.0834880176343607, 0.0161020767249374, 0.0834880176361298
í17vGâ!?, 4.63635715640038, 0.683578422219112, 4.63635715640051, 4.68647918388952, 0.0834880176343607, 0.0161020767249374, 0.0834880176361298
[°––ò!?, 4.63635715640038, 0.683578422219112, 4.63635715640051, 4.68647918388952, 0.0834880176343607, 0.0161020767249374, 0.0834880176361298
$j…X®!?, 4.63635715640038, 0.683578422219112, 4.63635715640051, 4.68647918388952, 0.0834880176343607, 0.0161020767249374, 0.0834880176361298
ÌÄs·∑!?, 4.63635715640038, 0.683578422219112, 4.63635715640051, 4.68647918388952, 0.0834880176343607, 0.0161020767249374, 0.0834880176361298
µúj«!?, 4.63635715640038, 0.683578422219112, 4.63635715640051, 4.68647918388952, 0.0834880176343607, 0.0161020767249374, 0.0834880176361298
~`6∆Ú÷!?, 4.63635715640038, 0.683578422219112, 4.63635715640051, 4.68647918388952, 0.0834880176343607, 0.0161020767249374, 0.0834880176361298
G–œo{Ê!?, 4.63635715640038, 0.683578422219112, 4.63635715640051, 4.68647918388952, 0.0834880176343607, 0.0161020767249374, 0.0834880176361298
@iˆ!?, 4.63635715640038, 0.683578422219112, 4.63635715640051, 4.68647918388952, 0.0834880176343607, 0.0161020767249374, 0.0834880176361298
ŸØ√å"?, 4.63635715640038, 0.683578422219112, 4.63635715640051, 4.68647918388952, 0.0834880176343607, 0.0161020767249374, 0.0834880176361298
¢úl"?, 4.63635715640038, 0.683578422219112, 4.63635715640051, 4.68647918388952, 0.0834880176343607, 0.0161020767249374, 0.0834880176361298
jè5û$"?, 4.63635715640038, 0.683578422219112, 4.63635715640051, 4.68647918388952, 0.0834880176343607, 0.0161020767249374, 0.0834880176361298
3ˇŒø&4"?, 4.63635715640038, 0.683578422219112, 4.63635715640051, 4.68647918388952, 0.0834880176343607, 0.0161020767249374, 0.0834880176361298
˚nhiØC"?, 3.46918876428766, 0.527654185843974, 4.63635715640051, 4.68647918388952, 0.0639909187425745, 0.0130950214622062, 0.0834880176361298
ƒﬁ8S"?, 3.46925110757576, 0.527028306667933, 4.63635715640051, 4.68647918388952, 0.0639902864967405, 0.0130948076988967, 0.0834880176361298
åNõº¿b"?, 3.46924939110717, 0.527026482877842, 4.63635715640051, 4.68647918388952, 0.0639902413323987, 0.0130947928256814, 0.0834880176361298
Tæ4fIr"?, 3.46924938073612, 0.527026482877843, 4.63635715640051, 4.68647918388952, 0.0639902411039749, 0.0130947927471837, 0.0834880176361298
.Œ“Å"?, 3.46924938070746, 0.527026482877843, 4.63635715640051, 4.68647918388952, 0.063990241103619, 0.0130947927469689, 0.0834880176361298
ÂùgπZë"?, 3.46924938070751, 0.527026482877843, 4.63635715640051, 4.68647918388952, 0.0639902411065922, 0.0130947927469091, 0.0834880176361298
≠c„, 3.46924938070751, 0.527026482877843, 4.63635715640051, 4.68647918388952, 0.0639902411065922, 0.0130947927469091, 0.0834880176361298
u}öl∞"?, 3.46924938070751, 0.527026482877843, 4.63635715640051, 4.68647918388952, 0.0639902411065922, 0.0130947927469091, 0.0834880176361298
=Ì3∂Ùø"?, 3.46924938070751, 0.527026482877843, 4.63635715640051, 4.68647918388952, 0.0639902411065922, 0.0130947927469091, 0.0834880176361298
]Õ_}œ"?, 3.46924938070751, 0.527026482877843, 4.63635715640051, 4.68647918388952, 0.0639902411065922, 0.0130947927469091, 0.0834880176361298
ŒÃf	ﬂ"?, 3.46924938070751, 0.527026482877843, 4.63635715640051, 4.68647918388952, 0.0639902411065922, 0.0130947927469091, 0.0834880176361298
ñ<≥éÓ"?, 3.46924938070751, 0.527026482877843, 4.63635715640051, 4.68647918388952, 0.0639902411065922, 0.0130947927469091, 0.0834880176361298
^¨ô\˛"?, 3.46924938070751, 0.527026482877843, 4.63635715640051, 4.68647918388952, 0.0639902411065922, 0.0130947927469091, 0.0834880176361298
'3, 3.46924938070751, 0.527026482877843, 4.63635715640051, 4.68647918388952, 0.0639902411065922, 0.0130947927469091, 0.0834880176361298
ÔãÃØ(#?, 3.46924938070751, 0.527026482877843, 4.63635715640051, 4.68647918388952, 0.0639902411065922, 0.0130947927469091, 0.0834880176361298
∑˚eY±,#?, 3.46924938070751, 0.527026482877843, 4.63635715640051, 4.68647918388952, 0.0639902411065922, 0.0130947927469091, 0.0834880176361298
kˇ:<#?, 3.46924938070751, 0.527026482877843, 4.63635715640051, 4.68647918388952, 0.0639902411065922, 0.0130947927469091, 0.0834880176361298
H€ò¨¬K#?, 3.46924938070751, 0.527026482877843, 4.63635715640051, 4.68647918388952, 0.0639902411065922, 0.0130947927469091, 0.0834880176361298
K2VK[#?, 3.46924938070751, 0.527026482877843, 4.63635715640051, 4.68647918388952, 0.0639902411065922, 0.0130947927469091, 0.0834880176361298
ÿ∫Àˇ”j#?, 3.46924938070751, 0.527026482877843, 4.63635715640051, 4.68647918388952, 0.0639902411065922, 0.0130947927469091, 0.0834880176361298
, 3.46924938070751, 0.527026482877843, 4.63635715640051, 4.68647918388952, 0.0639902411065922, 0.0130947927469091, 0.0834880176361298
iö˛RÂâ#?, 3.46924938070751, 0.527026482877843, 4.63635715640051, 4.68647918388952, 0.0639902411065922, 0.0130947927469091, 0.0834880176361298
1
¸mô#?, 3.46924938070751, 0.527026482877843, 4.63635715640051, 4.68647918388952, 0.0639902411065922, 0.0130947927469091, 0.0834880176361298
˘y1¶ˆ®#?, 3.46924938070751, 0.527026482877843, 4.63635715640051, 4.68647918388952, 0.0639902411065922, 0.0130947927469091, 0.0834880176361298
¡È O∏#?, 3.46924938070751, 0.527026482877843, 4.63635715640051, 4.68647918388952, 0.0639902411065922, 0.0130947927469091, 0.0834880176361298
äYd˘»#?, 3.46924938070751, 0.527026482877843, 4.63635715640051, 4.68647918388952, 0.0639902411065922, 0.0130947927469091, 0.0834880176361298
R…˝¢ê◊#?, 3.46924938070751, 0.527026482877843, 4.63635715640051, 4.68647918388952, 0.0639902411065922, 0.0130947927469091, 0.0834880176361298
9óLÁ#?, 3.46924938070751, 0.527026482877843, 4.63635715640051, 4.68647918388952, 0.0639902411065922, 0.0130947927469091, 0.0834880176361298
‚®0ˆ°ˆ#?, 3.46924938070751, 0.527026482877843, 4.63635715640051, 4.68647918388952, 0.0639902411065922, 0.0130947927469091, 0.0834880176361298
´ ü*$?, 3.46924938070751, 0.527026482877843, 4.63635715640051, 4.68647918388952, 0.0639902411065922, 0.0130947927469091, 0.0834880176361298
sàcI≥$?, 3.46924938070751, 0.527026482877843, 4.63635715640051, 4.68647918388952, 0.0639902411065922, 0.0130947927469091, 0.0834880176361298
;¯¸Ú;%$?, 3.46924938070751, 0.527026482877843, 4.63635715640051, 4.68647918388952, 0.0639902411065922, 0.0130947927469091, 0.0834880176361298
hñúƒ4$?, 3.46924938070751, 0.527026482877843, 4.63635715640051, 4.68647918388952, 0.0639902411065922, 0.0130947927469091, 0.0834880176361298
Ã◊/FMD$?, 3.46924938070751, 0.527026482877843, 4.63635715640051, 4.68647918388952, 0.0639902411065922, 0.0130947927469091, 0.0834880176361298
îG…Ô’S$?, 3.46924938070751, 0.527026482877843, 4.63635715640051, 4.68647918388952, 0.0639902411065922, 0.0130947927469091, 0.0834880176361298
\∑bô^c$?, 3.46924938070751, 0.527026482877843, 4.63635715640051, 4.68647918388952, 0.0639902411065922, 0.0130947927469091, 0.0834880176361298
$'¸BÁr$?, 3.46924938070751, 0.527026482877843, 4.63635715640051, 4.68647918388952, 0.0639902411065922, 0.0130947927469091, 0.0834880176361298
ÌñïÏoÇ$?, 3.46924938070751, 0.527026482877843, 4.63635715640051, 4.68647918388952, 0.0639902411065922, 0.0130947927469091, 0.0834880176361298
µ/ñ¯ë$?, 3.46924938070751, 0.527026482877843, 4.63635715640051, 4.68647918388952, 0.0639902411065922, 0.0130947927469091, 0.0834880176361298
}v»?Å°$?, 3.46924938070751, 0.527026482877843, 4.63635715640051, 4.68647918388952, 0.0639902411065922, 0.0130947927469091, 0.0834880176361298
EÊaÈ	±$?, 3.46924938070751, 0.527026482877843, 4.63635715640051, 4.68647918388952, 0.0639902411065922, 0.0130947927469091, 0.0834880176361298
V˚íí¿$?, 3.46924938070751, 0.527026482877843, 4.63635715640051, 4.68647918388952, 0.0639902411065922, 0.0130947927469091, 0.0834880176361298
÷≈î<–$?, 3.46924938070751, 0.527026482877843, 4.63635715640051, 4.68647918388952, 0.0639902411065922, 0.0130947927469091, 0.0834880176361298
û5.Ê£ﬂ$?, 3.46924938070751, 0.527026482877843, 4.63635715640051, 4.68647918388952, 0.0639902411065922, 0.0130947927469091, 0.0834880176361298
f•«è,Ô$?, 3.46924938070751, 0.527026482877843, 4.63635715640051, 4.68647918388952, 0.0639902411065922, 0.0130947927469091, 0.0834880176361298
/a9µ˛$?, 3.46924938070751, 0.527026482877843, 4.63635715640051, 4.68647918388952, 0.0639902411065922, 0.0130947927469091, 0.0834880176361298
˜Ñ˙‚=%?, 3.46924938070751, 0.527026482877843, 4.63635715640051, 4.68647918388952, 0.0639902411065922, 0.0130947927469091, 0.0834880176361298
øÙìå∆%?, 3.46924938070751, 0.527026482877843, 4.63635715640051, 4.68647918388952, 0.0639902411065922, 0.0130947927469091, 0.0834880176361298
ád-6O-%?, 3.46924938070751, 0.527026482877843, 4.63635715640051, 4.68647918388952, 0.0639902411065922, 0.0130947927469091, 0.0834880176361298
P‘∆ﬂ◊<%?, 3.46924938070751, 0.527026482877843, 4.63635715640051, 4.68647918388952, 0.0639902411065922, 0.0130947927469091, 0.0834880176361298
D`â`L%?, 3.46924938070751, 0.527026482877843, 4.63635715640051, 4.68647918388952, 0.0639902411065922, 0.0130947927469091, 0.0834880176361298
‡≥˘2È[%?, 3.46924938070751, 0.527026482877843, 4.63635715640051, 4.68647918388952, 0.0639902411065922, 0.0130947927469091, 0.0834880176361298
®#ì‹qk%?, 3.46924938070751, 0.527026482877843, 4.63635715640051, 4.68647918388952, 0.0639902411065922, 0.0130947927469091, 0.0834880176361298
qì,Ü˙z%?, 3.46924938070751, 0.527026482877843, 4.63635715640051, 4.68647918388952, 0.0639902411065922, 0.0130947927469091, 0.0834880176361298
9∆/Éä%?, 3.46924938070751, 0.527026482877843, 4.63635715640051, 4.68647918388952, 0.0639902411065922, 0.0130947927469091, 0.0834880176361298
s_Ÿö%?, 3.46924938070751, 0.527026482877843, 4.63635715640051, 4.68647918388952, 0.0639902411065922, 0.0130947927469091, 0.0834880176361298
…‚¯Çî©%?, 3.46924938070751, 0.527026482877843, 4.63635715640051, 4.68647918388952, 0.0639902411065922, 0.0130947927469091, 0.0834880176361298
íRí,π%?, 3.46924938070751, 0.527026482877843, 4.63635715640051, 4.68647918388952, 0.0639902411065922, 0.0130947927469091, 0.0834880176361298
Z¬+÷•»%?, 3.46924938070751, 0.527026482877843, 4.63635715640051, 4.68647918388952, 0.0639902411065922, 0.0130947927469091, 0.0834880176361298
"2≈.ÿ%?, 3.46924938070751, 0.527026482877843, 4.63635715640051, 4.68647918388952, 0.0639902411065922, 0.0130947927469091, 0.0834880176361298
Í°^)∑Á%?, 3.46924938070751, 0.527026482877843, 4.63635715640051, 4.68647918388952, 0.0639902411065922, 0.0130947927469091, 0.0834880176361298
≥¯“?˜%?, 3.46924938070751, 0.527026482877843, 4.63635715640051, 4.68647918388952, 0.0639902411065922, 0.0130947927469091, 0.0834880176361298
{Åë|»&?, 3.46924938070751, 0.527026482877843, 4.63635715640051, 4.68647918388952, 0.0639902411065922, 0.0130947927469091, 0.0834880176361298
CÒ*&Q&?, 3.46924938070751, 0.527026482877843, 4.63635715640051, 4.68647918388952, 0.0639902411065922, 0.0130947927469091, 0.0834880176361298
aƒœŸ%&?, 3.46924938070751, 0.527026482877843, 4.63635715640051, 4.68647918388952, 0.0639902411065922, 0.0130947927469091, 0.0834880176361298
‘–]yb5&?, 3.46924938070751, 0.527026482877843, 4.63635715640051, 4.68647918388952, 0.0639902411065922, 0.0130947927469091, 0.0834880176361298
ú@˜"ÎD&?, 3.46924938070751, 0.527026482877843, 4.63635715640051, 4.68647918388952, 0.0639902411065922, 0.0130947927469091, 0.0834880176361298
d∞êÃsT&?, 3.46924938070751, 0.527026482877843, 4.63635715640051, 4.68647918388952, 0.0639902411065922, 0.0130947927469091, 0.0834880176361298
, *v¸c&?, 3.46924938070751, 0.527026482877843, 4.63635715640051, 4.68647918388952, 0.0639902411065922, 0.0130947927469091, 0.0834880176361298
ıè√Ös&?, 3.46924938070751, 0.527026482877843, 4.63635715640051, 4.68647918388952, 0.0639902411065922, 0.0130947927469091, 0.0834880176361298
Ωˇ\…É&?, 3.46924938070751, 0.527026482877843, 4.63635715640051, 4.68647918388952, 0.0639902411065922, 0.0130947927469091, 0.0834880176361298
Öoˆrñí&?, 3.46924938070751, 0.527026482877843, 4.63635715640051, 4.68647918388952, 0.0639902411065922, 0.0130947927469091, 0.0834880176361298
Mﬂè¢&?, 3.46924938070751, 0.527026482877843, 4.63635715640051, 4.68647918388952, 0.0639902411065922, 0.0130947927469091, 0.0834880176361298
O)∆ß±&?, 3.46924938070751, 0.527026482877843, 4.63635715640051, 4.68647918388952, 0.0639902411065922, 0.0130947927469091, 0.0834880176361298
ﬁæ¬o0¡&?, 3.46924938070751, 0.527026482877843, 4.63635715640051, 4.68647918388952, 0.0639902411065922, 0.0130947927469091, 0.0834880176361298
¶.\π–&?, 3.46924938070751, 0.527026482877843, 4.63635715640051, 4.68647918388952, 0.0639902411065922, 0.0130947927469091, 0.0834880176361298
nûı¬A‡&?, 3.46924938070751, 0.527026482877843, 4.63635715640051, 4.68647918388952, 0.0639902411065922, 0.0130947927469091, 0.0834880176361298
7èl Ô&?, 3.46924938070751, 0.527026482877843, 4.63635715640051, 4.68647918388952, 0.0639902411065922, 0.0130947927469091, 0.0834880176361298
ˇ}(Sˇ&?, 3.46924938070751, 0.527026482877843, 4.63635715640051, 4.68647918388952, 0.0639902411065922, 0.0130947927469091, 0.0834880176361298
«Ì¡ø€'?, 3.46924938070751, 0.527026482877843, 4.63635715640051, 4.68647918388952, 0.0639902411065922, 0.0130947927469091, 0.0834880176361298
è][id'?, 3.46924938070751, 0.527026482877843, 4.63635715640051, 4.68647918388952, 0.0639902411065922, 0.0130947927469091, 0.0834880176361298
XÕÙÌ-'?, 3.46924938070751, 0.527026482877843, 4.63635715640051, 4.68647918388952, 0.0639902411065922, 0.0130947927469091, 0.0834880176361298
 =éºu='?, 3.46924938070751, 0.527026482877843, 4.63635715640051, 4.68647918388952, 0.0639902411065922, 0.0130947927469091, 0.0834880176361298
Ë¨'f˛L'?, 3.46924938070751, 0.527026482877843, 4.63635715640051, 4.68647918388952, 0.0639902411065922, 0.0130947927469091, 0.0834880176361298
∞¡á\'?, 3.46924938070751, 0.527026482877843, 4.63635715640051, 4.68647918388952, 0.0639902411065922, 0.0130947927469091, 0.0834880176361298
yåZπl'?, 3.46924938070751, 0.527026482877843, 4.63635715640051, 4.68647918388952, 0.0639902411065922, 0.0130947927469091, 0.0834880176361298
A¸Ûbò{'?, 3.46924938070751, 0.527026482877843, 4.63635715640051, 4.68647918388952, 0.0639902411065922, 0.0130947927469091, 0.0834880176361298
	lç!ã'?, 3.46924938070751, 0.527026482877843, 4.63635715640051, 4.68647918388952, 0.0639902411065922, 0.0130947927469091, 0.0834880176361298
—€&∂©ö'?, 3.46924938070751, 0.527026482877843, 4.63635715640051, 4.68647918388952, 0.0639902411065922, 0.0130947927469091, 0.0834880176361298
öK¿_2™'?, 3.46924938070751, 0.527026482877843, 4.63635715640051, 4.68647918388952, 0.0639902411065922, 0.0130947927469091, 0.0834880176361298
bªY	ªπ'?, 3.46924938070751, 0.527026482877843, 4.63635715640051, 4.68647918388952, 0.0639902411065922, 0.0130947927469091, 0.0834880176361298
*+Û≤C…'?, 3.46924938070751, 0.527026482877843, 4.63635715640051, 4.68647918388952, 0.0639902411065922, 0.0130947927469091, 0.0834880176361298
Úöå\Ãÿ'?, 3.46924938070751, 0.527026482877843, 4.63635715640051, 4.68647918388952, 0.0639902411065922, 0.0130947927469091, 0.0834880176361298
ª
UË'?, 3.46924938070751, 0.527026482877843, 4.63635715640051, 4.68647918388952, 0.0639902411065922, 0.0130947927469091, 0.0834880176361298
ÉzøØ›˜'?, 3.46924938070751, 0.527026482877843, 4.63635715640051, 4.68647918388952, 0.0639902411065922, 0.0130947927469091, 0.0834880176361298
KÍXYf(?, 3.46924938070751, 0.527026482877843, 4.63635715640051, 4.68647918388952, 0.0639902411065922, 0.0130947927469091, 0.0834880176361298
ZÚÔ(?, 3.46924938070751, 0.527026482877843, 4.63635715640051, 4.68647918388952, 0.0639902411065922, 0.0130947927469091, 0.0834880176361298
‹…ã¨w&(?, 3.46924938070751, 0.527026482877843, 4.63635715640051, 4.68647918388952, 0.0639902411065922, 0.0130947927469091, 0.0834880176361298
§9%V6(?, 3.46924938070751, 0.527026482877843, 4.63635715640051, 4.68647918388952, 0.0639902411065922, 0.0130947927469091, 0.0834880176361298
l©æˇàE(?, 3.46924938070751, 0.527026482877843, 4.63635715640051, 4.68647918388952, 0.0639902411065922, 0.0130947927469091, 0.0834880176361298
4X©U(?, 3.46924938070751, 0.527026482877843, 4.63635715640051, 4.68647918388952, 0.0639902411065922, 0.0130947927469091, 0.0834880176361298
˝àÒRöd(?, 3.46924938070751, 0.527026482877843, 4.63635715640051, 4.68647918388952, 0.0639902411065922, 0.0130947927469091, 0.0834880176361298
≈¯ä¸"t(?, 3.46924938070751, 0.527026482877843, 4.63635715640051, 4.68647918388952, 0.0639902411065922, 0.0130947927469091, 0.0834880176361298
çh$¶´É(?, 3.46924938070751, 0.527026482877843, 4.63635715640051, 4.68647918388952, 0.0639902411065922, 0.0130947927469091, 0.0834880176361298
UÿΩO4ì(?, 3.46924938070751, 0.527026482877843, 4.63635715640051, 4.68647918388952, 0.0639902411065922, 0.0130947927469091, 0.0834880176361298
HW˘º¢(?, 3.46924938070751, 0.527026482877843, 4.63635715640051, 4.68647918388952, 0.0639902411065922, 0.0130947927469091, 0.0834880176361298
Ê∑¢E≤(?, 3.46924938070751, 0.527026482877843, 4.63635715640051, 4.68647918388952, 0.0639902411065922, 0.0130947927469091, 0.0834880176361298
Æ'äLŒ¡(?, 3.46924938070751, 0.527026482877843, 4.63635715640051, 4.68647918388952, 0.0639902411065922, 0.0130947927469091, 0.0834880176361298
vó#ˆV—(?, 3.46924938070751, 0.527026482877843, 4.63635715640051, 4.68647918388952, 0.0639902411065922, 0.0130947927469091, 0.0834880176361298
?Ωüﬂ‡(?, 3.46924938070751, 0.527026482877843, 4.63635715640051, 4.68647918388952, 0.0639902411065922, 0.0130947927469091, 0.0834880176361298
wVIh(?, 3.46924938070751, 0.527026482877843, 4.63635715640051, 4.68647918388952, 0.0639902411065922, 0.0130947927469091, 0.0834880176361298
œÊÔÚˇ(?, 3.46924938070751, 0.527026482877843, 4.63635715640051, 4.68647918388952, 0.0639902411065922, 0.0130947927469091, 0.0834880176361298
óVâúy)?, 3.46924938070751, 0.527026482877843, 4.63635715640051, 4.68647918388952, 0.0639902411065922, 0.0130947927469091, 0.0834880176361298
`∆"F)?, 3.46924938070751, 0.527026482877843, 4.63635715640051, 4.68647918388952, 0.0639902411065922, 0.0130947927469091, 0.0834880176361298
(6ºÔä.)?, 3.46924938070751, 0.527026482877843, 4.63635715640051, 4.68647918388952, 0.0639902411065922, 0.0130947927469091, 0.0834880176361298
•Uô>)?, 3.46924938070751, 0.527026482877843, 4.63635715640051, 4.68647918388952, 0.0639902411065922, 0.0130947927469091, 0.0834880176361298
∏ÔBúM)?, 3.46924938070751, 0.527026482877843, 4.63635715640051, 4.68647918388952, 0.0639902411065922, 0.0130947927469091, 0.0834880176361298
ÅÖàÏ$])?, 3.46924938070751, 0.527026482877843, 4.63635715640051, 4.68647918388952, 0.0639902411065922, 0.0130947927469091, 0.0834880176361298
Iı!ñ≠l)?, 3.46924938070751, 0.527026482877843, 4.63635715640051, 4.68647918388952, 0.0639902411065922, 0.0130947927469091, 0.0834880176361298
eª?6|)?, 3.46924938070751, 0.527026482877843, 4.63635715640051, 4.68647918388952, 0.0639902411065922, 0.0130947927469091, 0.0834880176361298
Ÿ‘TÈæã)?, 3.46924938070751, 0.527026482877843, 4.63635715640051, 4.68647918388952, 0.0639902411065922, 0.0130947927469091, 0.0834880176361298
¢DÓíGõ)?, 3.46924938070751, 0.527026482877843, 4.63635715640051, 4.68647918388952, 0.0639902411065922, 0.0130947927469091, 0.0834880176361298
j¥á<–™)?, 3.46924938070751, 0.527026482877843, 4.63635715640051, 4.68647918388952, 0.0639902411065922, 0.0130947927469091, 0.0834880176361298
2$!ÊX∫)?, 3.46924938070751, 0.527026482877843, 4.63635715640051, 4.68647918388952, 0.0639902411065922, 0.0130947927469091, 0.0834880176361298
˙ì∫è·…)?, 3.46924938070751, 0.527026482877843, 4.63635715640051, 4.68647918388952, 0.0639902411065922, 0.0130947927469091, 0.0834880176361298
√T9jŸ)?, 3.46924938070751, 0.527026482877843, 4.63635715640051, 4.68647918388952, 0.0639902411065922, 0.0130947927469091, 0.0834880176361298
ãsÌ‚ÚË)?, 3.46924938070751, 0.527026482877843, 4.63635715640051, 4.68647918388952, 0.0639902411065922, 0.0130947927469091, 0.0834880176361298
S„Üå{¯)?, 3.46924938070751, 0.527026482877843, 4.63635715640051, 4.68647918388952, 0.0639902411065922, 0.0130947927469091, 0.0834880176361298
S 6*?, 3.46924938070751, 0.527026482877843, 4.63635715640051, 4.68647918388952, 0.0639902411065922, 0.0130947927469091, 0.0834880176361298
‰¬πﬂå*?, 3.46924938070751, 0.527026482877843, 4.63635715640051, 4.68647918388952, 0.0639902411065922, 0.0130947927469091, 0.0834880176361298
¨2Sâ'*?, 3.46924938070751, 0.527026482877843, 4.63635715640051, 4.68647918388952, 0.0639902411065922, 0.0130947927469091, 0.0834880176361298
t¢Ï2û6*?, 3.46924938070751, 0.527026482877843, 4.63635715640051, 4.68647918388952, 0.0639902411065922, 0.0130947927469091, 0.0834880176361298
<Ü‹&F*?, 3.46924938070751, 0.527026482877843, 4.63635715640051, 4.68647918388952, 0.0639902411065922, 0.0130947927469091, 0.0834880176361298
ÇÜØU*?, 3.46924938070751, 0.527026482877843, 4.63635715640051, 4.68647918388952, 0.0639902411065922, 0.0130947927469091, 0.0834880176361298
ÕÒ∏/8e*?, 3.46924938070751, 0.527026482877843, 4.63635715640051, 4.68647918388952, 0.0639902411065922, 0.0130947927469091, 0.0834880176361298
ïaRŸ¿t*?, 3.46924938070751, 0.527026482877843, 4.63635715640051, 4.68647918388952, 0.0639902411065922, 0.0130947927469091, 0.0834880176361298
]—ÎÇIÑ*?, 3.46924938070751, 0.527026482877843, 4.63635715640051, 4.68647918388952, 0.0639902411065922, 0.0130947927469091, 0.0834880176361298
&AÖ,“ì*?, 3.46924938070751, 0.527026482877843, 4.63635715640051, 4.68647918388952, 0.0639902411065922, 0.0130947927469091, 0.0834880176361298
Ó∞÷Z£*?, 3.46924938070751, 0.527026482877843, 4.63635715640051, 4.68647918388952, 0.0639902411065922, 0.0130947927469091, 0.0834880176361298
∂ ∏„≤*?, 3.46924938070751, 0.527026482877843, 4.63635715640051, 4.68647918388952, 0.0639902411065922, 0.0130947927469091, 0.0834880176361298
~êQ)l¬*?, 3.46924938070751, 0.527026482877843, 4.63635715640051, 4.68647918388952, 0.0639902411065922, 0.0130947927469091, 0.0834880176361298
GÎ“Ù—*?, 3.46924938070751, 0.527026482877843, 4.63635715640051, 4.68647918388952, 0.0639902411065922, 0.0130947927469091, 0.0834880176361298
pÑ|}·*?, 3.46924938070751, 0.527026482877843, 4.63635715640051, 4.68647918388952, 0.0639902411065922, 0.0130947927469091, 0.0834880176361298
◊ﬂ&Ò*?, 3.46924938070751, 0.527026482877843, 4.63635715640051, 4.68647918388952, 0.0639902411065922, 0.0130947927469091, 0.0834880176361298
üO∑œé+?, 3.46924938070751, 0.527026482877843, 4.63635715640051, 4.68647918388952, 0.0639902411065922, 0.0130947927469091, 0.0834880176361298
høPy+?, 3.46924938070751, 0.527026482877843, 4.63635715640051, 4.68647918388952, 0.0639902411065922, 0.0130947927469091, 0.0834880176361298
0/Í", 3.46924938070751, 0.527026482877843, 4.63635715640051, 4.68647918388952, 0.0639902411065922, 0.0130947927469091, 0.0834880176361298
¯ûÉÃ(/+?, 3.46924938070751, 0.527026482877843, 4.63635715640051, 4.68647918388952, 0.0639902411065922, 0.0130947927469091, 0.0834880176361298
¿v±>+?, 3.46924938070751, 0.527026482877843, 4.63635715640051, 4.68647918388952, 0.0639902411065922, 0.0130947927469091, 0.0834880176361298
â~∂:N+?, 3.46924938070751, 0.527026482877843, 4.63635715640051, 4.68647918388952, 0.0639902411065922, 0.0130947927469091, 0.0834880176361298
QÓO…¬]+?, 3.46924938070751, 0.527026482877843, 4.63635715640051, 4.68647918388952, 0.0639902411065922, 0.0130947927469091, 0.0834880176361298
^ÈrKm+?, 3.46924938070751, 0.527026482877843, 4.63635715640051, 4.68647918388952, 0.0639902411065922, 0.0130947927469091, 0.0834880176361298
·ÕÇ‘|+?, 3.46924938070751, 0.527026482877843, 4.63635715640051, 4.68647918388952, 0.0639902411065922, 0.0130947927469091, 0.0834880176361298
™=∆\å+?, 3.46924938070751, 0.527026482877843, 4.63635715640051, 4.68647918388952, 0.0639902411065922, 0.0130947927469091, 0.0834880176361298
r≠µoÂõ+?, 3.46924938070751, 0.527026482877843, 4.63635715640051, 4.68647918388952, 0.0639902411065922, 0.0130947927469091, 0.0834880176361298
:On´+?, 3.46924938070751, 0.527026482877843, 4.63635715640051, 4.68647918388952, 0.0639902411065922, 0.0130947927469091, 0.0834880176361298
çË¬ˆ∫+?, 3.46924938070751, 0.527026482877843, 4.63635715640051, 4.68647918388952, 0.0639902411065922, 0.0130947927469091, 0.0834880176361298
À¸Ål +?, 3.46924938070751, 0.527026482877843, 4.63635715640051, 4.68647918388952, 0.0639902411065922, 0.0130947927469091, 0.0834880176361298
ìl⁄+?, 3.46924938070751, 0.527026482877843, 4.63635715640051, 4.68647918388952, 0.0639902411065922, 0.0130947927469091, 0.0834880176361298
[‹¥øêÈ+?, 3.46924938070751, 0.527026482877843, 4.63635715640051, 4.68647918388952, 0.0639902411065922, 0.0130947927469091, 0.0834880176361298
#LNi˘+?, 3.46924938070751, 0.527026482877843, 4.63635715640051, 4.68647918388952, 0.0639902411065922, 0.0130947927469091, 0.0834880176361298
ÏªÁ¢,?, 3.46924938070751, 0.527026482877843, 4.63635715640051, 4.68647918388952, 0.0639902411065922, 0.0130947927469091, 0.0834880176361298
¥+Åº*,?, 3.46924938070751, 0.527026482877843, 4.63635715640051, 4.68647918388952, 0.0639902411065922, 0.0130947927469091, 0.0834880176361298
|õf≥',?, 3.46924938070751, 0.527026482877843, 4.63635715640051, 4.68647918388952, 0.0639902411065922, 0.0130947927469091, 0.0834880176361298
D¥<7,?, 3.46924938070751, 0.527026482877843, 4.63635715640051, 4.68647918388952, 0.0639902411065922, 0.0130947927469091, 0.0834880176361298
{MπƒF,?, 3.46924938070751, 0.527026482877843, 4.63635715640051, 4.68647918388952, 0.0639902411065922, 0.0130947927469091, 0.0834880176361298
’ÍÊbMV,?, 3.46924938070751, 0.527026482877843, 4.63635715640051, 4.68647918388952, 0.0639902411065922, 0.0130947927469091, 0.0834880176361298
ùZÄ÷e,?, 3.46924938070751, 0.527026482877843, 4.63635715640051, 4.68647918388952, 0.0639902411065922, 0.0130947927469091, 0.0834880176361298
e ∂^u,?, 3.46924938070751, 0.527026482877843, 4.63635715640051, 4.68647918388952, 0.0639902411065922, 0.0130947927469091, 0.0834880176361298
.:≥_ÁÑ,?, 3.46924938070751, 0.527026482877843, 4.63635715640051, 4.68647918388952, 0.0639902411065922, 0.0130947927469091, 0.0834880176361298
ˆ©L	pî,?, 3.46924938070751, 0.527026482877843, 4.63635715640051, 4.68647918388952, 0.0639902411065922, 0.0130947927469091, 0.0834880176361298
æÊ≤¯£,?, 3.46924938070751, 0.527026482877843, 4.63635715640051, 4.68647918388952, 0.0639902411065922, 0.0130947927469091, 0.0834880176361298
Üâ\Å≥,?, 3.46924938070751, 0.527026482877843, 4.63635715640051, 4.68647918388952, 0.0639902411065922, 0.0130947927469091, 0.0834880176361298
O˘
,?, 3.46924938070751, 0.527026482877843, 4.63635715640051, 4.68647918388952, 0.0639902411065922, 0.0130947927469091, 0.0834880176361298
i≤Øí“,?, 3.46924938070751, 0.527026482877843, 4.63635715640051, 4.68647918388952, 0.0639902411065922, 0.0130947927469091, 0.0834880176361298
ﬂÿKY‚,?, 3.46924938070751, 0.527026482877843, 4.63635715640051, 4.68647918388952, 0.0639902411065922, 0.0130947927469091, 0.0834880176361298
ßHÂ§Ò,?, 3.46924938070751, 0.527026482877843, 4.63635715640051, 4.68647918388952, 0.0639902411065922, 0.0130947927469091, 0.0834880176361298
p∏~¨,-?, 3.46924938070751, 0.527026482877843, 4.63635715640051, 4.68647918388952, 0.0639902411065922, 0.0130947927469091, 0.0834880176361298
8(Vµ-?, 3.46924938070751, 0.527026482877843, 4.63635715640051, 4.68647918388952, 0.0639902411065922, 0.0130947927469091, 0.0834880176361298
ò±ˇ= -?, 3.46924938070751, 0.527026482877843, 4.63635715640051, 4.68647918388952, 0.0639902411065922, 0.0130947927469091, 0.0834880176361298
»K©∆/-?, 3.46924938070751, 0.527026482877843, 4.63635715640051, 4.68647918388952, 0.0639902411065922, 0.0130947927469091, 0.0834880176361298
êw‰RO?-?, 3.46924938070751, 0.527026482877843, 4.63635715640051, 4.68647918388952, 0.0639902411065922, 0.0130947927469091, 0.0834880176361298
YÁ}¸◊N-?, 3.46924938070751, 0.527026482877843, 4.63635715640051, 4.68647918388952, 0.0639902411065922, 0.0130947927469091, 0.0834880176361298
!W¶`^-?, 3.46924938070751, 0.527026482877843, 4.63635715640051, 4.68647918388952, 0.0639902411065922, 0.0130947927469091, 0.0834880176361298
È∆∞OÈm-?, 3.46924938070751, 0.527026482877843, 4.63635715640051, 4.68647918388952, 0.0639902411065922, 0.0130947927469091, 0.0834880176361298
±6J˘q}-?, 3.46924938070751, 0.527026482877843, 4.63635715640051, 4.68647918388952, 0.0639902411065922, 0.0130947927469091, 0.0834880176361298
z¶„¢˙å-?, 3.46924938070751, 0.527026482877843, 4.63635715640051, 4.68647918388952, 0.0639902411065922, 0.0130947927469091, 0.0834880176361298
B}LÉú-?, 3.46924938070751, 0.527026482877843, 4.63635715640051, 4.68647918388952, 0.0639902411065922, 0.0130947927469091, 0.0834880176361298

ˆ¨-?, 3.46924938070751, 0.527026482877843, 4.63635715640051, 4.68647918388952, 0.0639902411065922, 0.0130947927469091, 0.0834880176361298
“ıØüîª-?, 3.46924938070751, 0.527026482877843, 4.63635715640051, 4.68647918388952, 0.0639902411065922, 0.0130947927469091, 0.0834880176361298
õeIIÀ-?, 3.46924938070751, 0.527026482877843, 4.63635715640051, 4.68647918388952, 0.0639902411065922, 0.0130947927469091, 0.0834880176361298
c’‚Ú•⁄-?, 3.46924938070751, 0.527026482877843, 4.63635715640051, 4.68647918388952, 0.0639902411065922, 0.0130947927469091, 0.0834880176361298
+E|ú.Í-?, 3.46924938070751, 0.527026482877843, 4.63635715640051, 4.68647918388952, 0.0639902411065922, 0.0130947927469091, 0.0834880176361298
Û¥F∑˘-?, 3.46924938070751, 0.527026482877843, 4.63635715640051, 4.68647918388952, 0.0639902411065922, 0.0130947927469091, 0.0834880176361298
º$ØÔ?	.?, 3.46924938070751, 0.527026482877843, 4.63635715640051, 4.68647918388952, 0.0639902411065922, 0.0130947927469091, 0.0834880176361298
ÑîHô».?, 3.46924938070751, 0.527026482877843, 4.63635715640051, 4.68647918388952, 0.0639902411065922, 0.0130947927469091, 0.0834880176361298
L‚BQ(.?, 3.46924938070751, 0.527026482877843, 4.63635715640051, 4.68647918388952, 0.0639902411065922, 0.0130947927469091, 0.0834880176361298
t{ÏŸ7.?, 3.46924938070751, 0.527026482877843, 4.63635715640051, 4.68647918388952, 0.0639902411065922, 0.0130947927469091, 0.0834880176361298
›„ñbG.?, 3.46924938070751, 0.527026482877843, 4.63635715640051, 4.68647918388952, 0.0639902411065922, 0.0130947927469091, 0.0834880176361298
•SÆ?ÎV.?, 3.46924938070751, 0.527026482877843, 4.63635715640051, 4.68647918388952, 0.0639902411065922, 0.0130947927469091, 0.0834880176361298
m√GÈsf.?, 3.46924938070751, 0.527026482877843, 4.63635715640051, 4.68647918388952, 0.0639902411065922, 0.0130947927469091, 0.0834880176361298
53·í¸u.?, 3.46924938070751, 0.527026482877843, 4.63635715640051, 4.68647918388952, 0.0639902411065922, 0.0130947927469091, 0.0834880176361298
˛¢z<ÖÖ.?, 3.46924938070751, 0.527026482877843, 4.63635715640051, 4.68647918388952, 0.0639902411065922, 0.0130947927469091, 0.0834880176361298
∆Êï.?, 3.46924938070751, 0.527026482877843, 4.63635715640051, 4.68647918388952, 0.0639902411065922, 0.0130947927469091, 0.0834880176361298
éÇ≠èñ§.?, 3.46924938070751, 0.527026482877843, 4.63635715640051, 4.68647918388952, 0.0639902411065922, 0.0130947927469091, 0.0834880176361298
VÚF9¥.?, 3.46924938070751, 0.527026482877843, 4.63635715640051, 4.68647918388952, 0.0639902411065922, 0.0130947927469091, 0.0834880176361298
b‡‚ß√.?, 3.46924938070751, 0.527026482877843, 4.63635715640051, 4.68647918388952, 0.0639902411065922, 0.0130947927469091, 0.0834880176361298
Á—yå0”.?, 3.46924938070751, 0.527026482877843, 4.63635715640051, 4.68647918388952, 0.0639902411065922, 0.0130947927469091, 0.0834880176361298
ØA6π‚.?, 3.46924938070751, 0.527026482877843, 4.63635715640051, 4.68647918388952, 0.0639902411065922, 0.0130947927469091, 0.0834880176361298
w±¨ﬂAÚ.?, 3.46924938070751, 0.527026482877843, 4.63635715640051, 4.68647918388952, 0.0639902411065922, 0.0130947927469091, 0.0834880176361298
@!Fâ /?, 3.46924938070751, 0.527026482877843, 4.63635715640051, 4.68647918388952, 0.0639902411065922, 0.0130947927469091, 0.0834880176361298
ëﬂ2S/?, 3.46924938070751, 0.527026482877843, 4.63635715640051, 4.68647918388952, 0.0639902411065922, 0.0130947927469091, 0.0834880176361298
–y‹€ /?, 3.46924938070751, 0.527026482877843, 4.63635715640051, 4.68647918388952, 0.0639902411065922, 0.0130947927469091, 0.0834880176361298
òpÜd0/?, 3.46924938070751, 0.527026482877843, 4.63635715640051, 4.68647918388952, 0.0639902411065922, 0.0130947927469091, 0.0834880176361298
a‡´/Ì?/?, 3.46924938070751, 0.527026482877843, 4.63635715640051, 4.68647918388952, 0.0639902411065922, 0.0130947927469091, 0.0834880176361298
)PEŸuO/?, 3.46924938070751, 0.527026482877843, 4.63635715640051, 4.68647918388952, 0.0639902411065922, 0.0130947927469091, 0.0834880176361298
ÒøﬁÇ˛^/?, 3.46924938070751, 0.527026482877843, 4.63635715640051, 4.68647918388952, 0.0639902411065922, 0.0130947927469091, 0.0834880176361298
π/x,án/?, 3.46924938070751, 0.527026482877843, 4.63635715640051, 4.68647918388952, 0.0639902411065922, 0.0130947927469091, 0.0834880176361298
Çü÷~/?, 3.46924938070751, 0.527026482877843, 4.63635715640051, 4.68647918388952, 0.0639902411065922, 0.0130947927469091, 0.0834880176361298
J´òç/?, 3.46924938070751, 0.527026482877843, 4.63635715640051, 4.68647918388952, 0.0639902411065922, 0.0130947927469091, 0.0834880176361298
D)!ù/?, 3.46924938070751, 0.527026482877843, 4.63635715640051, 4.68647918388952, 0.0639902411065922, 0.0130947927469091, 0.0834880176361298
⁄Ó›“©¨/?, 3.46924938070751, 0.527026482877843, 4.63635715640051, 4.68647918388952, 0.0639902411065922, 0.0130947927469091, 0.0834880176361298
£^w|2º/?, 3.46924938070751, 0.527026482877843, 4.63635715640051, 4.68647918388952, 0.0639902411065922, 0.0130947927469091, 0.0834880176361298
kŒ&ªÀ/?, 3.46924938070751, 0.527026482877843, 4.63635715640051, 4.68647918388952, 0.0639902411065922, 0.0130947927469091, 0.0834880176361298
3>™œC€/?, 3.46924938070751, 0.527026482877843, 4.63635715640051, 4.68647918388952, 0.0639902411065922, 0.0130947927469091, 0.0834880176361298
˚≠CyÃÍ/?, 3.46924938070751, 0.527026482877843, 4.63635715640051, 4.68647918388952, 0.0639902411065922, 0.0130947927469091, 0.0834880176361298
ƒ›"U˙/?, 3.46924938070751, 0.527026482877843, 4.63635715640051, 4.68647918388952, 0.0639902411065922, 0.0130947927469091, 0.0834880176361298
∆F;ÊÓ0?, 3.46924938070751, 0.527026482877843, 4.63635715640051, 4.68647918388952, 0.0639902411065922, 0.0130947927469091, 0.0834880176361298
™˛;≥0?, 3.46924938070751, 0.527026482877843, 4.63635715640051, 4.68647918388952, 0.0639902411065922, 0.0130947927469091, 0.0834880176361298
é∂‘èw0?, 3.46924938070751, 0.527026482877843, 4.63635715640051, 4.68647918388952, 0.0639902411065922, 0.0130947927469091, 0.0834880176361298
rn°‰;0?, 3.46924938070751, 0.527026482877843, 4.63635715640051, 4.68647918388952, 0.0639902411065922, 0.0130947927469091, 0.0834880176361298
V&n9$0?, 3.46924938070751, 0.527026482877843, 4.63635715640051, 4.68647918388952, 0.0639902411065922, 0.0130947927469091, 0.0834880176361298
;ﬁ:éƒ+0?, 3.46924938070751, 0.527026482877843, 4.63635715640051, 4.68647918388952, 0.0639902411065922, 0.0130947927469091, 0.0834880176361298
ñ„à30?, 3.46924938070751, 0.527026482877843, 4.63635715640051, 4.68647918388952, 0.0639902411065922, 0.0130947927469091, 0.0834880176361298
N‘7M;0?, 3.46924938070751, 0.527026482877843, 4.63635715640051, 4.68647918388952, 0.0639902411065922, 0.0130947927469091, 0.0834880176361298
Á°åC0?, 3.46924938070751, 0.527026482877843, 4.63635715640051, 4.68647918388952, 0.0639902411065922, 0.0130947927469091, 0.0834880176361298
ÀΩm·’J0?, 3.46924938070751, 0.527026482877843, 4.63635715640051, 4.68647918388952, 0.0639902411065922, 0.0130947927469091, 0.0834880176361298
Øu:6öR0?, 3.46924938070751, 0.527026482877843, 4.63635715640051, 4.68647918388952, 0.0639902411065922, 0.0130947927469091, 0.0834880176361298
ì-ã^Z0?, 3.46924938070751, 0.527026482877843, 4.63635715640051, 4.68647918388952, 0.0639902411065922, 0.0130947927469091, 0.0834880176361298
wÂ”ﬂ"b0?, 3.46924938070751, 0.527026482877843, 4.63635715640051, 4.68647918388952, 0.0639902411065922, 0.0130947927469091, 0.0834880176361298
\ù, 3.46924938070751, 0.527026482877843, 4.63635715640051, 4.68647918388952, 0.0639902411065922, 0.0130947927469091, 0.0834880176361298
@Umâ´q0?, 3.46924938070751, 0.527026482877843, 4.63635715640051, 4.68647918388952, 0.0639902411065922, 0.0130947927469091, 0.0834880176361298
$:ﬁoy0?, 3.46924938070751, 0.527026482877843, 4.63635715640051, 4.68647918388952, 0.0639902411065922, 0.0130947927469091, 0.0834880176361298
≈34Å0?, 3.46924938070751, 0.527026482877843, 4.63635715640051, 4.68647918388952, 0.0639902411065922, 0.0130947927469091, 0.0834880176361298
Ï|”á¯à0?, 3.46924938070751, 0.527026482877843, 4.63635715640051, 4.68647918388952, 0.0639902411065922, 0.0130947927469091, 0.0834880176361298
–4, 3.46924938070751, 0.527026482877843, 4.63635715640051, 4.68647918388952, 0.0639902411065922, 0.0130947927469091, 0.0834880176361298
¥Ïl1Åò0?, 3.46924938070751, 0.527026482877843, 4.63635715640051, 4.68647918388952, 0.0639902411065922, 0.0130947927469091, 0.0834880176361298
ò§9ÜE, 3.46924938070751, 0.527026482877843, 4.63635715640051, 4.68647918388952, 0.0639902411065922, 0.0130947927469091, 0.0834880176361298
}\€	®0?, 3.46924938070751, 0.527026482877843, 4.63635715640051, 4.68647918388952, 0.0639902411065922, 0.0130947927469091, 0.0834880176361298
a”/ŒØ0?, 3.46924938070751, 0.527026482877843, 4.63635715640051, 4.68647918388952, 0.0639902411065922, 0.0130947927469091, 0.0834880176361298
EÃüÑí∑0?, 3.46924938070751, 0.527026482877843, 4.63635715640051, 4.68647918388952, 0.0639902411065922, 0.0130947927469091, 0.0834880176361298
)ÑlŸVø0?, 3.46924938070751, 0.527026482877843, 4.63635715640051, 4.68647918388952, 0.0639902411065922, 0.0130947927469091, 0.0834880176361298
<9.«0?, 3.46924938070751, 0.527026482877843, 4.63635715640051, 4.68647918388952, 0.0639902411065922, 0.0130947927469091, 0.0834880176361298
ÒÛÉﬂŒ0?, 3.46924938070751, 0.527026482877843, 4.63635715640051, 4.68647918388952, 0.0639902411065922, 0.0130947927469091, 0.0834880176361298
’´“◊£÷0?, 3.46924938070751, 0.527026482877843, 4.63635715640051, 4.68647918388952, 0.0639902411065922, 0.0130947927469091, 0.0834880176361298
πcü,hﬁ0?, 3.46924938070751, 0.527026482877843, 4.63635715640051, 4.68647918388952, 0.0639902411065922, 0.0130947927469091, 0.0834880176361298
ûlÅ,Ê0?, 3.46924938070751, 0.527026482877843, 4.63635715640051, 4.68647918388952, 0.0639902411065922, 0.0130947927469091, 0.0834880176361298
Ç”8÷Ì0?, 3.46924938070751, 0.527026482877843, 4.63635715640051, 4.68647918388952, 0.0639902411065922, 0.0130947927469091, 0.0834880176361298
fã+µı0?, 3.46924938070751, 0.527026482877843, 4.63635715640051, 4.68647918388952, 0.0639902411065922, 0.0130947927469091, 0.0834880176361298
JC“y˝0?, 3.46924938070751, 0.527026482877843, 4.63635715640051, 4.68647918388952, 0.0639902411065922, 0.0130947927469091, 0.0834880176361298
.˚û‘=1?, 3.46924938070751, 0.527026482877843, 4.63635715640051, 4.68647918388952, 0.0639902411065922, 0.0130947927469091, 0.0834880176361298
≥k)1?, 3.46924938070751, 0.527026482877843, 4.63635715640051, 4.68647918388952, 0.0639902411065922, 0.0130947927469091, 0.0834880176361298
ˆj8~∆1?, 3.46924938070751, 0.527026482877843, 4.63635715640051, 4.68647918388952, 0.0639902411065922, 0.0130947927469091, 0.0834880176361298
⁄"”ä1?, 3.46924938070751, 0.527026482877843, 4.63635715640051, 4.68647918388952, 0.0639902411065922, 0.0130947927469091, 0.0834880176361298
ø⁄—'O$1?, 3.46924938070751, 0.527026482877843, 4.63635715640051, 4.68647918388952, 0.0639902411065922, 0.0130947927469091, 0.0834880176361298
£íû|,1?, 3.46924938070751, 0.527026482877843, 4.63635715640051, 4.68647918388952, 0.0639902411065922, 0.0130947927469091, 0.0834880176361298
áJk—◊31?, 3.46924938070751, 0.527026482877843, 4.63635715640051, 4.68647918388952, 0.0639902411065922, 0.0130947927469091, 0.0834880176361298
k8&ú;1?, 3.46924938070751, 0.527026482877843, 4.63635715640051, 4.68647918388952, 0.0639902411065922, 0.0130947927469091, 0.0834880176361298
O∫{`C1?, 3.46924938070751, 0.527026482877843, 4.63635715640051, 4.68647918388952, 0.0639902411065922, 0.0130947927469091, 0.0834880176361298
3r—œ$K1?, 3.46924938070751, 0.527026482877843, 4.63635715640051, 4.68647918388952, 0.0639902411065922, 0.0130947927469091, 0.0834880176361298
*û$ÈR1?, 3.46924938070751, 0.527026482877843, 4.63635715640051, 4.68647918388952, 0.0639902411065922, 0.0130947927469091, 0.0834880176361298
˚·jy≠Z1?, 3.46924938070751, 0.527026482877843, 4.63635715640051, 4.68647918388952, 0.0639902411065922, 0.0130947927469091, 0.0834880176361298
‡ô7Œqb1?, 3.46924938070751, 0.527026482877843, 4.63635715640051, 4.68647918388952, 0.0639902411065922, 0.0130947927469091, 0.0834880176361298
ƒQ#6j1?, 3.46924938070751, 0.527026482877843, 4.63635715640051, 4.68647918388952, 0.0639902411065922, 0.0130947927469091, 0.0834880176361298
®	—w˙q1?, 3.46924938070751, 0.527026482877843, 4.63635715640051, 4.68647918388952, 0.0639902411065922, 0.0130947927469091, 0.0834880176361298
å¡ùÃæy1?, 3.46924938070751, 0.527026482877843, 4.63635715640051, 4.68647918388952, 0.0639902411065922, 0.0130947927469091, 0.0834880176361298
pyj!ÉÅ1?, 3.46924938070751, 0.527026482877843, 4.63635715640051, 4.68647918388952, 0.0639902411065922, 0.0130947927469091, 0.0834880176361298
T17vGâ1?, 3.46924938070751, 0.527026482877843, 4.63635715640051, 4.68647918388952, 0.0639902411065922, 0.0130947927469091, 0.0834880176361298
8ÈÀë1?, 3.46924938070751, 0.527026482877843, 4.63635715640051, 4.68647918388952, 0.0639902411065922, 0.0130947927469091, 0.0834880176361298
°––ò1?, 3.46924938070751, 0.527026482877843, 4.63635715640051, 4.68647918388952, 0.0639902411065922, 0.0130947927469091, 0.0834880176361298
Yùtî, 3.46924938070751, 0.527026482877843, 4.63635715640051, 4.68647918388952, 0.0639902411065922, 0.0130947927469091, 0.0834880176361298
Âj…X®1?, 3.46924938070751, 0.527026482877843, 4.63635715640051, 4.68647918388952, 0.0639902411065922, 0.0130947927469091, 0.0834880176361298
…»6∞1?, 3.46924938070751, 0.527026482877843, 4.63635715640051, 4.68647918388952, 0.0639902411065922, 0.0130947927469091, 0.0834880176361298
≠Äs·∑1?, 3.46924938070751, 0.527026482877843, 4.63635715640051, 4.68647918388952, 0.0639902411065922, 0.0130947927469091, 0.0834880176361298
ë8–«•ø1?, 3.46924938070751, 0.527026482877843, 4.63635715640051, 4.68647918388952, 0.0639902411065922, 0.0130947927469091, 0.0834880176361298
uúj«1?, 3.46924938070751, 0.527026482877843, 4.63635715640051, 4.68647918388952, 0.0639902411065922, 0.0130947927469091, 0.0834880176361298
Y®iq.œ1?, 3.46924938070751, 0.527026482877843, 4.63635715640051, 4.68647918388952, 0.0639902411065922, 0.0130947927469091, 0.0834880176361298
=`6∆Ú÷1?, 3.46924938070751, 0.527026482877843, 4.63635715640051, 4.68647918388952, 0.0639902411065922, 0.0130947927469091, 0.0834880176361298
"∑ﬁ1?, 3.46924938070751, 0.527026482877843, 4.63635715640051, 4.68647918388952, 0.0639902411065922, 0.0130947927469091, 0.0834880176361298
–œo{Ê1?, 3.46924938070751, 0.527026482877843, 4.63635715640051, 4.68647918388952, 0.0639902411065922, 0.0130947927469091, 0.0834880176361298
Íáúƒ?Ó1?, 3.46924938070751, 0.527026482877843, 4.63635715640051, 4.68647918388952, 0.0639902411065922, 0.0130947927469091, 0.0834880176361298
Œ?iˆ1?, 3.46924938070751, 0.527026482877843, 4.63635715640051, 4.68647918388952, 0.0639902411065922, 0.0130947927469091, 0.0834880176361298
≤˜5n»˝1?, 3.46924938070751, 0.527026482877843, 4.63635715640051, 4.68647918388952, 0.0639902411065922, 0.0130947927469091, 0.0834880176361298
ñØ√å2?, 3.46924938070751, 0.527026482877843, 4.63635715640051, 4.68647918388952, 0.0639902411065922, 0.0130947927469091, 0.0834880176361298
zgœQ2?, 3.46924938070751, 0.527026482877843, 4.63635715640051, 4.68647918388952, 0.0639902411065922, 0.0130947927469091, 0.0834880176361298
^úl2?, 3.46924938070751, 0.527026482877843, 4.63635715640051, 4.68647918388952, 0.0639902411065922, 0.0130947927469091, 0.0834880176361298
C◊h¡Ÿ2?, 3.46924938070751, 0.527026482877843, 4.63635715640051, 4.68647918388952, 0.0639902411065922, 0.0130947927469091, 0.0834880176361298
'è5û$2?, 3.46924938070751, 0.527026482877843, 4.63635715640051, 4.68647918388952, 0.0639902411065922, 0.0130947927469091, 0.0834880176361298
Gkb,2?, 3.46924938070751, 0.527026482877843, 4.63635715640051, 4.68647918388952, 0.0639902411065922, 0.0130947927469091, 0.0834880176361298
Ô˛Œø&42?, 3.46924938070751, 0.527026482877843, 4.63635715640051, 4.68647918388952, 0.0639902411065922, 0.0130947927469091, 0.0834880176361298
