hour, t(sec), V1, VAngle1, V2, VAngle2, V3, VAngle3, I1, IAngle1, I2, IAngle2, I3, IAngle3
1, 0.00000, 2507.9, -0.423244, 2453.41, -120.421, 2450.6, 118.75, 8.2529, -11.9004, 10.1077, -131.894, 21.0319, 107.234
2, 0.00000, 2509.33, -0.40726, 2457.02, -120.405, 2454.35, 118.799, 7.93693, -11.8831, 9.7121, -131.878, 20.2062, 107.285
3, 0.00000, 2510.59, -0.393327, 2460.18, -120.391, 2457.63, 118.841, 7.6612, -11.8679, 9.36734, -131.864, 19.4869, 107.33
4, 0.00000, 2511.53, -0.382848, 2462.52, -120.381, 2460.06, 118.873, 7.45453, -11.8564, 9.11061, -131.854, 18.9515, 107.364
5, 0.00000, 2512.04, -0.377278, 2463.79, -120.375, 2461.38, 118.89, 7.3439, -11.8503, 8.97193, -131.848, 18.6623, 107.382
6, 0.00000, 2512.26, -0.374776, 2464.37, -120.373, 2461.97, 118.898, 7.29412, -11.8476, 8.90943, -131.846, 18.5319, 107.39
7, 0.00000, 2513.65, -0.359375, 2467.84, -120.357, 2465.57, 118.945, 6.98918, -11.8307, 8.52954, -131.83, 17.7398, 107.44
8, 0.00000, 2513.87, -0.356982, 2468.38, -120.355, 2466.13, 118.952, 6.94185, -11.8281, 8.47077, -131.828, 17.6173, 107.447
9, 0.00000, 2513.88, -0.356864, 2468.41, -120.355, 2466.16, 118.952, 6.93932, -11.8279, 8.46732, -131.828, 17.6101, 107.448
10, 0.00000, 2514.11, -0.354285, 2468.99, -120.352, 2466.76, 118.96, 6.88844, -11.8251, 8.40437, -131.825, 17.4789, 107.456
11, 0.00000, 2514.57, -0.349291, 2470.1, -120.347, 2467.92, 118.975, 6.78976, -11.8196, 8.28202, -131.82, 17.2238, 107.472
12, 0.00000, 2515.01, -0.344351, 2471.22, -120.342, 2469.07, 118.99, 6.69194, -11.8141, 8.16047, -131.815, 16.9704, 107.488
13, 0.00000, 2515.23, -0.341967, 2471.76, -120.34, 2469.63, 118.998, 6.64449, -11.8115, 8.10122, -131.813, 16.8469, 107.496
14, 0.00000, 2514.72, -0.347596, 2470.51, -120.345, 2468.33, 118.981, 6.75528, -11.8177, 8.23778, -131.818, 17.1317, 107.477
15, 0.00000, 2515.27, -0.341557, 2471.84, -120.339, 2469.72, 118.999, 6.63666, -11.811, 8.09195, -131.812, 16.8276, 107.497
16, 0.00000, 2515.18, -0.342522, 2471.64, -120.34, 2469.51, 118.996, 6.6552, -11.8121, 8.11408, -131.813, 16.8738, 107.494
17, 0.00000, 2514.78, -0.346915, 2470.66, -120.345, 2468.49, 118.983, 6.74189, -11.817, 8.2213, -131.818, 17.0973, 107.479
18, 0.00000, 2514.69, -0.347896, 2470.43, -120.346, 2468.25, 118.98, 6.76162, -11.818, 8.24624, -131.819, 17.1493, 107.476
19, 0.00000, 2514.68, -0.348053, 2470.4, -120.346, 2468.22, 118.979, 6.76479, -11.8182, 8.25031, -131.819, 17.1577, 107.476
20, 0.00000, 2513.78, -0.357984, 2468.18, -120.356, 2465.92, 118.949, 6.96062, -11.8292, 8.49246, -131.829, 17.6626, 107.444
21, 0.00000, 2512.88, -0.367878, 2465.95, -120.366, 2463.61, 118.919, 7.1565, -11.8401, 8.73623, -131.839, 18.1708, 107.412
22, 0.00000, 2512.83, -0.368438, 2465.8, -120.366, 2463.46, 118.917, 7.16838, -11.8407, 8.75231, -131.839, 18.2043, 107.41
23, 0.00000, 2511.68, -0.381252, 2462.91, -120.379, 2460.46, 118.878, 7.42193, -11.8547, 9.06825, -131.852, 18.8632, 107.369
24, 0.00000, 2510.9, -0.389906, 2460.98, -120.388, 2458.45, 118.852, 7.59261, -11.8642, 9.28019, -131.861, 19.3052, 107.341
25, 0.00000, 2509.31, -0.407463, 2456.99, -120.405, 2454.31, 118.798, 7.94057, -11.8833, 9.7161, -131.879, 20.2147, 107.285
26, 0.00000, 2508.31, -0.418629, 2454.48, -120.416, 2451.71, 118.765, 8.16074, -11.8954, 9.99032, -131.89, 20.7868, 107.249
27, 0.00000, 2506.59, -0.437805, 2450.11, -120.435, 2447.17, 118.705, 8.54068, -11.9162, 10.4683, -131.909, 21.7845, 107.187
28, 0.00000, 2508.73, -0.41392, 2455.51, -120.412, 2452.79, 118.778, 8.06878, -11.8903, 9.87729, -131.885, 20.5508, 107.264
29, 0.00000, 2508.55, -0.415922, 2455.07, -120.414, 2452.33, 118.772, 8.10796, -11.8925, 9.92565, -131.887, 20.6518, 107.258
30, 0.00000, 2508.52, -0.416279, 2454.99, -120.414, 2452.24, 118.771, 8.11515, -11.8929, 9.9349, -131.887, 20.6711, 107.256
31, 0.00000, 2508.62, -0.415131, 2455.24, -120.413, 2452.5, 118.775, 8.09256, -11.8916, 9.90684, -131.886, 20.6126, 107.26
32, 0.00000, 2513.86, -0.328964, 2460.57, -120.341, 2458.74, 118.864, 7.66634, -12.3852, 9.23993, -132.587, 19.2932, 106.632
33, 0.00000, 2522.13, -0.198561, 2469.05, -120.232, 2468.51, 119.004, 6.99265, -13.2834, 8.19502, -133.908, 17.2253, 105.457
34, 0.00000, 2530.56, -0.0643424, 2478.08, -120.118, 2478.8, 119.154, 6.3344, -14.4328, 7.0996, -135.733, 15.0574, 103.853
35, 0.00000, 2523.76, -0.176757, 2472.02, -120.212, 2471.66, 119.047, 6.74996, -13.415, 7.86046, -134.113, 16.5388, 105.296
36, 0.00000, 2533.4, -0.0233006, 2482.64, -120.081, 2483.69, 119.222, 5.97163, -14.8392, 6.58182, -136.416, 14.0052, 103.279
37, 0.00000, 2539.15, 0.0666853, 2489.68, -120.003, 2491.51, 119.334, 5.44428, -15.9021, 5.75689, -138.294, 12.3589, 101.665
38, 0.00000, 2543.41, 0.133413, 2494.86, -119.946, 2497.27, 119.418, 5.05578, -16.8446, 5.15362, -140.084, 11.1542, 100.145
39, 0.00000, 2540.77, 0.0877293, 2492.92, -119.984, 2494.91, 119.38, 5.17357, -16.2186, 5.39951, -138.881, 11.623, 101.18
40, 0.00000, 2539.44, 0.0638172, 2492.2, -120.003, 2493.96, 119.364, 5.20737, -15.9072, 5.49834, -138.303, 11.8043, 101.687
41, 0.00000, 2547.07, 0.186467, 2500.47, -119.899, 2503.32, 119.502, 4.60678, -17.7967, 4.52425, -142.015, 9.87465, 98.5423
42, 0.00000, 2547.49, 0.190826, 2501.59, -119.894, 2504.47, 119.516, 4.5075, -17.9249, 4.40451, -142.283, 9.62413, 98.3289
43, 0.00000, 2548.8, 0.210394, 2503.43, -119.877, 2506.47, 119.544, 4.36279, -18.3253, 4.19793, -143.143, 9.20578, 97.621
44, 0.00000, 2557.72, 0.354483, 2512.91, -119.755, 2517.23, 119.703, 3.68531, -21.61, 3.13038, -151.268, 7.07215, 91.075
45, 0.00000, 2556.65, 0.333698, 2512.69, -119.772, 2516.8, 119.694, 3.67357, -21.2477, 3.16357, -150.253, 7.12376, 91.8817
46, 0.00000, 2558.54, 0.36066, 2515.56, -119.748, 2519.9, 119.736, 3.44042, -22.2219, 2.86007, -152.956, 6.49474, 89.7851
47, 0.00000, 2558.6, 0.360663, 2515.91, -119.748, 2520.24, 119.74, 3.40754, -22.2944, 2.82515, -153.162, 6.41987, 89.6223
48, 0.00000, 2558.25, 0.354405, 2515.66, -119.753, 2519.93, 119.736, 3.42155, -22.1394, 2.8528, -152.71, 6.47406, 89.9729
49, 0.00000, 2550.85, 0.233914, 2508.22, -119.854, 2511.41, 119.609, 3.94538, -19.0922, 3.68534, -144.844, 8.13787, 96.2484
50, 0.00000, 2557.23, 0.33792, 2514.62, -119.766, 2518.73, 119.718, 3.49624, -21.6605, 2.96652, -151.355, 6.70402, 91.0318
51, 0.00000, 2559.38, 0.373335, 2516.66, -119.737, 2521.12, 119.753, 3.35414, -22.6713, 2.74355, -154.276, 6.2545, 88.7662
52, 0.00000, 2559.92, 0.38303, 2516.96, -119.729, 2521.51, 119.76, 3.34095, -22.9022, 2.70993, -154.979, 6.18974, 88.2167
53, 0.00000, 2563.49, 0.442261, 2519.84, -119.678, 2524.82, 119.811, 3.15957, -24.6763, 2.41199, -160.736, 5.60403, 83.9446
54, 0.00000, 2559.81, 0.385659, 2515.71, -119.728, 2520.29, 119.746, 3.46721, -22.658, 2.83485, -154.284, 6.46407, 88.7356
55, 0.00000, 2557.86, 0.356944, 2512.96, -119.753, 2517.3, 119.704, 3.68538, -21.6568, 3.12425, -151.403, 7.06205, 90.9603
56, 0.00000, 2551.67, 0.258603, 2506.01, -119.837, 2509.48, 119.59, 4.19191, -19.2387, 3.89426, -145.214, 8.61172, 95.9067
57, 0.00000, 2536.77, 0.0189324, 2489.88, -120.041, 2491.22, 119.323, 5.36297, -15.3302, 5.78634, -137.269, 12.3631, 102.588
58, 0.00000, 2525.9, -0.154486, 2477.82, -120.189, 2477.6, 119.124, 6.25134, -13.4931, 7.23308, -134.245, 15.2285, 105.235
59, 0.00000, 2554.42, 0.314569, 2505.78, -119.793, 2509.84, 119.605, 4.29812, -20.0034, 3.87727, -147.098, 8.63456, 94.345
60, 0.00000, 2543.52, 0.141187, 2493.27, -119.941, 2495.78, 119.401, 5.21554, -16.8852, 5.31118, -140.169, 11.5001, 100.049
61, 0.00000, 2545.72, 0.182483, 2494.01, -119.908, 2496.93, 119.422, 5.20545, -17.4129, 5.1959, -141.239, 11.3037, 99.127
62, 0.00000, 2542.59, 0.137813, 2488.87, -119.948, 2491.44, 119.346, 5.6176, -16.7061, 5.76881, -139.824, 12.4717, 100.296
63, 0.00000, 2539.64, 0.0957078, 2483.99, -119.986, 2486.23, 119.274, 6.00738, -16.1333, 6.31507, -138.727, 13.585, 101.206
64, 0.00000, 2535.68, 0.0376663, 2477.86, -120.037, 2479.62, 119.182, 6.48858, -15.4675, 7.01053, -137.506, 14.9959, 102.228
65, 0.00000, 2532.91, -0.0012565, 2472.96, -120.073, 2474.41, 119.11, 6.88075, -15.0779, 7.55965, -136.816, 16.1178, 102.796
66, 0.00000, 2530.19, -0.0403212, 2468.36, -120.108, 2469.5, 119.042, 7.24331, -14.7315, 8.07832, -136.218, 17.1745, 103.29
67, 0.00000, 2530.06, -0.0358681, 2466.12, -120.107, 2467.34, 119.016, 7.45147, -14.7804, 8.3054, -136.299, 17.665, 103.189
68, 0.00000, 2513.15, -0.301251, 2447.29, -120.332, 2445.9, 118.709, 8.8854, -12.9966, 10.5809, -133.448, 22.1924, 105.663
69, 0.00000, 2515.63, -0.255934, 2447.8, -120.296, 2446.9, 118.729, 8.87024, -13.3096, 10.4693, -133.917, 22.0115, 105.219
70, 0.00000, 2502.72, -0.454398, 2432.59, -120.466, 2429.64, 118.486, 10.0953, -12.3639, 12.3031, -132.502, 25.6845, 106.43
71, 0.00000, 2499.79, -0.491514, 2426.45, -120.5, 2423.11, 118.4, 10.6176, -12.3124, 12.9897, -132.416, 27.1086, 106.452
72, 0.00000, 2498.87, -0.498958, 2423.06, -120.509, 2419.66, 118.356, 10.9135, -12.3615, 13.3506, -132.479, 27.8719, 106.356
73, 0.00000, 2492.42, -0.594173, 2414.21, -120.591, 2409.76, 118.221, 11.6393, -12.0837, 14.3965, -132.066, 29.9954, 106.678
74, 0.00000, 2491.57, -0.603856, 2412.03, -120.601, 2407.47, 118.191, 11.8277, -12.0939, 14.6365, -132.075, 30.4981, 106.647
75, 0.00000, 2489.71, -0.625066, 2407.17, -120.622, 2402.37, 118.125, 12.2414, -12.1165, 15.1692, -132.096, 31.6141, 106.577
76, 0.00000, 2489.7, -0.625243, 2407.12, -120.622, 2402.32, 118.124, 12.2449, -12.1167, 15.1744, -132.096, 31.6252, 106.576
77, 0.00000, 2486.27, -0.664351, 2398.21, -120.66, 2392.95, 118.003, 13.0054, -12.1582, 16.1533, -132.134, 33.6767, 106.45
78, 0.00000, 2485.15, -0.67728, 2395.24, -120.673, 2389.82, 117.963, 13.2566, -12.1718, 16.4792, -132.147, 34.3605, 106.407
79, 0.00000, 2485.73, -0.67068, 2396.72, -120.666, 2391.38, 117.983, 13.1289, -12.1649, 16.3161, -132.141, 34.019, 106.427
80, 0.00000, 2484.8, -0.681347, 2394.3, -120.677, 2388.84, 117.95, 13.3356, -12.1761, 16.5816, -132.151, 34.5752, 106.394
81, 0.00000, 2484.39, -0.685971, 2393.25, -120.681, 2387.74, 117.936, 13.4252, -12.181, 16.6968, -132.156, 34.8167, 106.379
82, 0.00000, 2484.74, -0.681984, 2394.14, -120.677, 2388.67, 117.948, 13.3482, -12.1768, 16.5993, -132.152, 34.6129, 106.391
83, 0.00000, 2487.1, -0.654925, 2400.33, -120.651, 2395.18, 118.032, 12.8226, -12.1481, 15.9196, -132.125, 33.1873, 106.479
84, 0.00000, 2487.06, -0.655416, 2400.23, -120.651, 2395.08, 118.031, 12.832, -12.1487, 15.9306, -132.126, 33.2101, 106.478
85, 0.00000, 2487.02, -0.655878, 2400.13, -120.652, 2394.97, 118.029, 12.8409, -12.1492, 15.9422, -132.126, 33.2344, 106.477
86, 0.00000, 2488.93, -0.633996, 2405.11, -120.63, 2400.21, 118.097, 12.4155, -12.1259, 15.3947, -132.105, 32.0868, 106.547
87, 0.00000, 2490.16, -0.619972, 2408.32, -120.617, 2403.58, 118.141, 12.1424, -12.1111, 15.0432, -132.091, 31.3503, 106.593
88, 0.00000, 2492.17, -0.597096, 2413.53, -120.594, 2409.04, 118.211, 11.6966, -12.0868, 14.4715, -132.068, 30.153, 106.667
89, 0.00000, 2494.02, -0.576103, 2418.31, -120.573, 2414.05, 118.276, 11.287, -12.0645, 13.9472, -132.048, 29.0555, 106.735
90, 0.00000, 2495.67, -0.557466, 2422.55, -120.555, 2418.49, 118.333, 10.9229, -12.0446, 13.4825, -132.029, 28.083, 106.796
91, 0.00000, 2498.23, -0.528594, 2429.1, -120.527, 2425.33, 118.422, 10.3582, -12.0138, 12.7644, -132.001, 26.5809, 106.889
92, 0.00000, 2500.43, -0.50387, 2434.71, -120.502, 2431.19, 118.498, 9.87384, -11.9874, 12.15, -131.976, 25.2965, 106.969
93, 0.00000, 2501.4, -0.492944, 2437.16, -120.491, 2433.75, 118.531, 9.66009, -11.9757, 11.8809, -131.965, 24.7344, 107.003
94, 0.00000, 2503.14, -0.473519, 2441.58, -120.472, 2438.35, 118.591, 9.27818, -11.9548, 11.397, -131.946, 23.7232, 107.066
95, 0.00000, 2504.89, -0.45388, 2446.03, -120.453, 2442.99, 118.651, 8.89168, -11.9337, 10.9101, -131.926, 22.7062, 107.13
96, 0.00000, 2506.81, -0.432485, 2450.88, -120.431, 2448.03, 118.716, 8.46982, -11.9106, 10.3798, -131.905, 21.5992, 107.199
97, 0.00000, 2507.93, -0.420019, 2453.71, -120.419, 2450.96, 118.755, 8.22321, -11.8971, 10.0703, -131.893, 20.9532, 107.239
98, 0.00000, 2508.03, -0.418873, 2453.97, -120.418, 2451.23, 118.758, 8.2005, -11.8958, 10.0418, -131.891, 20.8938, 107.243
99, 0.00000, 2509.73, -0.400051, 2458.23, -120.399, 2455.66, 118.816, 7.82828, -11.8754, 9.57602, -131.872, 19.9218, 107.303
100, 0.00000, 2511.29, -0.382677, 2462.16, -120.382, 2459.73, 118.869, 7.48443, -11.8564, 9.14646, -131.855, 19.0258, 107.359
101, 0.00000, 2512.59, -0.368277, 2465.41, -120.367, 2463.1, 118.913, 7.19941, -11.8407, 8.79106, -131.84, 18.2846, 107.406
102, 0.00000, 2512.72, -0.366838, 2465.73, -120.366, 2463.44, 118.917, 7.17088, -11.8391, 8.75551, -131.839, 18.2106, 107.41
103, 0.00000, 2513.11, -0.362528, 2466.7, -120.362, 2464.44, 118.93, 7.08581, -11.8343, 8.64997, -131.835, 17.9905, 107.424
104, 0.00000, 2513.26, -0.360905, 2467.07, -120.36, 2464.83, 118.935, 7.05345, -11.8326, 8.60933, -131.833, 17.9058, 107.429
105, 0.00000, 2513.41, -0.359269, 2467.44, -120.358, 2465.21, 118.94, 7.02107, -11.8308, 8.56903, -131.831, 17.8218, 107.435
106, 0.00000, 2513.44, -0.358913, 2467.52, -120.358, 2465.29, 118.941, 7.01391, -11.8304, 8.55994, -131.831, 17.8028, 107.436
107, 0.00000, 2513.84, -0.354553, 2468.49, -120.354, 2466.3, 118.954, 6.92792, -11.8256, 8.4535, -131.827, 17.5809, 107.45
108, 0.00000, 2514.38, -0.348563, 2469.84, -120.348, 2467.7, 118.972, 6.80946, -11.8189, 8.30645, -131.821, 17.2743, 107.469
109, 0.00000, 2515.36, -0.337777, 2472.26, -120.337, 2470.2, 119.005, 6.59627, -11.807, 8.04224, -131.81, 16.7236, 107.504
110, 0.00000, 2514.43, -0.34794, 2470.02, -120.347, 2467.88, 118.975, 6.79575, -11.8183, 8.28729, -131.82, 17.2345, 107.471
111, 0.00000, 2515.1, -0.340626, 2471.62, -120.34, 2469.54, 118.996, 6.65237, -11.8102, 8.11141, -131.813, 16.8678, 107.495
112, 0.00000, 2514.94, -0.342397, 2471.25, -120.341, 2469.15, 118.991, 6.68669, -11.8122, 8.1529, -131.814, 16.9543, 107.489
113, 0.00000, 2514.68, -0.345202, 2470.62, -120.344, 2468.5, 118.983, 6.74214, -11.8153, 8.22163, -131.817, 17.0976, 107.48
114, 0.00000, 2515.14, -0.340105, 2471.75, -120.339, 2469.67, 118.998, 6.64187, -11.8096, 8.09811, -131.812, 16.8401, 107.496
115, 0.00000, 2514.83, -0.343531, 2471, -120.343, 2468.89, 118.988, 6.70901, -11.8134, 8.1804, -131.816, 17.0117, 107.485
116, 0.00000, 2513.9, -0.353802, 2468.7, -120.353, 2466.51, 118.957, 6.9118, -11.8248, 8.43149, -131.826, 17.5351, 107.452
117, 0.00000, 2513.28, -0.360689, 2467.14, -120.36, 2464.89, 118.936, 7.04843, -11.8323, 8.6019, -131.833, 17.8904, 107.43
118, 0.00000, 2512.23, -0.372319, 2464.53, -120.371, 2462.19, 118.901, 7.27827, -11.8451, 8.88746, -131.845, 18.4858, 107.392
119, 0.00000, 2512.1, -0.373731, 2464.18, -120.373, 2461.83, 118.896, 7.30707, -11.8466, 8.92478, -131.846, 18.5636, 107.388
120, 0.00000, 2510.95, -0.386543, 2461.29, -120.385, 2458.83, 118.857, 7.56059, -11.8606, 9.24105, -131.859, 19.2232, 107.347
121, 0.00000, 2509.79, -0.399363, 2458.39, -120.398, 2455.83, 118.818, 7.81432, -11.8746, 9.55804, -131.872, 19.8844, 107.306
122, 0.00000, 2509.09, -0.40713, 2456.65, -120.406, 2454.02, 118.794, 7.96747, -11.8831, 9.74864, -131.88, 20.282, 107.281
123, 0.00000, 2507.5, -0.424789, 2452.63, -120.424, 2449.85, 118.74, 8.31722, -11.9022, 10.1877, -131.897, 21.1982, 107.224
124, 0.00000, 2508.9, -0.409234, 2456.15, -120.408, 2453.5, 118.788, 8.00991, -11.8854, 9.8032, -131.882, 20.3958, 107.274
125, 0.00000, 2508.99, -0.407554, 2456.16, -120.407, 2453.53, 118.788, 8.01033, -11.8988, 9.79981, -131.9, 20.3908, 107.256
126, 0.00000, 2508.66, -0.411884, 2455.56, -120.411, 2452.89, 118.78, 8.06199, -11.8882, 9.86778, -131.884, 20.5306, 107.265
127, 0.00000, 2508.51, -0.413575, 2455.17, -120.412, 2452.49, 118.775, 8.09548, -11.8901, 9.90981, -131.886, 20.6183, 107.26
128, 0.00000, 2513.14, -0.339926, 2459.66, -120.351, 2457.72, 118.85, 7.74116, -12.3251, 9.34889, -132.501, 19.5122, 106.707
129, 0.00000, 2526.92, -0.12088, 2473.47, -120.166, 2473.68, 119.081, 6.6824, -13.9254, 7.64265, -134.908, 16.144, 104.566
130, 0.00000, 2524.6, -0.16059, 2472.01, -120.199, 2471.82, 119.051, 6.7696, -13.5714, 7.84207, -134.352, 16.5192, 105.07
131, 0.00000, 2529.59, -0.0813246, 2477.41, -120.132, 2477.96, 119.14, 6.37452, -14.2645, 7.18887, -135.457, 15.2263, 104.1
132, 0.00000, 2534.93, 0.00372517, 2483.6, -120.059, 2484.91, 119.242, 5.9191, -15.1351, 6.45287, -136.924, 13.7643, 102.827
133, 0.00000, 2534.82, -0.000236443, 2484.12, -120.061, 2485.38, 119.247, 5.86592, -15.0917, 6.40296, -136.849, 13.6529, 102.901
134, 0.00000, 2526.65, -0.134827, 2476.24, -120.175, 2476.25, 119.11, 6.4168, -13.7336, 7.37295, -134.612, 15.5515, 104.873
135, 0.00000, 2534.51, -0.00883379, 2484.85, -120.067, 2486.01, 119.253, 5.78848, -14.9949, 6.33741, -136.683, 13.5024, 103.061
136, 0.00000, 2546.08, 0.178333, 2497.15, -119.908, 2499.98, 119.459, 4.90637, -17.5121, 4.87447, -141.432, 10.6128, 99.0003
137, 0.00000, 2529.95, -0.0857828, 2480.87, -120.132, 2481.31, 119.181, 6.05598, -14.1731, 6.83591, -135.315, 14.4688, 104.27
138, 0.00000, 2544.2, 0.144481, 2496.09, -119.936, 2498.59, 119.436, 4.95729, -17.0322, 5.01625, -140.454, 10.8744, 99.8383
139, 0.00000, 2553.87, 0.30188, 2506.13, -119.802, 2510.06, 119.605, 4.24573, -19.8699, 3.84976, -146.755, 8.56298, 94.6311
140, 0.00000, 2556.07, 0.337456, 2508.45, -119.772, 2512.7, 119.644, 4.08095, -20.6625, 3.58985, -148.768, 8.04296, 93.0229
141, 0.00000, 2550.9, 0.253774, 2503.01, -119.843, 2506.49, 119.553, 4.46811, -18.8965, 4.20635, -144.442, 9.27352, 96.5115
142, 0.00000, 2540.17, 0.0772048, 2492.39, -119.992, 2494.27, 119.371, 5.20861, -16.0786, 5.46527, -138.62, 11.7509, 101.407
143, 0.00000, 2555.61, 0.330377, 2507.91, -119.778, 2512.1, 119.635, 4.12132, -20.4892, 3.64922, -148.318, 8.16288, 93.3769
144, 0.00000, 2550.56, 0.248148, 2502.65, -119.848, 2506.08, 119.547, 4.49323, -18.7901, 4.24746, -144.199, 9.35505, 96.7112
145, 0.00000, 2554.01, 0.304893, 2506.09, -119.8, 2510.05, 119.606, 4.25393, -19.9067, 3.85219, -146.849, 8.5714, 94.5595
146, 0.00000, 2556.15, 0.337274, 2508.96, -119.772, 2513.2, 119.65, 4.03236, -20.7305, 3.53846, -148.937, 7.93224, 92.8941
147, 0.00000, 2550.25, 0.241488, 2502.8, -119.853, 2506.16, 119.547, 4.46923, -18.7116, 4.23742, -144.018, 9.32612, 96.8665
148, 0.00000, 2549.79, 0.237876, 2501.25, -119.857, 2504.6, 119.527, 4.61023, -18.5414, 4.40011, -143.645, 9.66986, 97.1585
149, 0.00000, 2551.79, 0.272103, 2502.83, -119.829, 2506.52, 119.556, 4.51127, -19.1288, 4.20952, -144.99, 9.30053, 96.0528
150, 0.00000, 2542.6, 0.126511, 2492.14, -119.953, 2494.53, 119.383, 5.29947, -16.6736, 5.44158, -139.754, 11.7606, 100.399
151, 0.00000, 2551.33, 0.274062, 2499.75, -119.83, 2503.51, 119.52, 4.80458, -18.8933, 4.52504, -144.468, 9.9768, 96.4451
152, 0.00000, 2551.26, 0.276852, 2498.6, -119.829, 2502.4, 119.507, 4.91786, -18.8378, 4.64159, -144.351, 10.2296, 96.525
153, 0.00000, 2557.73, 0.386325, 2504.35, -119.737, 2509.18, 119.611, 4.54782, -20.7781, 3.97701, -149.183, 8.92306, 92.6195
154, 0.00000, 2537.83, 0.0642277, 2482.61, -120.012, 2484.55, 119.248, 6.09212, -15.7824, 6.49113, -138.076, 13.9221, 101.771
155, 0.00000, 2548.02, 0.236478, 2491.66, -119.867, 2495.19, 119.411, 5.50398, -17.9252, 5.39019, -142.341, 11.7811, 98.1425
156, 0.00000, 2539.39, 0.0991978, 2481.41, -119.985, 2483.74, 119.244, 6.24916, -16.1268, 6.57828, -138.717, 14.1507, 101.183
157, 0.00000, 2536.26, 0.0529676, 2476.61, -120.026, 2478.56, 119.172, 6.62264, -15.6097, 7.1227, -137.761, 15.2541, 101.982
158, 0.00000, 2503.3, -0.471863, 2442, -120.47, 2438.79, 118.597, 9.24246, -11.953, 11.3513, -131.944, 23.6278, 107.072
159, 0.00000, 2513.62, -0.302659, 2450.5, -120.33, 2449.06, 118.748, 8.59372, -12.9054, 10.249, -133.319, 21.4821, 105.822
160, 0.00000, 2524.95, -0.116068, 2459.98, -120.175, 2460.45, 118.917, 7.89924, -14.1672, 9.03437, -135.271, 19.1196, 104.073
161, 0.00000, 2516.4, -0.247657, 2449.8, -120.288, 2448.97, 118.755, 8.69739, -13.3289, 10.2523, -133.949, 21.5569, 105.21
162, 0.00000, 2518.83, -0.204371, 2450.72, -120.253, 2450.35, 118.779, 8.64525, -13.6287, 10.1021, -134.408, 21.2908, 104.783
163, 0.00000, 2527.13, -0.065043, 2457.07, -120.138, 2458.14, 118.897, 8.22045, -14.5922, 9.27498, -135.97, 19.6959, 103.388
164, 0.00000, 2522, -0.142341, 2450.16, -120.205, 2450.49, 118.79, 8.74125, -14.0887, 10.0837, -135.129, 21.3266, 104.095
165, 0.00000, 2505.96, -0.393044, 2432.42, -120.418, 2430.16, 118.501, 10.1508, -12.7493, 12.24, -133.059, 25.6252, 105.884
166, 0.00000, 2505.55, -0.394934, 2430.43, -120.421, 2428.16, 118.476, 10.3272, -12.7857, 12.449, -133.108, 26.0706, 105.815
167, 0.00000, 2497.45, -0.517976, 2420.45, -120.526, 2416.84, 118.319, 11.133, -12.3244, 13.6472, -132.421, 28.4837, 106.387
168, 0.00000, 2494.72, -0.557353, 2416.36, -120.561, 2412.32, 118.257, 11.4709, -12.2197, 14.1238, -132.263, 29.4563, 106.503
169, 0.00000, 2491.53, -0.604336, 2411.89, -120.601, 2407.33, 118.189, 11.8376, -12.0945, 14.6509, -132.076, 30.5285, 106.644
170, 0.00000, 2490.55, -0.615537, 2409.34, -120.612, 2404.65, 118.154, 12.0558, -12.1064, 14.9311, -132.087, 31.1155, 106.608
171, 0.00000, 2489.24, -0.630406, 2405.95, -120.627, 2401.09, 118.108, 12.3454, -12.1222, 15.3031, -132.101, 31.8949, 106.56
172, 0.00000, 2488.5, -0.638874, 2404.04, -120.635, 2399.08, 118.082, 12.5098, -12.1311, 15.5133, -132.109, 32.3348, 106.533
173, 0.00000, 2486.88, -0.657425, 2399.78, -120.653, 2394.61, 118.025, 12.8709, -12.1508, 15.9803, -132.128, 33.3142, 106.472
174, 0.00000, 2486.05, -0.666905, 2397.61, -120.662, 2392.32, 117.995, 13.0552, -12.1608, 16.2187, -132.137, 33.8142, 106.441
175, 0.00000, 2485.56, -0.672583, 2396.32, -120.668, 2390.97, 117.978, 13.1652, -12.1668, 16.3599, -132.142, 34.11, 106.423
176, 0.00000, 2485.4, -0.674453, 2395.88, -120.67, 2390.51, 117.972, 13.2017, -12.1688, 16.4081, -132.144, 34.2114, 106.416
177, 0.00000, 2485.14, -0.677347, 2395.22, -120.673, 2389.81, 117.963, 13.2579, -12.1719, 16.4805, -132.147, 34.3632, 106.407
178, 0.00000, 2485.92, -0.668482, 2397.21, -120.664, 2391.91, 117.99, 13.0863, -12.1626, 16.2616, -132.139, 33.9048, 106.434
179, 0.00000, 2486.76, -0.658853, 2399.44, -120.655, 2394.25, 118.02, 12.8989, -12.1523, 16.0174, -132.129, 33.3923, 106.467
180, 0.00000, 2486.93, -0.656842, 2399.9, -120.653, 2394.73, 118.026, 12.8598, -12.1502, 15.9672, -132.127, 33.2869, 106.473
181, 0.00000, 2487.67, -0.648443, 2401.8, -120.644, 2396.73, 118.052, 12.6969, -12.1413, 15.7585, -132.119, 32.8498, 106.5
182, 0.00000, 2489.8, -0.624095, 2407.37, -120.621, 2402.58, 118.128, 12.2228, -12.1154, 15.1468, -132.095, 31.5675, 106.58
183, 0.00000, 2490.64, -0.614545, 2409.53, -120.611, 2404.85, 118.157, 12.0372, -12.1054, 14.9097, -132.086, 31.0712, 106.61
184, 0.00000, 2492.19, -0.596834, 2413.59, -120.594, 2409.11, 118.212, 11.6915, -12.0865, 14.4647, -132.068, 30.1388, 106.668
185, 0.00000, 2493.75, -0.579152, 2417.62, -120.576, 2413.32, 118.267, 11.3464, -12.0677, 14.0232, -132.051, 29.2144, 106.725
186, 0.00000, 2495.67, -0.557497, 2422.54, -120.555, 2418.48, 118.333, 10.9235, -12.0446, 13.4834, -132.029, 28.0849, 106.795
187, 0.00000, 2497.1, -0.541333, 2426.21, -120.539, 2422.32, 118.383, 10.6074, -12.0274, 13.0808, -132.013, 27.2425, 106.848
188, 0.00000, 2499.88, -0.510018, 2433.31, -120.508, 2429.73, 118.479, 9.99439, -11.9939, 12.3028, -131.982, 25.6159, 106.949
189, 0.00000, 2500.51, -0.502973, 2434.9, -120.501, 2431.39, 118.501, 9.8565, -11.9864, 12.1288, -131.975, 25.2523, 106.971
190, 0.00000, 2502.63, -0.479135, 2440.31, -120.478, 2437.03, 118.574, 9.3885, -11.9608, 11.5364, -131.952, 24.0142, 107.048
191, 0.00000, 2504, -0.463826, 2443.78, -120.462, 2440.64, 118.621, 9.08753, -11.9444, 11.1566, -131.936, 23.221, 107.098
192, 0.00000, 2505.75, -0.444331, 2448.19, -120.443, 2445.24, 118.68, 8.70354, -11.9234, 10.6734, -131.917, 22.212, 107.16
193, 0.00000, 2506.61, -0.434787, 2450.33, -120.434, 2447.47, 118.709, 8.51584, -11.9131, 10.4388, -131.907, 21.7223, 107.191
194, 0.00000, 2507.86, -0.420763, 2453.54, -120.42, 2450.79, 118.752, 8.23794, -11.8979, 10.0888, -131.893, 20.9918, 107.236
195, 0.00000, 2509.34, -0.404403, 2457.24, -120.403, 2454.64, 118.802, 7.91436, -11.8801, 9.68365, -131.877, 20.1463, 107.289
196, 0.00000, 2510.07, -0.396276, 2459.07, -120.395, 2456.53, 118.827, 7.75405, -11.8713, 9.48413, -131.869, 19.7302, 107.315
197, 0.00000, 2510.38, -0.392839, 2459.85, -120.392, 2457.35, 118.838, 7.68566, -11.8675, 9.39798, -131.865, 19.5505, 107.327
198, 0.00000, 2510.61, -0.390235, 2460.45, -120.389, 2457.96, 118.846, 7.63404, -11.8647, 9.33336, -131.863, 19.4157, 107.335
199, 0.00000, 2511.89, -0.376069, 2463.65, -120.375, 2461.28, 118.889, 7.35362, -11.8492, 8.98325, -131.848, 18.6854, 107.381
200, 0.00000, 2512.1, -0.373801, 2464.16, -120.373, 2461.81, 118.896, 7.30878, -11.8467, 8.92746, -131.846, 18.5691, 107.388
201, 0.00000, 2512.3, -0.371526, 2464.67, -120.371, 2462.34, 118.903, 7.26376, -11.8442, 8.87135, -131.844, 18.4521, 107.395
202, 0.00000, 2511.98, -0.375063, 2463.89, -120.374, 2461.53, 118.892, 7.33327, -11.8481, 8.95717, -131.847, 18.6311, 107.384
203, 0.00000, 2513.36, -0.359806, 2467.32, -120.359, 2465.08, 118.938, 7.03172, -11.8314, 8.58228, -131.832, 17.8493, 107.433
204, 0.00000, 2513.12, -0.362408, 2466.74, -120.361, 2464.48, 118.931, 7.08284, -11.8342, 8.64534, -131.835, 17.9809, 107.424
205, 0.00000, 2513.23, -0.361262, 2466.99, -120.36, 2464.74, 118.934, 7.06048, -11.8329, 8.618, -131.833, 17.9239, 107.428
206, 0.00000, 2514.27, -0.349736, 2469.56, -120.349, 2467.41, 118.969, 6.83316, -11.8202, 8.33663, -131.822, 17.3372, 107.466
207, 0.00000, 2514.44, -0.347931, 2469.99, -120.347, 2467.85, 118.974, 6.79659, -11.8183, 8.28991, -131.82, 17.2399, 107.471
208, 0.00000, 2514.48, -0.347407, 2470.11, -120.346, 2467.98, 118.976, 6.78609, -11.8177, 8.27667, -131.819, 17.2123, 107.473
209, 0.00000, 2513.77, -0.355271, 2468.36, -120.354, 2466.16, 118.953, 6.94111, -11.8264, 8.46827, -131.827, 17.6118, 107.447
210, 0.00000, 2513.73, -0.355688, 2468.25, -120.355, 2466.05, 118.951, 6.94997, -11.8268, 8.48028, -131.828, 17.6368, 107.446
211, 0.00000, 2514.01, -0.352659, 2468.92, -120.352, 2466.75, 118.96, 6.89031, -11.8235, 8.40655, -131.825, 17.483, 107.456
212, 0.00000, 2513.78, -0.355149, 2468.38, -120.354, 2466.18, 118.953, 6.93914, -11.8262, 8.46655, -131.827, 17.6081, 107.448
213, 0.00000, 2512.84, -0.365597, 2466.04, -120.365, 2463.76, 118.921, 7.1453, -11.8377, 8.72202, -131.838, 18.1408, 107.414
214, 0.00000, 2512.27, -0.371891, 2464.61, -120.371, 2462.28, 118.902, 7.27024, -11.8446, 8.87819, -131.844, 18.4664, 107.394
215, 0.00000, 2511.13, -0.384491, 2461.75, -120.383, 2459.31, 118.863, 7.52, -11.8584, 9.19039, -131.857, 19.1175, 107.353
216, 0.00000, 2509.86, -0.398629, 2458.56, -120.398, 2456, 118.82, 7.79977, -11.8738, 9.53983, -131.871, 19.8464, 107.308
217, 0.00000, 2508.58, -0.412776, 2455.36, -120.412, 2452.68, 118.777, 8.07966, -11.8892, 9.89003, -131.885, 20.5771, 107.262
218, 0.00000, 2507.53, -0.424441, 2452.74, -120.423, 2449.95, 118.742, 8.30958, -11.9019, 10.1765, -131.897, 21.1749, 107.225
219, 0.00000, 2506.86, -0.431888, 2451.04, -120.431, 2448.19, 118.719, 8.45717, -11.9099, 10.3623, -131.904, 21.5627, 107.201
220, 0.00000, 2508.42, -0.414606, 2454.93, -120.413, 2452.24, 118.771, 8.11621, -11.8912, 9.93634, -131.887, 20.6736, 107.256
221, 0.00000, 2511.59, -0.362071, 2457.34, -120.37, 2455.18, 118.815, 7.93509, -12.2254, 9.61795, -132.356, 20.0604, 106.824
222, 0.00000, 2510.74, -0.376486, 2456.82, -120.382, 2454.52, 118.805, 7.97211, -12.1267, 9.69033, -132.217, 20.1954, 106.954
223, 0.00000, 2516.97, -0.277703, 2463.01, -120.299, 2461.69, 118.908, 7.48243, -12.7446, 8.92158, -133.106, 18.6775, 106.158
224, 0.00000, 2514.01, -0.323841, 2459.85, -120.338, 2458.08, 118.857, 7.73529, -12.4541, 9.30774, -132.684, 19.4444, 106.532
225, 0.00000, 2520.3, -0.224303, 2466.18, -120.254, 2465.4, 118.962, 7.23435, -13.1242, 8.52542, -133.667, 17.8985, 105.655
226, 0.00000, 2525.23, -0.146272, 2471.31, -120.188, 2471.28, 119.047, 6.84834, -13.7227, 7.89716, -134.585, 16.6552, 104.843
227, 0.00000, 2528.64, -0.0927471, 2475.15, -120.143, 2475.63, 119.109, 6.56455, -14.1775, 7.43541, -135.313, 15.7375, 104.207
228, 0.00000, 2534.76, 0.00637507, 2481.75, -120.058, 2483.12, 119.22, 6.09125, -15.1612, 6.64102, -136.967, 14.1687, 102.765
229, 0.00000, 2537.85, 0.057377, 2484.79, -120.015, 2486.63, 119.272, 5.87993, -15.7312, 6.27182, -137.982, 13.4451, 101.887
230, 0.00000, 2534.79, 0.00827325, 2481.4, -120.057, 2482.79, 119.216, 6.12683, -15.181, 6.67608, -137.002, 14.2461, 102.729
231, 0.00000, 2527.01, -0.120509, 2473.92, -120.166, 2474.12, 119.086, 6.64293, -13.9217, 7.59561, -134.903, 16.0444, 104.575
232, 0.00000, 2538.85, 0.0721577, 2486.31, -120.002, 2488.27, 119.295, 5.76147, -15.9145, 6.09944, -138.318, 13.0957, 101.602
233, 0.00000, 2549.77, 0.251508, 2497.29, -119.85, 2500.86, 119.483, 5.00181, -18.4343, 4.79696, -143.434, 10.5324, 97.285
234, 0.00000, 2521.02, -0.216415, 2467.92, -120.246, 2467.19, 118.986, 7.08463, -13.1517, 8.33502, -133.71, 17.5027, 105.632
235, 0.00000, 2526.79, -0.123941, 2473.51, -120.169, 2473.69, 119.08, 6.67559, -13.8973, 7.64171, -134.863, 16.1385, 104.608
236, 0.00000, 2548.06, 0.223302, 2495.58, -119.874, 2498.9, 119.454, 5.11866, -17.9863, 4.99697, -142.45, 10.9262, 98.1032
237, 0.00000, 2539.68, 0.0861015, 2486.94, -119.99, 2489.03, 119.307, 5.72349, -16.0835, 6.01954, -138.631, 12.9435, 101.329
238, 0.00000, 2542.73, 0.136341, 2489.98, -119.948, 2492.53, 119.359, 5.51163, -16.7243, 5.65483, -139.856, 12.2267, 100.285
239, 0.00000, 2542.12, 0.126541, 2489.29, -119.956, 2491.74, 119.348, 5.5637, -16.5928, 5.73663, -139.601, 12.3895, 100.498
240, 0.00000, 2548.38, 0.228638, 2495.9, -119.869, 2499.27, 119.459, 5.0972, -18.0693, 4.95942, -142.63, 10.8527, 97.9521
241, 0.00000, 2560.18, 0.421494, 2508.17, -119.706, 2513.29, 119.667, 4.24396, -21.7735, 3.57304, -151.914, 8.08804, 90.4876
242, 0.00000, 2553.93, 0.319058, 2501.77, -119.793, 2505.95, 119.558, 4.68478, -19.6407, 4.28421, -146.252, 9.51175, 94.9826
243, 0.00000, 2532.93, -0.0242021, 2479.96, -120.084, 2481.04, 119.189, 6.21677, -14.8424, 6.86056, -136.418, 14.5994, 103.243
244, 0.00000, 2541.67, 0.118968, 2488.88, -119.963, 2491.27, 119.341, 5.5899, -16.4957, 5.78595, -139.412, 12.4851, 100.66
245, 0.00000, 2558.31, 0.391618, 2506.07, -119.732, 2510.92, 119.633, 4.39402, -21.0723, 3.80017, -149.954, 8.54816, 92.0233
246, 0.00000, 2552.99, 0.303162, 2500.93, -119.806, 2504.97, 119.543, 4.73878, -19.3612, 4.38153, -145.574, 9.70264, 95.5345
247, 0.00000, 2553.99, 0.321776, 2501.33, -119.791, 2505.55, 119.554, 4.72997, -19.6324, 4.32693, -146.238, 9.60607, 94.9893
248, 0.00000, 2553.51, 0.316418, 2500.17, -119.796, 2504.36, 119.538, 4.8311, -19.4571, 4.44962, -145.82, 9.86293, 95.317
249, 0.00000, 2546.26, 0.19839, 2492.43, -119.896, 2495.55, 119.408, 5.37624, -17.5317, 5.34439, -141.493, 11.6393, 98.8835
250, 0.00000, 2549.11, 0.246999, 2494.83, -119.856, 2498.41, 119.452, 5.22382, -18.2238, 5.05369, -142.98, 11.0753, 97.6416
251, 0.00000, 2550.17, 0.267525, 2495.02, -119.839, 2498.8, 119.461, 5.2384, -18.4745, 5.01748, -143.545, 11.0219, 97.1599
252, 0.00000, 2541.92, 0.136991, 2485.1, -119.952, 2487.74, 119.301, 5.96451, -16.5969, 6.15922, -139.616, 13.3035, 100.431
253, 0.00000, 2540.71, 0.122337, 2482.33, -119.966, 2484.88, 119.263, 6.19794, -16.3802, 6.46034, -139.199, 13.9275, 100.765
254, 0.00000, 2540.96, 0.130334, 2481.42, -119.96, 2484.07, 119.254, 6.2931, -16.4415, 6.54645, -139.319, 14.1212, 100.647
255, 0.00000, 2539.73, 0.113631, 2479.1, -119.976, 2481.62, 119.221, 6.48145, -16.2311, 6.80245, -138.917, 14.6467, 100.974
256, 0.00000, 2530.72, -0.0278811, 2467.58, -120.099, 2468.86, 119.037, 7.33012, -14.8467, 8.14464, -136.413, 17.3321, 103.102
257, 0.00000, 2532.31, 0.00444139, 2467.33, -120.073, 2468.96, 119.044, 7.39536, -15.1283, 8.13466, -136.9, 17.3515, 102.652
258, 0.00000, 2527.45, -0.070437, 2460.71, -120.139, 2461.67, 118.94, 7.88988, -14.5255, 8.90403, -135.862, 18.8981, 103.53
259, 0.00000, 2524.98, -0.104643, 2456.48, -120.17, 2457.13, 118.878, 8.22511, -14.2967, 9.38329, -135.477, 19.8784, 103.84
260, 0.00000, 2517.66, -0.216387, 2447.34, -120.266, 2446.89, 118.734, 8.94018, -13.6014, 10.4675, -134.362, 22.0553, 104.789
261, 0.00000, 2509.98, -0.333303, 2437.84, -120.366, 2436.2, 118.585, 9.70778, -13.0006, 11.6009, -133.439, 24.3327, 105.572
262, 0.00000, 2498.05, -0.517157, 2424.02, -120.522, 2420.41, 118.363, 10.817, -12.2317, 13.2755, -132.296, 27.689, 106.546
263, 0.00000, 2498.42, -0.505533, 2422.45, -120.515, 2418.97, 118.347, 10.9657, -12.3417, 13.4233, -132.449, 28.0203, 106.38
264, 0.00000, 2496.92, -0.52414, 2419.11, -120.532, 2415.45, 118.301, 11.2475, -12.3259, 13.7937, -132.42, 28.7898, 106.375
265, 0.00000, 2495.21, -0.545517, 2415.4, -120.552, 2411.5, 118.249, 11.5629, -12.3079, 14.2078, -132.386, 29.6506, 106.371
266, 0.00000, 2490.75, -0.613205, 2409.87, -120.61, 2405.21, 118.162, 12.0105, -12.1039, 14.8727, -132.084, 30.9928, 106.616
267, 0.00000, 2490.86, -0.611997, 2410.14, -120.609, 2405.49, 118.165, 11.987, -12.1026, 14.8434, -132.083, 30.9319, 106.619
268, 0.00000, 2490.02, -0.621483, 2408.01, -120.618, 2403.25, 118.136, 12.1712, -12.1126, 15.0775, -132.092, 31.4216, 106.59
269, 0.00000, 2487.74, -0.647552, 2402.04, -120.644, 2396.98, 118.055, 12.6789, -12.1404, 15.7323, -132.118, 32.7943, 106.504
270, 0.00000, 2486.76, -0.65881, 2399.46, -120.655, 2394.27, 118.02, 12.8979, -12.1523, 16.0154, -132.129, 33.3879, 106.467
271, 0.00000, 2486.35, -0.66342, 2398.41, -120.659, 2393.17, 118.006, 12.9873, -12.1571, 16.1302, -132.133, 33.6283, 106.453
272, 0.00000, 2486.59, -0.660831, 2398.98, -120.657, 2393.77, 118.014, 12.9374, -12.1544, 16.0675, -132.131, 33.4973, 106.46
273, 0.00000, 2486.18, -0.665383, 2397.97, -120.661, 2392.7, 118, 13.0255, -12.1592, 16.1795, -132.135, 33.7317, 106.446
274, 0.00000, 2485.99, -0.667634, 2397.44, -120.663, 2392.15, 117.993, 13.0693, -12.1616, 16.2367, -132.138, 33.8519, 106.439
275, 0.00000, 2486.43, -0.662677, 2398.55, -120.658, 2393.32, 118.008, 12.9734, -12.1564, 16.1146, -132.133, 33.5962, 106.454
276, 0.00000, 2487.21, -0.653743, 2400.58, -120.65, 2395.45, 118.036, 12.7999, -12.147, 15.8917, -132.124, 33.1291, 106.482
277, 0.00000, 2489.34, -0.629314, 2406.18, -120.626, 2401.33, 118.112, 12.3244, -12.121, 15.2775, -132.1, 31.8414, 106.563
278, 0.00000, 2488.27, -0.641523, 2403.41, -120.638, 2398.42, 118.074, 12.5617, -12.134, 15.5818, -132.112, 32.4789, 106.524
279, 0.00000, 2489.77, -0.624401, 2407.31, -120.621, 2402.51, 118.127, 12.2287, -12.1158, 15.1542, -132.095, 31.5829, 106.579
280, 0.00000, 2490.88, -0.611816, 2410.18, -120.609, 2405.53, 118.166, 11.9836, -12.1024, 14.8391, -132.083, 30.9228, 106.62
281, 0.00000, 2491.98, -0.59925, 2413.04, -120.596, 2408.53, 118.205, 11.7386, -12.0891, 14.5249, -132.071, 30.2648, 106.66
282, 0.00000, 2494.48, -0.570896, 2419.49, -120.568, 2415.29, 118.292, 11.1854, -12.0589, 13.8177, -132.043, 28.7843, 106.752
283, 0.00000, 2496.88, -0.543762, 2425.66, -120.542, 2421.74, 118.375, 10.655, -12.03, 13.1416, -132.016, 27.3699, 106.84
284, 0.00000, 2498.19, -0.529074, 2428.99, -120.527, 2425.23, 118.421, 10.3675, -12.0143, 12.7758, -132.001, 26.6048, 106.887
285, 0.00000, 2499.04, -0.519495, 2431.15, -120.518, 2427.47, 118.45, 10.1805, -12.0041, 12.5398, -131.992, 26.1116, 106.918
286, 0.00000, 2500.7, -0.50075, 2435.41, -120.499, 2431.93, 118.508, 9.81263, -11.984, 12.0724, -131.973, 25.1342, 106.979
287, 0.00000, 2502.44, -0.481351, 2439.81, -120.48, 2436.51, 118.567, 9.43197, -11.9632, 11.5911, -131.954, 24.1287, 107.041
288, 0.00000, 2505.43, -0.447863, 2447.39, -120.447, 2444.4, 118.669, 8.7733, -11.9272, 10.7614, -131.92, 22.3957, 107.149
289, 0.00000, 2506.67, -0.434031, 2450.53, -120.433, 2447.66, 118.712, 8.50031, -11.9122, 10.418, -131.907, 21.6788, 107.194
290, 0.00000, 2507.6, -0.423731, 2452.84, -120.423, 2450.07, 118.743, 8.29733, -11.9011, 10.1647, -131.896, 21.1502, 107.227
291, 0.00000, 2509.37, -0.403995, 2457.33, -120.403, 2454.73, 118.804, 7.90635, -11.8797, 9.67368, -131.876, 20.1255, 107.291
292, 0.00000, 2510.75, -0.388758, 2460.78, -120.388, 2458.31, 118.85, 7.60476, -11.8631, 9.29664, -131.861, 19.339, 107.34
293, 0.00000, 2511.72, -0.377964, 2463.2, -120.377, 2460.82, 118.883, 7.39189, -11.8512, 9.0323, -131.85, 18.7877, 107.374
294, 0.00000, 2511.55, -0.379863, 2462.8, -120.379, 2460.4, 118.877, 7.42843, -11.8533, 9.07608, -131.852, 18.8791, 107.368
295, 0.00000, 2512.13, -0.373475, 2464.22, -120.372, 2461.88, 118.897, 7.30267, -11.8463, 8.92042, -131.846, 18.5544, 107.389
296, 0.00000, 2512.71, -0.36699, 2465.69, -120.366, 2463.39, 118.916, 7.17434, -11.8392, 8.76052, -131.839, 18.221, 107.41
297, 0.00000, 2513.3, -0.360518, 2467.14, -120.36, 2464.91, 118.936, 7.04622, -11.8321, 8.601, -131.833, 17.8884, 107.431
298, 0.00000, 2513.76, -0.355442, 2468.29, -120.354, 2466.09, 118.952, 6.94561, -11.8265, 8.47561, -131.828, 17.627, 107.447
299, 0.00000, 2514.31, -0.349269, 2469.68, -120.348, 2467.53, 118.97, 6.82349, -11.8197, 8.3239, -131.821, 17.3107, 107.467
300, 0.00000, 2514.88, -0.342985, 2471.09, -120.342, 2469, 118.989, 6.69904, -11.8128, 8.16928, -131.815, 16.9884, 107.487
301, 0.00000, 2514.65, -0.345578, 2470.53, -120.345, 2468.41, 118.982, 6.74963, -11.8157, 8.23097, -131.818, 17.1171, 107.478
302, 0.00000, 2515.14, -0.340199, 2471.72, -120.339, 2469.65, 118.998, 6.64378, -11.8097, 8.10052, -131.812, 16.8451, 107.496
303, 0.00000, 2515.74, -0.333535, 2473.22, -120.333, 2471.2, 119.018, 6.51192, -11.8023, 7.93702, -131.805, 16.5043, 107.518
304, 0.00000, 2515.8, -0.332857, 2473.39, -120.332, 2471.37, 119.02, 6.49796, -11.8016, 7.91895, -131.805, 16.4667, 107.52
305, 0.00000, 2515.55, -0.335656, 2472.77, -120.335, 2470.72, 119.012, 6.55308, -11.8047, 7.98689, -131.808, 16.6083, 107.51
306, 0.00000, 2516.13, -0.329287, 2474.18, -120.328, 2472.19, 119.031, 6.42772, -11.7976, 7.83253, -131.801, 16.2866, 107.531
307, 0.00000, 2515.9, -0.331788, 2473.63, -120.331, 2471.62, 119.024, 6.4765, -11.8004, 7.89193, -131.804, 16.4104, 107.523
308, 0.00000, 2515.58, -0.335322, 2472.84, -120.334, 2470.8, 119.013, 6.5464, -11.8043, 7.9785, -131.807, 16.5909, 107.511
309, 0.00000, 2514.42, -0.34809, 2469.99, -120.347, 2467.85, 118.975, 6.79849, -11.8185, 8.29032, -131.82, 17.2409, 107.47
310, 0.00000, 2513.57, -0.357494, 2467.87, -120.356, 2465.65, 118.946, 6.98498, -11.8288, 8.52261, -131.83, 17.7251, 107.44
311, 0.00000, 2512.68, -0.36731, 2465.65, -120.366, 2463.35, 118.916, 7.17929, -11.8396, 8.76441, -131.84, 18.2292, 107.409
312, 0.00000, 2512.13, -0.373462, 2464.26, -120.372, 2461.91, 118.897, 7.30136, -11.8463, 8.91701, -131.846, 18.5474, 107.389
313, 0.00000, 2510.43, -0.392288, 2459.99, -120.391, 2457.49, 118.84, 7.67426, -11.8669, 9.38291, -131.865, 19.5191, 107.328
314, 0.00000, 2509.38, -0.403911, 2457.39, -120.403, 2454.78, 118.804, 7.9035, -11.8796, 9.66802, -131.876, 20.1138, 107.291
315, 0.00000, 2507.32, -0.426818, 2452.17, -120.426, 2449.37, 118.734, 8.35731, -11.9044, 10.2379, -131.899, 21.303, 107.217
316, 0.00000, 2509.55, -0.401994, 2457.78, -120.401, 2455.2, 118.81, 7.86681, -11.8775, 9.6243, -131.874, 20.0225, 107.297
317, 0.00000, 2509.34, -0.404369, 2457.26, -120.403, 2454.65, 118.803, 7.91333, -11.8801, 9.68172, -131.877, 20.1424, 107.289
318, 0.00000, 2510.69, -0.382567, 2458.44, -120.385, 2456.05, 118.823, 7.8213, -12.0131, 9.53099, -132.063, 19.8481, 107.12
319, 0.00000, 2518.61, -0.256352, 2466.15, -120.279, 2465.03, 118.953, 7.21291, -12.8349, 8.56881, -133.242, 17.951, 106.06
320, 0.00000, 2520.95, -0.220284, 2468.78, -120.249, 2468, 118.995, 7.00049, -13.0873, 8.25105, -133.617, 17.3181, 105.732
321, 0.00000, 2525.19, -0.153733, 2473.35, -120.192, 2473.22, 119.07, 6.65542, -13.6072, 7.69442, -134.41, 16.2133, 105.031
322, 0.00000, 2526.34, -0.13713, 2475.06, -120.178, 2475.08, 119.095, 6.51925, -13.734, 7.49725, -134.61, 15.8134, 104.862
323, 0.00000, 2530.51, -0.0723467, 2480.19, -120.122, 2480.79, 119.177, 6.1329, -14.3255, 6.89042, -135.56, 14.6013, 104.037
324, 0.00000, 2532.03, -0.0501151, 2482.56, -120.102, 2483.34, 119.213, 5.9444, -14.5435, 6.62042, -135.921, 14.0536, 103.733
325, 0.00000, 2535.79, 0.0079661, 2487.4, -120.052, 2488.68, 119.289, 5.57639, -15.1898, 6.05505, -137.022, 12.9216, 102.784
326, 0.00000, 2540.68, 0.0852832, 2493.1, -119.985, 2495.06, 119.382, 5.15266, -16.1915, 5.38325, -138.83, 11.5853, 101.231
327, 0.00000, 2544.82, 0.148373, 2498.53, -119.93, 2501.03, 119.467, 4.7348, -17.1853, 4.75963, -140.756, 10.3322, 99.6058
328, 0.00000, 2545.68, 0.161285, 2499.72, -119.919, 2502.33, 119.485, 4.6413, -17.4154, 4.62461, -141.221, 10.0594, 99.219
329, 0.00000, 2547.97, 0.197713, 2502.25, -119.888, 2505.19, 119.526, 4.45529, -18.0651, 4.33026, -142.581, 9.47387, 98.085
330, 0.00000, 2548.69, 0.209084, 2503.13, -119.878, 2506.16, 119.54, 4.39013, -18.2861, 4.2304, -143.059, 9.27394, 97.6864
331, 0.00000, 2554.23, 0.299764, 2508.65, -119.802, 2512.5, 119.635, 4.00384, -20.1407, 3.59371, -147.398, 8.01255, 94.1391
332, 0.00000, 2550.77, 0.24332, 2505.17, -119.849, 2508.51, 119.576, 4.249, -18.9413, 3.99187, -144.525, 8.80354, 96.4664
333, 0.00000, 2560.22, 0.397999, 2514.62, -119.719, 2519.35, 119.737, 3.59288, -22.6165, 2.9402, -154.203, 6.70092, 88.7843
334, 0.00000, 2561.14, 0.413833, 2515.33, -119.706, 2520.22, 119.75, 3.5491, -23.0176, 2.86241, -155.434, 6.54581, 87.8379
335, 0.00000, 2555.29, 0.318823, 2509.29, -119.786, 2513.32, 119.648, 3.97334, -20.5061, 3.51666, -148.334, 7.86745, 93.3819
336, 0.00000, 2559.65, 0.3919, 2513.21, -119.725, 2517.91, 119.718, 3.71728, -22.2385, 3.0829, -153.108, 7.00425, 89.6207
337, 0.00000, 2556.09, 0.335493, 2509.11, -119.773, 2513.32, 119.651, 4.01583, -20.7259, 3.52401, -148.923, 7.9001, 92.9011
338, 0.00000, 2551.18, 0.257178, 2503.61, -119.84, 2507.12, 119.561, 4.41584, -18.9957, 4.14114, -144.668, 9.13795, 96.3307
339, 0.00000, 2536.58, 0.0196709, 2488.47, -120.041, 2489.84, 119.306, 5.49427, -15.3338, 5.93173, -137.274, 12.674, 102.567
340, 0.00000, 2554.79, 0.318422, 2506.67, -119.789, 2510.76, 119.617, 4.2201, -20.1638, 3.78346, -147.493, 8.43812, 94.0325
341, 0.00000, 2556.43, 0.346727, 2507.93, -119.765, 2512.28, 119.641, 4.1456, -20.7211, 3.63755, -148.939, 8.1549, 92.8738
342, 0.00000, 2549.37, 0.23298, 2500.28, -119.862, 2503.61, 119.514, 4.69337, -18.4058, 4.50387, -143.346, 9.88552, 97.4001
343, 0.00000, 2554.56, 0.320058, 2504.98, -119.789, 2509.11, 119.597, 4.38328, -19.9887, 3.95546, -147.077, 8.8087, 94.3488
344, 0.00000, 2552.78, 0.292266, 2502.83, -119.813, 2506.71, 119.563, 4.54383, -19.3957, 4.1953, -145.633, 9.29253, 95.5089
345, 0.00000, 2552.23, 0.285061, 2501.74, -119.82, 2505.57, 119.547, 4.6347, -19.2014, 4.31199, -145.177, 9.53413, 95.8758
346, 0.00000, 2552.55, 0.291967, 2501.59, -119.814, 2505.49, 119.548, 4.65984, -19.2764, 4.32291, -145.36, 9.56498, 95.7227
347, 0.00000, 2544.67, 0.165927, 2492.69, -119.922, 2495.47, 119.401, 5.30496, -17.1618, 5.34774, -140.726, 11.6078, 99.5536
348, 0.00000, 2551.94, 0.289999, 2498.77, -119.818, 2502.71, 119.513, 4.92142, -19.0118, 4.61384, -144.759, 10.1843, 96.1866
349, 0.00000, 2544.13, 0.167136, 2489.2, -119.924, 2492.07, 119.36, 5.62958, -17.0463, 5.70658, -140.502, 12.3746, 99.7039
350, 0.00000, 2539.85, 0.102466, 2483.17, -119.981, 2485.5, 119.267, 6.0925, -16.191, 6.39315, -138.837, 13.7599, 101.098
351, 0.00000, 2531.29, -0.0332027, 2472.82, -120.098, 2473.94, 119.099, 6.85171, -14.7789, 7.60923, -136.303, 16.1838, 103.265
352, 0.00000, 2541.55, 0.142422, 2481.38, -119.951, 2484.16, 119.257, 6.31251, -16.56, 6.53796, -139.55, 14.117, 100.442
353, 0.00000, 2534.62, 0.0343892, 2472.34, -120.045, 2474.18, 119.114, 6.98494, -15.4074, 7.58475, -137.396, 16.2161, 102.26
354, 0.00000, 2530.03, -0.0356178, 2465.74, -120.107, 2466.98, 119.012, 7.48436, -14.7846, 8.34346, -136.306, 17.7459, 103.179
355, 0.00000, 2527, -0.078561, 2460.63, -120.145, 2461.5, 118.936, 7.88671, -14.4602, 8.92193, -135.754, 18.9261, 103.63
356, 0.00000, 2513.05, -0.295868, 2444.81, -120.33, 2443.51, 118.681, 9.11104, -13.0938, 10.8306, -133.589, 22.7326, 105.502
357, 0.00000, 2500.21, -0.494461, 2430.15, -120.499, 2426.76, 118.445, 10.2864, -12.1886, 12.6095, -132.248, 26.2914, 106.655
358, 0.00000, 2496.29, -0.550474, 2424.15, -120.548, 2420.16, 118.355, 10.7859, -12.0372, 13.307, -132.022, 27.7155, 106.819
359, 0.00000, 2494.95, -0.565583, 2420.71, -120.563, 2416.57, 118.309, 11.0812, -12.0533, 13.6835, -132.037, 28.5035, 106.77
360, 0.00000, 2500.64, -0.468592, 2424.05, -120.485, 2420.99, 118.377, 10.8438, -12.5078, 13.2073, -132.692, 27.6025, 106.157
361, 0.00000, 2492.53, -0.59301, 2414.48, -120.59, 2410.04, 118.224, 11.6168, -12.0824, 14.3676, -132.064, 29.9347, 106.681
362, 0.00000, 2494.04, -0.575856, 2418.36, -120.573, 2414.11, 118.277, 11.2821, -12.0642, 13.941, -132.047, 29.0423, 106.736
363, 0.00000, 2492.84, -0.589457, 2415.28, -120.587, 2410.88, 118.235, 11.5473, -12.0787, 14.2792, -132.061, 29.7503, 106.693
364, 0.00000, 2491.39, -0.605932, 2411.53, -120.603, 2406.95, 118.184, 11.8686, -12.0962, 14.6907, -132.077, 30.612, 106.639
365, 0.00000, 2489.03, -0.63288, 2405.39, -120.629, 2400.5, 118.101, 12.3934, -12.1248, 15.3646, -132.104, 32.0236, 106.552
366, 0.00000, 2488.13, -0.643103, 2403.05, -120.639, 2398.04, 118.069, 12.5925, -12.1356, 15.6215, -132.114, 32.5621, 106.518
367, 0.00000, 2487.32, -0.652293, 2400.97, -120.648, 2395.86, 118.041, 12.7708, -12.1453, 15.8495, -132.123, 33.0395, 106.49
368, 0.00000, 2487.77, -0.64729, 2402.07, -120.643, 2397.02, 118.056, 12.6743, -12.1401, 15.7285, -132.118, 32.7867, 106.504
369, 0.00000, 2486.52, -0.661562, 2398.83, -120.657, 2393.61, 118.012, 12.9514, -12.1552, 16.0844, -132.132, 33.5325, 106.458
370, 0.00000, 2488.38, -0.640242, 2403.69, -120.636, 2398.71, 118.078, 12.5371, -12.1326, 15.5512, -132.111, 32.4149, 106.527
371, 0.00000, 2489.44, -0.628154, 2406.45, -120.625, 2401.62, 118.115, 12.3018, -12.1198, 15.2479, -132.099, 31.7793, 106.567
372, 0.00000, 2489.73, -0.624937, 2407.18, -120.621, 2402.38, 118.125, 12.2392, -12.1164, 15.1679, -132.096, 31.6117, 106.577
373, 0.00000, 2489.83, -0.623767, 2407.45, -120.62, 2402.67, 118.129, 12.2163, -12.1151, 15.1379, -132.095, 31.5489, 106.581
374, 0.00000, 2489.43, -0.628211, 2406.46, -120.625, 2401.62, 118.115, 12.3025, -12.1198, 15.2475, -132.099, 31.7781, 106.567
375, 0.00000, 2490.93, -0.611154, 2410.33, -120.608, 2405.68, 118.168, 11.9707, -12.1017, 14.8227, -132.082, 30.8885, 106.622
376, 0.00000, 2492.92, -0.58854, 2415.48, -120.586, 2411.08, 118.238, 11.5297, -12.0777, 14.2577, -132.06, 29.7055, 106.695
377, 0.00000, 2494.68, -0.568689, 2419.99, -120.566, 2415.82, 118.299, 11.1422, -12.0566, 13.7623, -132.04, 28.6684, 106.759
378, 0.00000, 2496.41, -0.549149, 2424.43, -120.547, 2420.46, 118.359, 10.7603, -12.0357, 13.2754, -132.021, 27.6498, 106.823
379, 0.00000, 2498.54, -0.525134, 2429.88, -120.523, 2426.16, 118.433, 10.2905, -12.0101, 12.6782, -131.997, 26.4007, 106.9
380, 0.00000, 2500.4, -0.504119, 2434.65, -120.502, 2431.13, 118.497, 9.8787, -11.9876, 12.156, -131.976, 25.3091, 106.968
381, 0.00000, 2501.16, -0.495679, 2436.55, -120.494, 2433.11, 118.523, 9.71358, -11.9786, 11.9481, -131.968, 24.8748, 106.994
382, 0.00000, 2502.34, -0.48247, 2439.56, -120.481, 2436.25, 118.564, 9.45388, -11.9644, 11.6187, -131.955, 24.1862, 107.038
383, 0.00000, 2504.46, -0.458744, 2444.93, -120.457, 2441.84, 118.636, 8.98756, -11.9389, 11.0308, -131.931, 22.9583, 107.114
384, 0.00000, 2506.12, -0.440236, 2449.12, -120.439, 2446.2, 118.693, 8.62284, -11.919, 10.572, -131.913, 22.0002, 107.174
385, 0.00000, 2506.74, -0.433312, 2450.68, -120.432, 2447.82, 118.714, 8.48651, -11.9115, 10.4015, -131.906, 21.6446, 107.196
385, 0.00000, 2506.74, -0.433312, 2450.68, -120.432, 2447.82, 118.714, 8.48651, -11.9115, 10.4015, -131.906, 21.6446, 107.196
