,P_gross_watts,Q_var,P_pv_watts,V,P_pv_normalized_by_max,,,,
2017-09-08 00:00:00-10:00,919.1396,236.1736667,0,242.5952,0,0.583589749,0.124254857,1574.975574,1900.7198
2017-09-08 00:15:00-10:00,877.3024,226.0902,0,242.9480667,0,0.557026035,0.118949779,,
2017-09-08 00:30:00-10:00,940.2984667,243.4126,0,243.4773333,0,0.597024158,0.128063379,,
2017-09-08 00:45:00-10:00,798.9564,225.4778,0,243.7252667,0,0.507281772,0.118627585,,
2017-09-08 01:00:00-10:00,783.0654667,243.7228667,0,243.6836667,0,0.497192134,0.128226615,,
2017-09-08 01:15:00-10:00,713.9960667,226.2175333,0,243.6671333,0,0.453337867,0.119016771,,
2017-09-08 01:30:00-10:00,664.0846,194.9233333,0,242.2661333,0,0.421647555,0.102552377,,
2017-09-08 01:45:00-10:00,631.0949333,174.2706,0,241.7396667,0,0.40070141,0.091686634,,
2017-09-08 02:00:00-10:00,827.9252667,220.0102667,0,242.0828667,0,0.525674988,0.115751026,,
2017-09-08 02:15:00-10:00,858.3357333,219.1960667,0,242.0438667,0,0.544983521,0.115322662,,
2017-09-08 02:30:00-10:00,990.218,210.9308571,0,242.3397857,0,0.628719592,0.110974199,,
2017-09-08 02:45:00-10:00,1001.2988,206.8837333,0,242.8006667,0,0.635755129,0.10884494,,
2017-09-08 03:00:00-10:00,924.4521333,193.113,0,242.9204,0,0.586962838,0.101599931,,
2017-09-08 03:15:00-10:00,995.3392667,206.7838,0,242.8435333,0,0.63197124,0.108792364,,
2017-09-08 03:30:00-10:00,920.5619333,192.9385333,0,243.1453333,0,0.584492832,0.101508141,,
2017-09-08 03:45:00-10:00,970.172,213.8025333,0,242.4776667,0,0.615991775,0.112485035,,
2017-09-08 04:00:00-10:00,968.2454667,226.5754667,0,242.6026,0,0.614768561,0.119205086,,
2017-09-08 04:15:00-10:00,912.2615714,219.7538571,0,242.0094286,0,0.579222679,0.115616125,,
2017-09-08 04:30:00-10:00,901.3757143,243.646,0,242.7357857,0,0.572310916,0.128186175,,
2017-09-08 04:45:00-10:00,852.4207333,228.8383333,0,242.6727333,0,0.541227907,0.120395617,,
2017-09-08 05:00:00-10:00,904.1028667,236.9488667,0,241.8737333,0,0.574042469,0.124662702,,
2017-09-08 05:15:00-10:00,842.3235333,223.3952667,0,241.261,0,0.534816887,0.11753193,,
2017-09-08 05:30:00-10:00,892.8496,236.3538667,0,242.4174667,0,0.566897427,0.124349663,,
2017-09-08 05:45:00-10:00,836.0042667,224.1494667,0,241.7716667,0,0.530804592,0.117928727,,
2017-09-08 06:00:00-10:00,888.5032667,234.8681333,0,241.7308667,0,0.564137807,0.123567994,,
2017-09-08 06:15:00-10:00,833.9518,220.9673333,0,240.7502667,0,0.529501418,0.116254554,,
2017-09-08 06:30:00-10:00,911.1926997,128.8604667,35.685633,241.5689333,0.006827553,0.57854402,0.067795614,,
2017-09-08 06:45:00-10:00,854.2241442,109.8066,105.1863442,242.2246,0.020124776,0.542372947,0.057771061,,
2017-09-08 07:00:00-10:00,940.1250384,184.5278,252.0910384,243.3473333,0.048231315,0.596914043,0.097083116,,
2017-09-08 07:15:00-10:00,877.5408413,220.9135333,451.7325747,244.6662,0.086427729,0.557177429,0.116226249,,
2017-09-08 07:30:00-10:00,956.8754601,492.417,837.2673267,245.1816,0.160190161,0.607549397,0.259068696,,
2017-09-08 07:45:00-10:00,487.1606218,520.6619333,1228.372688,244.7627333,0.23501839,0.309313128,0.273928821,,
2017-09-08 08:00:00-10:00,417.4075815,567.8293333,1563.770982,244.4814,0.299188464,0.265024797,0.298744367,,
2017-09-08 08:15:00-10:00,406.7557624,650.0942,1893.259629,244.9538,0.362227876,0.258261632,0.342025269,,
2017-09-08 08:30:00-10:00,442.1001747,736.7444667,2204.732575,246.2749333,0.421820434,0.280702877,0.387613401,,
2017-09-08 08:45:00-10:00,596.0214842,828.1455333,2522.473684,246.0045333,0.482612247,0.378432208,0.435701008,,
2017-09-08 09:00:00-10:00,841.4066636,1227.707929,2821.042735,247.4169286,0.539735968,0.534234738,0.645917367,,
2017-09-08 09:15:00-10:00,1059.784148,1216.411333,3071.705548,247.5668,0.587694027,0.672889259,0.639974042,,
2017-09-08 09:30:00-10:00,788.8737985,1065.6714,2813.911932,245.403,0.538371667,0.500880021,0.56066728,,
2017-09-08 09:45:00-10:00,353.0995946,1415.0182,3970.594595,248.9409333,0.759673963,0.224193696,0.744464387,,
2017-09-08 10:00:00-10:00,568.3410941,1625.425333,4162.529161,248.6445333,0.796395842,0.360857085,0.855163046,,
2017-09-08 10:15:00-10:00,729.1367263,1725.799933,3999.210526,248.9917333,0.765148906,0.462951133,0.907971776,,
2017-09-08 10:30:00-10:00,559.4777665,1365.1604,3206.4367,246.0784,0.613471463,0.355229488,0.718233377,,
2017-09-08 10:45:00-10:00,400.6835581,1461.0946,3956.014225,247.0538667,0.756884374,0.254406205,0.76870594,,
2017-09-08 11:00:00-10:00,946.9873029,1305.638929,3659.71266,244.8363571,0.700194481,0.601271104,0.68691815,,
2017-09-08 11:15:00-10:00,536.0342432,1699.039267,4726.243243,248.2592667,0.904248432,0.34034448,0.893892549,,
2017-09-08 11:30:00-10:00,195.2326414,928.923,2278.108108,242.1664667,0.435859007,0.123959155,0.488721694,,
2017-09-08 11:45:00-10:00,306.9265686,1422.858071,3572.257426,246.0464286,0.683462109,0.194877034,0.748589072,,
2017-09-08 12:00:00-10:00,858.580007,955.9969333,2884.789474,242.0215333,0.551932312,0.545138617,0.502965736,,
2017-09-08 12:15:00-10:00,634.0899012,1887.991,5182.694168,248.6242667,0.9915789,0.402603006,0.993303169,,
2017-09-08 12:30:00-10:00,229.5650707,772.5553333,1963.488604,241.8448667,0.375664434,0.145757861,0.406454088,,
2017-09-08 12:45:00-10:00,969.8177523,1453.598267,4558.538352,247.5075333,0.872162296,0.615766853,0.764761995,,
2017-09-08 13:00:00-10:00,760.2505977,1900.7198,4994.555398,249.1054667,0.955583252,0.482706278,1,,
2017-09-08 13:15:00-10:00,617.2802817,1690.305333,4379.709815,247.7557333,0.837947928,0.391930067,0.889297483,,
2017-09-08 13:30:00-10:00,513.5877971,1862.796667,4974.358464,248.6031333,0.951719074,0.326092547,0.980048015,,
2017-09-08 13:45:00-10:00,665.0399016,1796.195467,5049.196302,246.6016667,0.966037422,0.422254105,0.945008026,,
2017-09-08 14:00:00-10:00,328.3981817,1457.868667,4266.522048,245.4064,0.81629228,0.208510016,0.767008723,,
2017-09-08 14:15:00-10:00,436.3274734,798.175,2149.662873,239.6664667,0.411284224,0.277037613,0.419933017,,
2017-09-08 14:30:00-10:00,640.4990984,519.1386,1672.803698,239.2196,0.320049148,0.406672401,0.27312737,,
2017-09-08 14:45:00-10:00,504.4669675,414.3243571,1114.255682,239.6261429,0.213184955,0.320301455,0.21798287,,
2017-09-08 15:00:00-10:00,626.6462865,601.935,1777.486486,243.101,0.340077581,0.397876829,0.31668792,,
2017-09-08 15:15:00-10:00,382.3076688,756.9492857,1982.670455,244.3202857,0.379334401,0.242738792,0.39824349,,
2017-09-08 15:30:00-10:00,442.6825068,391.926,1040.271307,241.2208,0.199029895,0.281072617,0.206198725,,
2017-09-08 15:45:00-10:00,461.1815257,337.1259286,896.5106686,241.2037857,0.171524893,0.292818208,0.177367505,,
2017-09-08 16:00:00-10:00,458.088325,24.02513333,655.578125,240.9162,0.125428477,0.290854241,0.012640018,,
2017-09-08 16:15:00-10:00,468.4793109,332.0415,910.9274538,242.1056429,0.174283184,0.297451795,0.174692503,,
2017-09-08 16:30:00-10:00,598.2142386,325.9888,1066.808239,242.6904667,0.204107074,0.379824455,0.171508078,,
2017-09-08 16:45:00-10:00,278.091285,703.4943333,1817.477952,243.8905333,0.347728947,0.176568634,0.370119958,,
2017-09-08 17:00:00-10:00,417.717112,-123.4682143,425.8053977,241.7607857,0.081467213,0.265221327,-0.064958662,,
2017-09-08 17:15:00-10:00,456.6411299,-176.3256923,279.8748222,242.363,0.053547047,0.289935373,-0.092767852,,
2017-09-08 17:30:00-10:00,727.4695093,-215.4645333,177.9900427,242.3727333,0.034053943,0.461892566,-0.113359441,,
2017-09-08 17:45:00-10:00,641.572618,-231.4857857,139.9134752,241.7616429,0.026768944,0.407354011,-0.121788485,,
2017-09-08 18:00:00-10:00,426.4909072,-214.5205,91.50497866,242.1212857,0.017507189,0.270792077,-0.112862769,,
2017-09-08 18:15:00-10:00,383.9889833,-224.9196,27.90611664,241.3564667,0.005339137,0.24380631,-0.118333907,,
2017-09-08 18:30:00-10:00,370.9059665,-78.2848,0.436699858,241.5492667,8.36E-05,0.235499504,-0.041186923,,
2017-09-08 18:45:00-10:00,362.1549333,-38.54006667,0,240.3852,0,0.229943206,-0.020276564,,
2017-09-08 19:00:00-10:00,358.1795714,-36.98414286,0,239.791,0,0.227419128,-0.019457967,,
2017-09-08 19:15:00-10:00,358.3959286,-37.87985714,0,240.7491429,0,0.2275565,-0.019929217,,
2017-09-08 19:30:00-10:00,315.3238,-41.2616,0,241.1396,0,0.200208692,-0.021708408,,
2017-09-08 19:45:00-10:00,290.8516667,-10.755,0,240.3431333,0,0.184670589,-0.005658383,,
2017-09-08 20:00:00-10:00,315.5635333,37.5628,0,241.075,0,0.200360906,0.019762408,,
2017-09-08 20:15:00-10:00,839.4592667,200.959,0,241.2978667,0,0.532998277,0.105727841,,
2017-09-08 20:30:00-10:00,400.7305714,-33.2475,0,242.5759286,0,0.254436055,-0.017492057,,
2017-09-08 20:45:00-10:00,331.6290714,-37.42678571,0,242.7407143,0,0.210561406,-0.019690849,,
2017-09-08 21:00:00-10:00,440.5143333,-40.9404,0,243.0634,0,0.279695978,-0.021539419,,
2017-09-08 21:15:00-10:00,442.2145333,-41.2872,0,243.8985333,0,0.280775487,-0.021721876,,
2017-09-08 21:30:00-10:00,436.5370667,-41.37946667,0,243.6102667,0,0.27717069,-0.021770419,,
2017-09-08 21:45:00-10:00,433.0852143,-41.181,0,243.1782143,0,0.274979004,-0.021666003,,
2017-09-08 22:00:00-10:00,429.1572667,-40.8486,0,242.5511333,0,0.27248503,-0.021491121,,
2017-09-08 22:15:00-10:00,399.7076429,-43.10414286,0,242.7731429,0,0.253786566,-0.0226778,,
2017-09-08 22:30:00-10:00,381.1915333,-44.90873333,0,243.0908,0,0.242030124,-0.023627224,,
2017-09-08 22:45:00-10:00,374.8982,-45.154,0,242.8974,0,0.238034295,-0.023756263,,
2017-09-08 23:00:00-10:00,371.0348,-45.0442,0,242.2178667,0,0.235581304,-0.023698496,,
2017-09-08 23:15:00-10:00,281.5977333,-43.30126667,0,242.5858667,0,0.178794984,-0.02278151,,
2017-09-08 23:30:00-10:00,372.1227333,-44.54,0,243.3679333,0,0.236272066,-0.023433228,,
2017-09-08 23:45:00-10:00,450.4547333,-42.33586667,0,243.483,0,0.286007441,-0.022273597,,
2017-09-09 00:00:00-10:00,487.3656667,-40.86146667,0,242.4146,0,0.309443317,-0.021497891,,
2017-09-09 00:15:00-10:00,367.9202857,-38.52514286,0,243.1961429,0,0.233603804,-0.020268712,,
2017-09-09 00:30:00-10:00,345.259,-37.67173333,0,243.0857333,0,0.219215463,-0.01981972,,
2017-09-09 00:45:00-10:00,344.8372,-37.24886667,0,243.6048,0,0.218947649,-0.019597242,,
2017-09-09 01:00:00-10:00,343.2413333,-37.2034,0,243.1173333,0,0.217934385,-0.019573322,,
2017-09-09 01:15:00-10:00,348.7868,-38.31373333,0,243.1181333,0,0.221455371,-0.020157486,,
2017-09-09 01:30:00-10:00,550.6576667,-49.7726,0,242.1034667,0,0.349629338,-0.026186185,,
2017-09-09 01:45:00-10:00,792.0482667,-54.75306667,0,241.949,0,0.502895587,-0.02880649,,
2017-09-09 02:00:00-10:00,491.7339286,-49.31871429,0,242.4800714,0,0.31221686,-0.025947388,,
2017-09-09 02:15:00-10:00,514.1560714,-42.2485,0,242.2548571,0,0.326453362,-0.022227632,,
2017-09-09 02:30:00-10:00,504.7687333,-42.5784,0,241.9902667,0,0.320493055,-0.022401198,,
2017-09-09 02:45:00-10:00,481.9521333,-48.52533333,0,242.0344,0,0.3060061,-0.025529977,,
2017-09-09 03:00:00-10:00,446.2465714,-51.27378571,0,241.9505714,0,0.283335551,-0.026975983,,
2017-09-09 03:15:00-10:00,440.8180667,-50.6774,0,242.1077333,0,0.279888827,-0.026662215,,
2017-09-09 03:30:00-10:00,437.4462,-50.4494,0,241.6958,0,0.277747926,-0.02654226,,
2017-09-09 03:45:00-10:00,434.626,-51.11053333,0,241.6907333,0,0.275957296,-0.026890094,,
2017-09-09 04:00:00-10:00,434.3755333,-51.19626667,0,242.1722,0,0.275798267,-0.026935199,,
2017-09-09 04:15:00-10:00,416.7452,-54.13613333,0,242.5448667,0,0.264604231,-0.028481912,,
2017-09-09 04:30:00-10:00,376.7422,-60.0236,0,242.1515333,0,0.239205107,-0.031579405,,
2017-09-09 04:45:00-10:00,281.5957143,-51.87121429,0,242.5466429,0,0.178793703,-0.0272903,,
2017-09-09 05:00:00-10:00,314.0292667,-60.73546667,0,241.8548667,0,0.199386754,-0.03195393,,
2017-09-09 05:15:00-10:00,452.0918571,3.326714286,0,241.2839286,0,0.287046901,0.001750239,,
2017-09-09 05:30:00-10:00,349.2426,-45.5906,0,241.1824,0,0.221744772,-0.023985966,,
2017-09-09 05:45:00-10:00,272.0221333,-53.78573333,0,241.3712,0,0.172715144,-0.02829756,,
2017-09-09 06:00:00-10:00,383.2023333,-44.04406667,0,241.3617333,0,0.243306842,-0.023172309,,
2017-09-09 06:15:00-10:00,295.2681333,-57.95333333,0,243.3737333,0,0.187474738,-0.030490203,,
2017-09-09 06:30:00-10:00,394.4525469,-187.2595333,28.70128023,243.6301333,0.005491272,0.250449946,-0.098520325,,
2017-09-09 06:45:00-10:00,337.3607108,-233.8008,143.6230441,242.9818667,0.027478677,0.214200599,-0.123006453,,
2017-09-09 07:00:00-10:00,391.124326,-170.2712667,348.083926,242.6017333,0.066597153,0.248336757,-0.089582519,,
2017-09-09 07:15:00-10:00,354.4314656,-132.2706,507.8691323,242.8162,0.097168056,0.225039341,-0.069589742,,
2017-09-09 07:30:00-10:00,408.8408781,93.73193333,715.4395448,242.8196,0.136881462,0.259585536,0.049313914,,
2017-09-09 07:45:00-10:00,309.0736759,214.8504,830.4267425,243.0224,0.158881387,0.196240298,0.113036335,,
2017-09-09 08:00:00-10:00,386.6723825,-199.2932143,483.5334539,241.9085,0.092512032,0.245510082,-0.104851443,,
2017-09-09 08:15:00-10:00,386.4373199,-245.2668667,392.6742532,241.4259333,0.075128397,0.245360834,-0.129038939,,
2017-09-09 08:30:00-10:00,365.8141522,-206.9602667,590.7311522,241.2235333,0.113021631,0.232266556,-0.108885206,,
2017-09-09 08:45:00-10:00,348.6311015,100.9095333,808.4005682,242.3489333,0.154667229,0.221356513,0.053090168,,
2017-09-09 09:00:00-10:00,370.2054676,120.8880667,853.7553343,242.9473333,0.163344729,0.235054736,0.063601203,,
2017-09-09 09:15:00-10:00,373.5477001,70.23466667,1159.5633,243.4425333,0.221853435,0.237176821,0.036951615,,
2017-09-09 09:30:00-10:00,391.6949485,76.0312,1342.380682,242.0836667,0.256830968,0.248699062,0.040001267,,
2017-09-09 09:45:00-10:00,325.5826659,37.17366667,1460.768466,242.5198667,0.279481509,0.206722359,0.019557678,,
2017-09-09 10:00:00-10:00,503.9779457,98.58253333,1908.819346,243.3675333,0.365204838,0.31999096,0.051865895,,
2017-09-09 10:15:00-10:00,472.6615016,170.1892143,1350.862216,240.6160714,0.258453697,0.300107195,0.089539349,,
2017-09-09 10:30:00-10:00,535.1035167,192.2979333,1382.28125,241.0333333,0.264464944,0.339753534,0.101171111,,
2017-09-09 10:45:00-10:00,376.5477462,191.0408,1903.06108,243.2103333,0.364103138,0.239081642,0.100509712,,
2017-09-09 11:00:00-10:00,643.7339947,133.1694667,2481.504261,242.4017333,0.474773773,0.408726335,0.07006265,,
2017-09-09 11:15:00-10:00,259.4543693,272.0188667,1969.327169,241.7661333,0.376781497,0.164735488,0.143113607,,
2017-09-09 11:30:00-10:00,860.0906311,220.0176,2665.492898,241.7888667,0.509975397,0.546097759,0.115754884,,
2017-09-09 11:45:00-10:00,1000.626708,727.9097333,4451.230441,248.5383333,0.851631611,0.635328397,0.382965303,,
2017-09-09 12:00:00-10:00,612.9257101,399.4446,3338.99431,245.7793333,0.638833046,0.389165216,0.210154385,,
2017-09-09 12:15:00-10:00,494.3483225,1089.182786,4799.224751,249.8862857,0.918211618,0.313876819,0.573037007,,
2017-09-09 12:30:00-10:00,422.104053,334.9214,2315.923186,244.0122,0.443093976,0.26800673,0.176207666,,
2017-09-09 12:45:00-10:00,589.9569992,262.1324286,2653.066856,244.8217857,0.507597985,0.374581682,0.137912189,,
2017-09-09 13:00:00-10:00,822.9211645,904.8011333,4639.550498,249.4788667,0.887661944,0.522497731,0.476030782,,
2017-09-09 13:15:00-10:00,54.75889284,553.3220667,2834.647226,245.166,0.542338847,0.03476809,0.291111855,,
2017-09-09 13:30:00-10:00,363.9030498,318.4759333,3063.15505,244.664,0.586058103,0.231053139,0.167555435,,
2017-09-09 13:45:00-10:00,907.0050735,795.2252667,5226.708807,248.1590667,1,0.575885168,0.418381114,,
2017-09-09 14:00:00-10:00,370.7989186,564.1201333,3819.792319,245.694,0.73082172,0.235431536,0.296792896,,
2017-09-09 14:15:00-10:00,451.1114746,728.9109286,3749.83926,246.2476429,0.717437952,0.286424426,0.383492048,,
2017-09-09 14:30:00-10:00,599.5874393,795.2184667,4775.482906,248.3406667,0.91366921,0.380696342,0.418377536,,
2017-09-09 14:45:00-10:00,336.5578985,399.6322667,3623.179232,246.1791333,0.693204723,0.213690869,0.210253119,,
2017-09-09 15:00:00-10:00,755.8532356,255.7893571,3329.617021,243.2197857,0.637038937,0.479914259,0.134574995,,
2017-09-09 15:15:00-10:00,417.5008068,216.7976,3496.208807,243.9639333,0.668912108,0.265083988,0.114060789,,
2017-09-09 15:30:00-10:00,364.5375303,94.45593333,3579.823864,243.6622,0.684909758,0.23145599,0.049694823,,
2017-09-09 15:45:00-10:00,563.0832457,175.7815333,2589.007112,241.8408,0.495341755,0.357518716,0.092481561,,
2017-09-09 16:00:00-10:00,546.9729527,93.20593333,3349.608819,244.0748667,0.640863867,0.3472898,0.049037177,,
2017-09-09 16:15:00-10:00,379.7237938,76.61935714,3015.43608,242.7696429,0.576928272,0.241098211,0.040310706,,
2017-09-09 16:30:00-10:00,232.5789843,160.4602667,1099.661451,239.6334,0.210392714,0.147671487,0.08442079,,
2017-09-09 16:45:00-10:00,518.2522712,94.47253333,689.5142045,238.8784667,0.131921297,0.329054164,0.049703556,,
2017-09-09 17:00:00-10:00,580.6249958,-43.47807692,902.9189189,239.7073077,0.172750951,0.368656508,-0.022874533,,
2017-09-09 17:15:00-10:00,415.1629795,83.39133333,1122.62358,240.2997333,0.214785943,0.263599631,0.043873554,,
2017-09-09 17:30:00-10:00,456.8981561,123.4282667,841.0710227,242.2028,0.160917903,0.290098566,0.064937645,,
2017-09-09 17:45:00-10:00,428.3483629,-204.1196,556.6548295,241.7028,0.106501979,0.271971432,-0.107390684,,
2017-09-09 18:00:00-10:00,478.2558163,-228.5436,461.5917496,239.8926,0.088314036,0.303659196,-0.120240553,,
2017-09-09 18:15:00-10:00,411.3707603,-233.9924,223.6514936,241.1618667,0.042790119,0.261191835,-0.123107257,,
2017-09-09 18:30:00-10:00,314.1700295,-195.6711333,30.90482955,241.0860667,0.005912866,0.199476128,-0.102945807,,
2017-09-09 18:45:00-10:00,254.8534667,20.11333333,0,241.2414667,0,0.161814234,0.010581956,,
2017-09-09 19:00:00-10:00,248.4209333,15.30926667,0,241.6087333,0,0.157730023,0.008054457,,
2017-09-09 19:15:00-10:00,238.941,9.6822,0,242.1398,0,0.151710924,0.005093965,,
2017-09-09 19:30:00-10:00,258.2789333,20.62326667,0,243.7206,0,0.163989168,0.01085024,,
2017-09-09 19:45:00-10:00,724.3356429,195.1927143,0,243.2077143,0,0.459902779,0.102694103,,
2017-09-09 20:00:00-10:00,1440.132,514.0157857,0,242.8637857,0,0.914383704,0.270432173,,
2017-09-09 20:15:00-10:00,1339.716933,444.7187333,0,242.0994,0,0.850627118,0.233973852,,
2017-09-09 20:30:00-10:00,1160.622067,328.8566,0,243.1987333,0,0.736914328,0.173016875,,
2017-09-09 20:45:00-10:00,1103.351467,242.4486667,0,243.0480667,0,0.700551478,0.127556238,,
2017-09-09 21:00:00-10:00,1044.001067,225.0982667,0,242.9633333,0,0.6628681,0.118427906,,
2017-09-09 21:15:00-10:00,1001.3545,216.6174286,0,242.5302857,0,0.635790495,0.113965998,,
2017-09-09 21:30:00-10:00,1039.117867,226.4253333,0,242.0767333,0,0.659767608,0.119126098,,
2017-09-09 21:45:00-10:00,973.1246429,206.2745714,0,241.9769286,0,0.617866498,0.10852445,,
2017-09-09 22:00:00-10:00,1000.174533,236.5946667,0,243.3666,0,0.635041298,0.124476352,,
2017-09-09 22:15:00-10:00,898.6242667,216.7589333,0,241.5645333,0,0.570563938,0.114040446,,
2017-09-09 22:30:00-10:00,1258.3792,208.6142,0,240.3122667,0,0.798983312,0.109755367,,
2017-09-09 22:45:00-10:00,1029.250357,216.5469286,0,241.0044286,0,0.653502425,0.113928907,,
2017-09-09 23:00:00-10:00,1003.8776,239.0768667,0,241.8026,0,0.637392488,0.125782278,,
2017-09-09 23:15:00-10:00,912.0472667,230.5633333,0,241.4976667,0,0.57908661,0.121303168,,
2017-09-09 23:30:00-10:00,898.472,235.9242,0,242.1095333,0,0.57046726,0.124123608,,
2017-09-09 23:45:00-10:00,850.5456667,228.5963333,0,242.415,0,0.54003737,0.120268297,,
2017-09-10 00:00:00-10:00,728.8010714,154.1944286,0,240.3987143,0,0.462738015,0.081124229,,
2017-09-10 00:15:00-10:00,828.8125714,228.1607143,0,240.4311429,0,0.526238365,0.120039111,,
2017-09-10 00:30:00-10:00,780.9736667,224.015,0,240.4441333,0,0.495863986,0.117857982,,
2017-09-10 00:45:00-10:00,699.6844286,209.76,0,241.6082857,0,0.444250971,0.110358192,,
2017-09-10 01:00:00-10:00,783.0840667,226.2466,0,241.5186,0,0.497203944,0.119032064,,
2017-09-10 01:15:00-10:00,694.0156,211.5605333,0,241.9217333,0,0.440651659,0.111305482,,
2017-09-10 01:30:00-10:00,712.1296667,215.8351333,0,242.4937333,0,0.452152832,0.113554419,,
2017-09-10 01:45:00-10:00,728.4752667,221.0886,0,243.0132667,0,0.462531152,0.116318355,,
2017-09-10 02:00:00-10:00,669.6809333,211.1462667,0,243.363,0,0.425200838,0.111087529,,
2017-09-10 02:15:00-10:00,739.8109286,226.6040714,0,243.0816429,0,0.469728509,0.119220135,,
2017-09-10 02:30:00-10:00,676.6472667,212.0334,0,243.4631333,0,0.429623975,0.111554265,,
2017-09-10 02:45:00-10:00,581.0904667,138.8974667,0,243.6019333,0,0.36895205,0.073076245,,
2017-09-10 03:00:00-10:00,199.7977333,-94.21193333,0,243.0420667,0,0.126857671,-0.04956645,,
2017-09-10 03:15:00-10:00,178.588,-97.91778571,0,243.4912143,0,0.113390965,-0.05151616,,
2017-09-10 03:30:00-10:00,231.794,-88.81006667,0,243.5292667,0,0.147173076,-0.046724439,,
2017-09-10 03:45:00-10:00,144.188,-101.0216667,0,243.3651333,0,0.091549356,-0.053149163,,
2017-09-10 04:00:00-10:00,233.7175,-93.50721429,0,243.6124286,0,0.148394365,-0.049195686,,
2017-09-10 04:15:00-10:00,175.1276667,-96.383,0,243.6327333,0,0.111193894,-0.050708684,,
2017-09-10 04:30:00-10:00,186.2652857,-95.74364286,0,243.7847857,0,0.118265508,-0.050372308,,
2017-09-10 04:45:00-10:00,211.5812,-55.57733333,0,243.5077333,0,0.134339353,-0.029240151,,
2017-09-10 05:00:00-10:00,296.3542,-80.29453333,0,243.1295333,0,0.188164315,-0.042244277,,
2017-09-10 05:15:00-10:00,362.1425333,-53.8972,0,243.113,0,0.229935333,-0.028356205,,
2017-09-10 05:30:00-10:00,317.5716,-60.7646,0,242.6471333,0,0.201635889,-0.031969257,,
2017-09-10 05:45:00-10:00,333.2610714,-57.20164286,0,242.207,0,0.211597613,-0.030094727,,
2017-09-10 06:00:00-10:00,319.9309333,-58.55053333,0,242.4728667,0,0.203133902,-0.0308044,,
2017-09-10 06:15:00-10:00,301.705,-63.11426667,0,239.9808667,0,0.191561701,-0.033205455,,
2017-09-10 06:30:00-10:00,358.7554348,-123.2824,18.82076814,240.6856,0.003600883,0.227784761,-0.064860902,,
2017-09-10 06:45:00-10:00,301.5027212,-279.505,90.92045455,241.5818,0.017395355,0.191433268,-0.147052185,,
2017-09-10 07:00:00-10:00,325.3114895,-277.742,240.5035562,243.4239333,0.04601434,0.206550181,-0.146124642,,
2017-09-10 07:15:00-10:00,231.5408886,-294.8162667,449.7482219,243.8658,0.086048073,0.147012368,-0.155107695,,
2017-09-10 07:30:00-10:00,272.5875939,-88.94226667,863.1477273,243.3107333,0.165141729,0.173074172,-0.046793992,,
2017-09-10 07:45:00-10:00,269.5286595,34.99506667,1209.459459,244.7336,0.231399817,0.171131962,0.018411481,,
2017-09-10 08:00:00-10:00,240.4770056,42.01986667,1553.156472,243.9387333,0.297157643,0.152686181,0.022107344,,
2017-09-10 08:15:00-10:00,310.750556,131.9289333,1900.752489,245.597,0.363661447,0.197305,0.069409985,,
2017-09-10 08:30:00-10:00,203.4352941,160.7962857,2229.77208,245.8704286,0.426611117,0.129167269,0.084597575,,
2017-09-10 08:45:00-10:00,312.9064005,193.4183333,2543.877667,245.9886667,0.486707364,0.198673812,0.101760572,,
2017-09-10 09:00:00-10:00,406.9706346,211.9356429,2833.55192,246.6138571,0.542129287,0.258398061,0.111502833,,
2017-09-10 09:15:00-10:00,447.0028485,276.0864,3136.568182,247.0844667,0.60010387,0.283815734,0.145253603,,
2017-09-10 09:30:00-10:00,392.0400958,311.5465333,3417.288762,247.2786,0.653812732,0.248918207,0.163909764,,
2017-09-10 09:45:00-10:00,466.5878706,463.9908,3696.396871,248.1853333,0.707213087,0.296250861,0.244113204,,
2017-09-10 10:00:00-10:00,407.1040319,710.5624,3865.179232,249.2432667,0.73950537,0.258482759,0.373838585,,
2017-09-10 10:15:00-10:00,377.2226811,890.3309333,3914.149148,249.4600667,0.748874539,0.239510179,0.468417772,,
2017-09-10 10:30:00-10:00,414.3523705,873.3444,4212.47017,249.3211333,0.805950805,0.26308495,0.459480877,,
2017-09-10 10:45:00-10:00,446.5834431,712.6440667,4299.86771,248.954,0.822672138,0.283549441,0.374933784,,
2017-09-10 11:00:00-10:00,781.5516899,544.5879286,4412.816761,247.3928571,0.844282114,0.496230991,0.286516681,,
2017-09-10 11:15:00-10:00,457.3207068,587.8986667,4522.021307,248.5521333,0.865175672,0.290366857,0.309303174,,
2017-09-10 11:30:00-10:00,473.1926008,513.2166667,4666.981534,247.5344667,0.892910186,0.300444406,0.270011743,,
2017-09-10 11:45:00-10:00,863.9232156,882.4456667,4497.963016,248.1654667,0.86057272,0.548531183,0.464269203,,
2017-09-10 12:00:00-10:00,585.3942966,997.6948,4949.668563,249.3198,0.946995279,0.371684683,0.524903671,,
2017-09-10 12:15:00-10:00,583.0525152,738.6771333,4774.818182,247.7002,0.913542032,0.370197814,0.388630209,,
2017-09-10 12:30:00-10:00,417.2097234,621.3898571,4769.497866,248.1538571,0.912524122,0.264899171,0.326923441,,
2017-09-10 12:45:00-10:00,483.3493295,883.9958,4780.978663,249.0138,0.914720686,0.306893223,0.465084754,,
2017-09-10 13:00:00-10:00,367.0958956,627.7303333,4748.537696,248.7854,0.908513918,0.233080374,0.33025927,,
2017-09-10 13:15:00-10:00,407.1045309,326.3614,4742.236131,246.5499333,0.907308271,0.258483076,0.171704109,,
2017-09-10 13:30:00-10:00,325.8312396,211.1017333,4515.972973,243.7890667,0.864018475,0.206880186,0.1110641,,
2017-09-10 13:45:00-10:00,216.8409674,218.3128667,4231.794034,239.5344667,0.809647943,0.13767894,0.114857996,,
2017-09-10 14:00:00-10:00,310.0417892,84.0222,4462.189189,240.2712667,0.853728293,0.196854983,0.044205464,,
2017-09-10 14:15:00-10:00,332.2583442,361.3280714,4342.186344,241.3657857,0.83076875,0.210960951,0.190100651,,
2017-09-10 14:30:00-10:00,273.2214671,419.6952667,4203.877667,240.5786667,0.804306844,0.173476638,0.220808594,,
2017-09-10 14:45:00-10:00,301.1511001,276.1909333,4055.5633,240.5406667,0.7759306,0.191210013,0.1453086,,
2017-09-10 15:00:00-10:00,103.3541248,142.6747333,3345.419858,239.5263333,0.640062414,0.065622684,0.075063528,,
2017-09-10 15:15:00-10:00,711.5647659,168.8902667,2210.955966,238.2729333,0.423011124,0.45179416,0.088855952,,
2017-09-10 15:30:00-10:00,489.7248215,141.0308571,3684.058321,241.9427143,0.704852414,0.310941217,0.074198657,,
2017-09-10 15:45:00-10:00,383.5351885,109.4702,3643.560455,240.6100667,0.697104161,0.243518182,0.057594076,,
2017-09-10 16:00:00-10:00,374.2814114,140.6142,2754.848011,238.0962,0.527071263,0.237642677,0.073979447,,
2017-09-10 16:15:00-10:00,333.6590723,203.6376,2420.964539,240.1959333,0.463191011,0.211850316,0.107137096,,
2017-09-10 16:30:00-10:00,519.9588091,168.5807143,1937.827881,239.8622857,0.370754896,0.330137697,0.088693091,,
2017-09-10 16:45:00-10:00,235.487766,192.2965333,1511.946099,239.5852,0.289273069,0.149518361,0.101170374,,
2017-09-10 17:00:00-10:00,430.180383,90.8856,940.7795164,239.0194667,0.17999463,0.273134638,0.047816411,,
2017-09-10 17:15:00-10:00,504.4739811,149.2716,1026.836648,241.1612667,0.196459509,0.320305908,0.078534248,,
2017-09-10 17:30:00-10:00,518.6775954,-219.0826,424.9743954,239.504,0.081308221,0.329324216,-0.115262965,,
2017-09-10 17:45:00-10:00,496.6441538,-231.5542,400.8764205,240.0032,0.076697676,0.315334512,-0.121824479,,
2017-09-10 18:00:00-10:00,507.6671022,-222.7704667,161.8250356,240.5557333,0.030961173,0.322333318,-0.117203213,,
2017-09-10 18:15:00-10:00,510.5434629,-215.7592667,88.21732955,239.7684,0.01687818,0.324159607,-0.113514505,,
2017-09-10 18:30:00-10:00,507.7295666,-104.4517857,5.038352273,239.9339286,0.000963963,0.322372978,-0.054953805,,
2017-09-10 18:45:00-10:00,507.0029333,43.0076,0,239.2588,0,0.321911617,0.022627007,,
2017-09-10 19:00:00-10:00,755.4356667,144.988,0,238.7906667,0,0.479649132,0.076280575,,
2017-09-10 19:15:00-10:00,556.0266,42.9266,0,240.1052667,0,0.353038237,0.022584391,,
2017-09-10 19:30:00-10:00,543.6052857,40.209,0,241.305,0,0.345151566,0.021154617,,
2017-09-10 19:45:00-10:00,537.7195714,39.1285,0,241.4972143,0,0.341414546,0.020586148,,
2017-09-10 20:00:00-10:00,534.4262857,38.79864286,0,241.8225714,0,0.339323539,0.020412605,,
2017-09-10 20:15:00-10:00,531.4186,39.084,0,242.2712667,0,0.337413868,0.020562736,,
2017-09-10 20:30:00-10:00,723.8112,-16.5114,0,242.6694,0,0.459569794,-0.00868692,,
2017-09-10 20:45:00-10:00,523.8498,-34.86253333,0,242.1384667,0,0.332608206,-0.018341753,,
2017-09-10 21:00:00-10:00,419.7706667,42.78526667,0,241.6744,0,0.266525192,0.022510034,,
2017-09-10 21:15:00-10:00,408.374,41.302,0,242.1964286,0,0.259289101,0.021729663,,
2017-09-10 21:30:00-10:00,403.0476,40.99733333,0,241.027,0,0.255907207,0.021569372,,
2017-09-10 21:45:00-10:00,679.9224,156.0377333,0,242.5154667,0,0.431703457,0.082094022,,
2017-09-10 22:00:00-10:00,972.2427333,269.5202667,0,243.1106667,0,0.617306547,0.141799052,,
2017-09-10 22:15:00-10:00,929.2612667,262.5058,0,242.241,0,0.590016304,0.138108626,,
2017-09-10 22:30:00-10:00,893.0684,258.5818667,0,242.4722667,0,0.567036349,0.13604418,,
2017-09-10 22:45:00-10:00,878.5735333,257.9647333,0,242.9659333,0,0.557833117,0.135719496,,
2017-09-10 23:00:00-10:00,801.1262,242.6845333,0,242.8859333,0,0.508659444,0.127680331,,
2017-09-10 23:15:00-10:00,865.6825714,250.0245,0,242.0651429,0,0.549648252,0.131542008,,
2017-09-10 23:30:00-10:00,375.0282,-23.84606667,0,242.6964667,0,0.238116836,-0.012545809,,
2017-09-10 23:45:00-10:00,336.1112857,-81.09664286,0,242.962,0,0.213407301,-0.04266628,,
2017-09-11 00:00:00-10:00,256.2860667,-90.51893333,0,241.1808,0,0.162723836,-0.047623502,,
2017-09-11 00:15:00-10:00,324.1624667,-83.24393333,0,242.008,0,0.205820631,-0.043796005,,
2017-09-11 00:30:00-10:00,262.8278,-89.0036,0,242.2295333,0,0.166877382,-0.04682626,,
2017-09-11 00:45:00-10:00,301.0465333,-86.39553333,0,242.7765333,0,0.19114362,-0.045454113,,
2017-09-11 01:00:00-10:00,241.9021333,-52.83946667,0,243.1148667,0,0.153591038,-0.027799714,,
2017-09-11 01:15:00-10:00,230.7861333,-43.64006667,0,243.5392667,0,0.146533151,-0.022959758,,
2017-09-11 01:30:00-10:00,264.3740667,-58.086,0,243.5275333,0,0.167859153,-0.030560002,,
2017-09-11 01:45:00-10:00,245.1436667,-80.7144,0,243.7635333,0,0.155649186,-0.042465176,,
2017-09-11 02:00:00-10:00,317.1983333,-79.11933333,0,244.0576,0,0.201398891,-0.041625985,,
2017-09-11 02:15:00-10:00,228.179,-86.18692857,0,244.1,0,0.144877802,-0.045344363,,
2017-09-11 02:30:00-10:00,323.8774,-79.6246,0,244.0840667,0,0.205639634,-0.041891814,,
2017-09-11 02:45:00-10:00,205.1204667,-50.6942,0,244.218,0,0.130237237,-0.026671054,,
2017-09-11 03:00:00-10:00,246.2211333,-41.6016,0,244.1542667,0,0.156333303,-0.021887287,,
2017-09-11 03:15:00-10:00,216.0507333,-44.81193333,0,244.4406667,0,0.137177196,-0.023576296,,
2017-09-11 03:30:00-10:00,229.4189333,-43.27013333,0,243.5654,0,0.145665074,-0.02276513,,
2017-09-11 03:45:00-10:00,264.0999333,-65.58686667,0,243.5898667,0,0.167685098,-0.034506331,,
2017-09-11 04:00:00-10:00,258.6205333,-90.53553333,0,243.3729333,0,0.16420606,-0.047632236,,
2017-09-11 04:15:00-10:00,307.1408,-87.51466667,0,242.915,0,0.195013056,-0.046042908,,
2017-09-11 04:30:00-10:00,241.1152667,-92.19486667,0,243.0980667,0,0.153091432,-0.048505238,,
2017-09-11 04:45:00-10:00,317.4692667,-85.9244,0,241.7970667,0,0.201570914,-0.045206242,,
2017-09-11 05:00:00-10:00,223.3282667,-94.5766,0,242.258,0,0.141797924,-0.049758307,,
2017-09-11 05:15:00-10:00,330.3904667,-86.35486667,0,243.8058,0,0.209774978,-0.045432718,,
2017-09-11 05:30:00-10:00,217.3246667,-96.15566667,0,243.1966,0,0.137986055,-0.05058908,,
2017-09-11 05:45:00-10:00,325.8113077,-88.13569231,0,241.0465385,0,0.206867531,-0.04636964,,
2017-09-11 06:00:00-10:00,233.633,-95.1406,0,242.9658667,0,0.148340713,-0.050055037,,
2017-09-11 06:15:00-10:00,313.5669131,-85.43193333,0.011379801,242.2542667,2.18E-06,0.199093191,-0.044947148,,
2017-09-11 06:30:00-10:00,225.3884286,-251.9070714,33.3125,243.0643571,0.006373514,0.143105984,-0.13253246,,
2017-09-11 06:45:00-10:00,336.9012651,-272.1778571,96.32147937,243.8145,0.018428706,0.213908883,-0.143197255,,
2017-09-11 07:00:00-10:00,251.719672,-306.6506667,247.8707386,244.9839333,0.047423866,0.159824493,-0.161333968,,
2017-09-11 07:15:00-10:00,355.0180791,-286.9142,458.1948791,246.1517333,0.08766413,0.2254118,-0.150950287,,
2017-09-11 07:30:00-10:00,280.0012023,-7.445466667,863.8196023,245.3575333,0.165270275,0.177781298,-0.003917183,,
2017-09-11 07:45:00-10:00,358.0740602,68.62986667,1215.463727,245.615,0.232548583,0.227352136,0.036107303,,
2017-09-11 08:00:00-10:00,351.8674381,143.6997333,1555.588571,246.341,0.297622965,0.223411362,0.075602797,,
2017-09-11 08:15:00-10:00,762.7419253,276.0772857,1898.267425,246.9069286,0.363185992,0.484288098,0.145248808,,
2017-09-11 08:30:00-10:00,490.6668894,262.2616,2237.946023,247.6216667,0.428174996,0.311539364,0.137980148,,
2017-09-11 08:45:00-10:00,578.4739042,279.5575,2558.629261,247.9337857,0.489529713,0.367290715,0.147079806,,
2017-09-11 09:00:00-10:00,725.0128792,243.4674667,2846.570413,247.5257333,0.54462005,0.460332777,0.128092245,,
2017-09-11 09:15:00-10:00,449.1094097,474.8639333,3113.30441,248.3600667,0.595652929,0.285153254,0.249833738,,
2017-09-11 09:30:00-10:00,496.644698,506.7873333,3342.711765,248.3164,0.639544288,0.315334857,0.266629165,,
2017-09-11 09:45:00-10:00,546.1075708,613.6343333,3610.586371,248.581,0.690795394,0.346740343,0.322843132,,
2017-09-11 10:00:00-10:00,408.2189306,704.1673333,3630.109531,248.9903333,0.694530663,0.259190642,0.370474035,,
2017-09-11 10:15:00-10:00,614.125543,841.2734667,3831.519943,249.1967333,0.733065507,0.389927027,0.44260783,,
2017-09-11 10:30:00-10:00,503.9197761,751.723,3596.347176,249.0322667,0.68807108,0.319954026,0.395493854,,
2017-09-11 10:45:00-10:00,706.8917439,1211.999733,4266.772277,250.7734,0.816340155,0.448827115,0.637653027,,
2017-09-11 11:00:00-10:00,623.9120227,769.9124667,4343.446023,249.4877333,0.831009758,0.396140761,0.405063633,,
2017-09-11 11:15:00-10:00,621.6630076,868.656,4485.190341,249.4261333,0.858128988,0.394712793,0.457014232,,
2017-09-11 11:30:00-10:00,597.619091,695.453,4585.512091,248.4404,0.877323046,0.379446577,0.36588928,,
2017-09-11 11:45:00-10:00,606.5208958,518.3744667,4306.288762,247.074,0.823900646,0.385098605,0.272725347,,
2017-09-11 12:00:00-10:00,592.973512,780.7909333,4707.504979,248.8440667,0.900663334,0.376496958,0.410786973,,
2017-09-11 12:15:00-10:00,611.1721121,801.2890667,4716.142045,249.5388,0.90231582,0.388051804,0.421571379,,
2017-09-11 12:30:00-10:00,608.8376581,973.7529286,4759.119658,249.9547857,0.910538512,0.386569588,0.512307458,,
2017-09-11 12:45:00-10:00,540.6126241,761.0227333,4730.965957,248.9335333,0.905152005,0.343251434,0.400386597,,
2017-09-11 13:00:00-10:00,590.5662711,772.106,4682.4967,249.2930714,0.895878625,0.374968527,0.406217687,,
2017-09-11 13:15:00-10:00,592.020825,877.9928667,4710.515625,249.3398667,0.901239346,0.375892068,0.461926512,,
2017-09-11 13:30:00-10:00,600.3237888,908.2886,5074.687055,249.7322667,0.97091444,0.381163872,0.477865596,,
2017-09-11 13:45:00-10:00,326.9928848,451.5380667,3141.306818,244.7728667,0.601010489,0.20761775,0.237561616,,
2017-09-11 14:00:00-10:00,1095.207279,875.5599286,4641.113636,247.8261429,0.887961011,0.695380485,0.460646503,,
2017-09-11 14:15:00-10:00,1196.497732,729.0791333,4447.991465,247.3026667,0.851011914,0.759692881,0.383580543,,
2017-09-11 14:30:00-10:00,1138.989843,534.8052667,4235.243243,245.3492667,0.810307863,0.72317937,0.281369861,,
2017-09-11 14:45:00-10:00,1119.939882,491.9136,4052.709815,244.0010667,0.775384657,0.711083969,0.258803849,,
2017-09-11 15:00:00-10:00,1124.898607,458.7660667,3871.165007,244.7314,0.740650599,0.714232414,0.241364386,,
2017-09-11 15:15:00-10:00,1060.07204,430.5773333,3666.146307,243.0218667,0.701425398,0.673072051,0.226533829,,
2017-09-11 15:30:00-10:00,1110.799783,446.9742667,3455.299716,238.3115333,0.661085177,0.705280641,0.235160525,,
2017-09-11 15:45:00-10:00,1082.213485,434.961,3211.686985,237.2352143,0.614475974,0.687130329,0.228840148,,
2017-09-11 16:00:00-10:00,1047.626683,425.2950667,2930.954416,238.9062667,0.560764819,0.665170114,0.223754741,,
2017-09-11 16:15:00-10:00,988.0080447,369.003,2668.410511,238.2379333,0.510533609,0.627316424,0.194138557,,
2017-09-11 16:30:00-10:00,1041.58603,379.8074667,2381.730496,239.0071333,0.455684559,0.66133472,0.199822965,,
2017-09-11 16:45:00-10:00,950.4695537,341.7299286,1943.704125,238.5894286,0.371879169,0.603482092,0.179789745,,
2017-09-11 17:00:00-10:00,977.9014386,362.4553333,1307.308239,238.1522667,0.250120733,0.620899431,0.190693722,,
2017-09-11 17:15:00-10:00,942.0142182,165.2483333,549.6818182,238.7288,0.105167867,0.598113541,0.086939871,,
2017-09-11 17:30:00-10:00,937.3639207,132.8969333,331.0540541,238.2323333,0.063338913,0.595160926,0.069919266,,
2017-09-11 17:45:00-10:00,985.0537712,151.1234,502.7017045,238.0596,0.096179398,0.625440665,0.07950851,,
2017-09-11 18:00:00-10:00,861.7700454,-7.7244,320.1163121,235.5814,0.06124625,0.54716407,-0.004063934,,
2017-09-11 18:15:00-10:00,1061.248135,171.3504667,94.67986799,236.2808,0.018114625,0.673818789,0.090150303,,
2017-09-11 18:30:00-10:00,1574.975574,255.093,2.266002845,237.0177857,0.000433543,1,0.13420863,,
2017-09-11 18:45:00-10:00,1190.214933,246.3320667,0,238.7651333,0,0.755703741,0.129599358,,
2017-09-11 19:00:00-10:00,1188.912867,273.5487333,0,239.6086,0,0.754877019,0.143918495,,
2017-09-11 19:15:00-10:00,1172.768867,271.1854667,0,239.9172667,0,0.744626701,0.142675142,,
2017-09-11 19:30:00-10:00,1165.107,270.9104667,0,240.5709333,0,0.739761949,0.14253046,,
2017-09-11 19:45:00-10:00,1157.667133,272.0354667,0,240.9237333,0,0.735038151,0.143122341,,
2017-09-11 20:00:00-10:00,1154.798733,274.8145333,0,241.6264667,0,0.733216916,0.144584453,,
2017-09-11 20:15:00-10:00,932.6420667,250.4530667,0,240.4475333,0,0.592162877,0.131767484,,
2017-09-11 20:30:00-10:00,974.6835333,261.4283333,0,241.042,0,0.618856285,0.137541753,,
2017-09-11 20:45:00-10:00,894.8146,251.0878667,0,242.4376,0,0.568145065,0.132101463,,
2017-09-11 21:00:00-10:00,470.8717143,-6.8625,0,243.4265714,0,0.298970804,-0.003610474,,
2017-09-11 21:15:00-10:00,346.9162,-80.2044,0,243.7840667,0,0.22026767,-0.042196856,,
2017-09-11 21:30:00-10:00,314.7678,-92.54946667,0,242.7507333,0,0.199855671,-0.048691799,,
2017-09-11 21:45:00-10:00,374.6952857,-86.97378571,0,243.1023571,0,0.237905458,-0.045758342,,
2017-09-11 22:00:00-10:00,312.8176,-88.77126667,0,242.8217333,0,0.198617429,-0.046704026,,
2017-09-11 22:15:00-10:00,323.2121333,-85.68146667,0,242.4690667,0,0.205217236,-0.045078431,,
2017-09-11 22:30:00-10:00,358.0947143,-84.78735714,0,241.71,0,0.227365249,-0.044608025,,
2017-09-11 22:45:00-10:00,295.7901333,-89.258,0,242.2667333,0,0.187806172,-0.046960104,,
2017-09-11 23:00:00-10:00,350.6957333,-84.80466667,0,243.4451333,0,0.222667411,-0.044617132,,
2017-09-11 23:15:00-10:00,323.8139333,-87.01186667,0,241.371,0,0.205599337,-0.045778377,,
2017-09-11 23:30:00-10:00,438.3495333,2.809733333,0,242.5451333,0,0.27832148,0.001478247,,
2017-09-11 23:45:00-10:00,1122.087,252.5939333,0,242.3283333,0,0.712447239,0.13289383,,
2017-09-12 00:00:00-10:00,1184.718667,243.0267333,0,242.7622,0,0.752213994,0.127860368,,
2017-09-12 00:15:00-10:00,1094.682533,229.9862,0,242.9786,0,0.695047308,0.120999529,,
2017-09-12 00:30:00-10:00,1097.0016,230.5754,0,243.3910667,0,0.696519754,0.121309517,,
2017-09-12 00:45:00-10:00,1042.300857,222.3397857,0,243.5671429,0,0.661788585,0.116976624,,
2017-09-12 01:00:00-10:00,1086.899867,234.6956,0,243.2357333,0,0.690105856,0.123477222,,
2017-09-12 01:15:00-10:00,811.7426429,211.6806429,0,241.8704286,0,0.515400147,0.111368674,,
2017-09-12 01:30:00-10:00,821.6292667,213.5929333,0,241.7126,0,0.521677466,0.112374761,,
2017-09-12 01:45:00-10:00,827.9882143,216.3332143,0,242.0307857,0,0.525714956,0.113816468,,
2017-09-12 02:00:00-10:00,773.9387333,205.4720667,0,242.5688667,0,0.491397293,0.108102239,,
2017-09-12 02:15:00-10:00,851.0338667,223.32,0,242.7034,0,0.540347343,0.117492331,,
2017-09-12 02:30:00-10:00,765.5413571,205.8627143,0,243.0789286,0,0.486065543,0.108307765,,
2017-09-12 02:45:00-10:00,825.0603846,215.3256923,0,242.2422308,0,0.523855987,0.113286394,,
2017-09-12 03:00:00-10:00,803.997,210.9632857,0,242.3889286,0,0.510482202,0.11099126,,
2017-09-12 03:15:00-10:00,797.7588667,212.6106,0,243.3605333,0,0.506521421,0.111857939,,
2017-09-12 03:30:00-10:00,823.6276,220.0211333,0,243.0642667,0,0.522946269,0.115756743,,
2017-09-12 03:45:00-10:00,794.6440714,212.5615714,0,243.9443571,0,0.504543743,0.111832145,,
2017-09-12 04:00:00-10:00,888.2350714,229.5189286,0,243.4948571,0,0.563967522,0.12075369,,
2017-09-12 04:15:00-10:00,826.2998667,215.9005333,0,243.4006,0,0.524642972,0.113588827,,
2017-09-12 04:30:00-10:00,862.5802667,227.0965333,0,244.0276667,0,0.547678504,0.119479227,,
2017-09-12 04:45:00-10:00,847.0491429,221.1387857,0,243.7883571,0,0.53781732,0.116344758,,
2017-09-12 05:00:00-10:00,842.5006,221.913,0,243.7615333,0,0.534929312,0.116752085,,
2017-09-12 05:15:00-10:00,853.4129333,222.5666,0,243.7636,0,0.541857885,0.117095955,,
2017-09-12 05:30:00-10:00,838.9234667,217.9892,0,243.6403333,0,0.532658081,0.114687709,,
2017-09-12 05:45:00-10:00,857.8797143,221.2313571,0,242.8937143,0,0.54469398,0.116393462,,
2017-09-12 06:00:00-10:00,826.4365333,215.3029333,0,242.7459333,0,0.524729746,0.11327442,,
2017-09-12 06:15:00-10:00,861.4011538,222.3864,1.115220484,242.6616,0.00021337,0.54692985,0.117001149,,
2017-09-12 06:30:00-10:00,842.9732284,-153.8726,46.28449502,242.633,0.00885538,0.535229398,-0.08095491,,
2017-09-12 06:45:00-10:00,882.4071266,-162.472,117.8778409,242.6463571,0.022552977,0.560267182,-0.085479196,,
2017-09-12 07:00:00-10:00,858.9419225,-181.3674667,255.1891892,244.4915333,0.048824069,0.545368409,-0.095420412,,
2017-09-12 07:15:00-10:00,917.1342204,-128.7304667,472.7396871,245.2626667,0.090446915,0.582316472,-0.067727219,,
2017-09-12 07:30:00-10:00,1172.376307,240.5424,851.4690402,245.2530667,0.162907304,0.744377453,0.126553319,,
2017-09-12 07:45:00-10:00,1106.696501,324.0702667,1237.239168,244.9470667,0.236714769,0.702675343,0.170498706,,
2017-09-12 08:00:00-10:00,1022.405383,363.9801333,1550.779516,246.2598,0.296702872,0.649156342,0.191495945,,
2017-09-12 08:15:00-10:00,864.0494246,382.1752857,1871.531353,246.9355714,0.358070714,0.548611317,0.201068714,,
2017-09-12 08:30:00-10:00,681.674311,384.8459333,2203.374111,247.5694667,0.421560525,0.432815799,0.202473786,,
2017-09-12 08:45:00-10:00,495.2895879,365.2677333,2546.920455,248.4425333,0.487289526,0.314474457,0.192173372,,
2017-09-12 09:00:00-10:00,485.1846564,695.8965333,2839.44239,249.6378667,0.543256281,0.308058528,0.366122631,,
2017-09-12 09:15:00-10:00,484.1642879,741.3881333,3105.482955,249.8257333,0.594156489,0.307410665,0.390056511,,
2017-09-12 09:30:00-10:00,495.7147265,888.3850667,3365.961593,250.3626667,0.643992562,0.31474439,0.467394019,,
2017-09-12 09:45:00-10:00,494.9758455,1005.7336,3602.142045,250.6586667,0.689179784,0.314275252,0.529133016,,
2017-09-12 10:00:00-10:00,434.2993173,1070.0894,3806.534851,250.9469333,0.728285235,0.275749875,0.562991662,,
2017-09-12 10:15:00-10:00,505.600711,945.0657857,3995.588068,250.0052857,0.764455839,0.321021303,0.497214679,,
2017-09-12 10:30:00-10:00,478.8239044,929.442,4152.462304,249.7858,0.794469801,0.304019892,0.488994748,,
2017-09-12 10:45:00-10:00,511.1473003,887.3927143,4255.947443,249.8233571,0.814269094,0.324543002,0.466871926,,
2017-09-12 11:00:00-10:00,460.1224789,724.6251333,4412.443812,249.1628667,0.84421076,0.292145787,0.38123722,,
2017-09-12 11:15:00-10:00,640.6659667,649.9672,4536.187767,247.9858,0.86788607,0.406778351,0.341958452,,
2017-09-12 11:30:00-10:00,546.0175893,564.6702857,4626.421875,247.82,0.88515011,0.346683211,0.29708234,,
2017-09-12 11:45:00-10:00,532.3827856,603.5457333,4710.100852,248.1446667,0.901159989,0.338026059,0.317535353,,
2017-09-12 12:00:00-10:00,533.6589645,796.1392857,4773.104965,248.9095,0.91321425,0.338836343,0.418861994,,
2017-09-12 12:15:00-10:00,541.3540167,987.6027857,4792.129445,249.7952857,0.916854109,0.343722167,0.519594096,,
2017-09-12 12:30:00-10:00,484.7586352,905.7389333,4828.322902,249.7124667,0.923778821,0.307788034,0.476524174,,
2017-09-12 12:45:00-10:00,406.9958295,963.2420667,4824.40483,249.7209333,0.923029196,0.258414058,0.50677752,,
2017-09-12 13:00:00-10:00,385.6628217,932.755,4811.291607,249.504,0.920520309,0.244869081,0.490737772,,
2017-09-12 13:15:00-10:00,384.5482591,695.4979333,4737.684659,249.0051333,0.906437461,0.244161411,0.365912921,,
2017-09-12 13:30:00-10:00,373.8768092,647.9910714,4672.944523,248.1206429,0.894051055,0.237385783,0.340918778,,
2017-09-12 13:45:00-10:00,361.7773651,525.4414,4594.151565,247.7002,0.878975993,0.229703477,0.276443377,,
2017-09-12 14:00:00-10:00,1040.185923,491.4792,4504.508523,246.0487333,0.861825039,0.660445749,0.258575304,,
2017-09-12 14:15:00-10:00,1045.91231,397.9137857,4370.68331,245.8702857,0.836220932,0.664081606,0.209348998,,
2017-09-12 14:30:00-10:00,1007.531063,384.8829286,4240.085349,245.0223571,0.811234279,0.639712183,0.202493249,,
2017-09-12 14:45:00-10:00,991.6254912,426.3422143,4074.178063,243.903,0.779492069,0.629613251,0.224305663,,
2017-09-12 15:00:00-10:00,986.3338172,388.4802857,3870.159317,243.3135714,0.740458185,0.626253406,0.204385878,,
2017-09-12 15:15:00-10:00,973.9382397,434.2197333,3668.41844,242.5062,0.701860114,0.618383076,0.228450155,,
2017-09-12 15:30:00-10:00,899.2142273,440.0983571,3429.522727,243.4449286,0.656153395,0.570938522,0.231542996,,
2017-09-12 15:45:00-10:00,947.8296855,437.7786,3188.731152,243.1451333,0.61008395,0.601805959,0.230322534,,
2017-09-12 16:00:00-10:00,948.9690152,425.7039333,2915.755682,241.9903333,0.557856921,0.602529354,0.223969853,,
2017-09-12 16:15:00-10:00,1204.720351,343.7836,2653.600284,241.7301333,0.507700043,0.764913673,0.180870216,,
2017-09-12 16:30:00-10:00,968.0686198,320.4809231,2345.716927,240.5547692,0.448794263,0.614656275,0.168610293,,
2017-09-12 16:45:00-10:00,922.4974545,334.2042143,1883.920455,239.8890714,0.360441058,0.585721753,0.175830343,,
2017-09-12 17:00:00-10:00,906.745328,341.3727333,1205.004261,240.3658,0.230547426,0.575720248,0.179601819,,
2017-09-12 17:15:00-10:00,884.3779716,244.0546667,688.9106383,241.0254,0.13180582,0.561518532,0.128401181,,
2017-09-12 17:30:00-10:00,891.0793664,121.4183333,238.2148997,239.7290667,0.045576463,0.565773451,0.063880185,,
2017-09-12 17:45:00-10:00,842.2687441,-8.961933333,162.8108108,239.8411333,0.031149776,0.534782099,-0.004715021,,
2017-09-12 18:00:00-10:00,906.3284101,116.8477333,112.1820768,241.4276667,0.021463235,0.575455534,0.061475518,,
2017-09-12 18:15:00-10:00,831.9964334,2.020285714,47.64914773,242.4395,0.009116473,0.528259896,0.001062906,,
2017-09-12 18:30:00-10:00,879.4927037,173.6289231,1.242165242,239.9563077,0.000237657,0.558416726,0.091349037,,
2017-09-12 18:45:00-10:00,804.4678667,218.7848667,0,239.4401333,0,0.51078117,0.115106323,,
2017-09-12 19:00:00-10:00,879.8444667,246.2126667,0,241.8552,0,0.558640071,0.12953654,,
2017-09-12 19:15:00-10:00,795.1333333,226.1128667,0,241.7335333,0,0.50485439,0.118961704,,
2017-09-12 19:30:00-10:00,856.4096,239.7212,0,241.1256667,0,0.54376056,0.126121273,,
2017-09-12 19:45:00-10:00,795.0409333,226.2463333,0,240.9657333,0,0.504795723,0.119031923,,
2017-09-12 20:00:00-10:00,823.3276429,233.3588571,0,240.831,0,0.522755817,0.122773939,,
2017-09-12 20:15:00-10:00,824.7962667,237.8860667,0,242.0338,0,0.523688291,0.125155779,,
2017-09-12 20:30:00-10:00,782.6243333,236.4503333,0,243.213,0,0.496912045,0.124400416,,
2017-09-12 20:45:00-10:00,857.8724667,251.3175333,0,242.9185333,0,0.544689378,0.132222295,,
2017-09-12 21:00:00-10:00,873.5472667,246.0135333,0,243.2048,0,0.554641787,0.129431773,,
2017-09-12 21:15:00-10:00,892.9656,259.2868667,0,243.6435333,0,0.566971079,0.136415092,,
2017-09-12 21:30:00-10:00,835.0494,243.5005333,0,243.3624,0,0.530198318,0.128109642,,
2017-09-12 21:45:00-10:00,887.0128667,250.7973333,0,242.3844667,0,0.563191507,0.131948609,,
2017-09-12 22:00:00-10:00,797.8906,234.0437333,0,242.3205333,0,0.506605063,0.123134264,,
2017-09-12 22:15:00-10:00,859.6942,242.4123333,0,240.0983333,0,0.545846052,0.127537122,,
2017-09-12 22:30:00-10:00,809.6808,231.7369333,0,239.5679333,0,0.51409102,0.121920618,,
2017-09-12 22:45:00-10:00,824.2358667,238.5921333,0,241.2488667,0,0.523332476,0.125527252,,
2017-09-12 23:00:00-10:00,863.7470667,246.0008,0,242.1839333,0,0.548419341,0.129425074,,
2017-09-12 23:15:00-10:00,791.3965333,233.4108,0,242.2681333,0,0.502481782,0.122801267,,
2017-09-12 23:30:00-10:00,861.0308667,248.2017333,0,242.3664,0,0.546694743,0.130583021,,
2017-09-12 23:45:00-10:00,785.0977333,230.5006,0,242.0680667,0,0.498482482,0.121270163,,
2017-09-13 00:00:00-10:00,824.9146,238.691,0,241.8734667,0,0.523763424,0.125579267,,
2017-09-13 00:15:00-10:00,826.1232667,238.3330667,0,242.4600667,0,0.524530844,0.125390953,,
2017-09-13 00:30:00-10:00,789.1166667,231.1152667,0,242.5971333,0,0.501034225,0.121593549,,
2017-09-13 00:45:00-10:00,841.4858667,238.7065333,0,242.1717333,0,0.534285027,0.12558744,,
2017-09-13 01:00:00-10:00,767.7553333,226.6697333,0,242.5507333,0,0.487471264,0.119254681,,
2017-09-13 01:15:00-10:00,835.1790667,238.5531333,0,241.0789333,0,0.530280647,0.125506733,,
2017-09-13 01:30:00-10:00,778.5042,225.7665333,0,240.6169333,0,0.494296047,0.118779493,,
2017-09-13 01:45:00-10:00,802.7700667,230.3335333,0,241.5823333,0,0.509703185,0.121182266,,
2017-09-13 02:00:00-10:00,805.5065714,233.4240714,0,241.5620714,0,0.511440675,0.12280825,,
2017-09-13 02:15:00-10:00,772.4744667,228.4107333,0,241.5415333,0,0.490467585,0.12017065,,
2017-09-13 02:30:00-10:00,830.093,236.2648667,0,241.113,0,0.527051348,0.124302839,,
2017-09-13 02:45:00-10:00,739.8976,216.0878667,0,241.1828667,0,0.46978354,0.113687387,,
2017-09-13 03:00:00-10:00,837.1381429,239.4843571,0,241.8089286,0,0.531524524,0.125996666,,
2017-09-13 03:15:00-10:00,761.2301333,226.3330667,0,242.2968667,0,0.483328215,0.119077555,,
2017-09-13 03:30:00-10:00,810.5598667,234.7628,0,242.3406667,0,0.514649167,0.123512577,,
2017-09-13 03:45:00-10:00,773.1521429,226.5562857,0,242.2829286,0,0.490897862,0.119194994,,
2017-09-13 04:00:00-10:00,327.9566667,-51.33033333,0,242.9368667,0,0.208229684,-0.027005734,,
2017-09-13 04:15:00-10:00,268.3574,-92.28713333,0,242.531,0,0.170388293,-0.048553781,,
2017-09-13 04:30:00-10:00,236.8542,-98.73106667,0,243.0478667,0,0.150385951,-0.051944041,,
2017-09-13 04:45:00-10:00,293.1687143,-92.20564286,0,243.114,0,0.186141753,-0.048510908,,
2017-09-13 05:00:00-10:00,215.1022667,-99.53213333,0,243.1674,0,0.136574986,-0.052365495,,
2017-09-13 05:15:00-10:00,398.9986667,-91.94533333,0,243.0564,0,0.253336416,-0.048373955,,
2017-09-13 05:30:00-10:00,503.6555333,-99.50633333,0,242.8122667,0,0.31978625,-0.052351921,,
2017-09-13 05:45:00-10:00,293.0897333,-96.77513333,0,242.4424667,0,0.186091606,-0.050914992,,
2017-09-13 06:00:00-10:00,328.6711333,-91.47986667,0,241.6019333,0,0.208683321,-0.048129065,,
2017-09-13 06:15:00-10:00,311.7851333,-90.95466667,0,241.0297333,0,0.197961885,-0.047852749,,
2017-09-13 06:30:00-10:00,231.7597778,-258.7981333,37.27777778,244.5598667,0.00713217,0.147151347,-0.136157961,,
2017-09-13 06:45:00-10:00,256.281053,-267.7506,103.991453,245.8702667,0.019896164,0.162720652,-0.140868002,,
2017-09-13 07:00:00-10:00,237.5029357,-207.1161333,287.3883357,247.5539333,0.05498457,0.150797853,-0.10896721,,
2017-09-13 07:15:00-10:00,227.8764424,-147.369,502.2159091,247.4234,0.096086453,0.144685699,-0.077533259,,
2017-09-13 07:30:00-10:00,289.3184382,128.3558667,875.6766382,247.1026,0.167538822,0.183697095,0.067530136,,
2017-09-13 07:45:00-10:00,215.1890399,288.2236,1200.099573,248.2999333,0.229609037,0.136630081,0.151639184,,
2017-09-13 08:00:00-10:00,300.4427402,404.0510667,1537.67094,248.7955333,0.294194874,0.190760254,0.212577923,,
2017-09-13 08:15:00-10:00,240.6973686,750.5809231,1880.583215,250.1181538,0.359802561,0.152826096,0.394892989,,
2017-09-13 08:30:00-10:00,298.4108795,909.3249333,2242.697013,250.5854667,0.429083979,0.189470163,0.478410828,,
2017-09-13 08:45:00-10:00,282.0000927,1056.5812,2524.896159,251.3179333,0.483075728,0.179050455,0.555884776,,
2017-09-13 09:00:00-10:00,742.7507609,1269.084533,2842.280228,251.0848667,0.543799231,0.471595098,0.66768628,,
2017-09-13 09:15:00-10:00,582.0472789,1182.628933,3083.443812,251.3705333,0.589939851,0.369559559,0.622200565,,
2017-09-13 09:30:00-10:00,570.7083963,1010.494714,3327.907539,250.3812857,0.63671187,0.362360157,0.531637916,,
2017-09-13 09:45:00-10:00,501.788747,1155.125267,3572.792614,251.2875333,0.683564504,0.318600971,0.607730433,,
2017-09-13 10:00:00-10:00,527.9154397,1216.7386,3763.348506,251.5493333,0.720022608,0.335189604,0.640146222,,
2017-09-13 10:15:00-10:00,539.5203634,651.4884667,3937.044097,248.6453333,0.753254915,0.342557924,0.342758815,,
2017-09-13 10:30:00-10:00,555.081555,858.488,4113.103841,249.4019286,0.786939543,0.352438199,0.45166468,,
2017-09-13 10:45:00-10:00,586.8348031,1113.255643,4252.945946,250.2796429,0.813694832,0.372599304,0.585702134,,
2017-09-13 11:00:00-10:00,520.4543432,1125.411267,4371.634943,250.4737333,0.836403003,0.330452327,0.592097408,,
2017-09-13 11:15:00-10:00,585.2384591,1214.7816,4482.309659,250.9774,0.857577842,0.371585737,0.639116613,,
2017-09-13 11:30:00-10:00,491.9059902,1208.710357,4589.303419,251.311,0.878048422,0.312326107,0.635922432,,
2017-09-13 11:45:00-10:00,534.4858826,1203.234267,4659.737216,251.2781333,0.891524167,0.339361379,0.63304137,,
2017-09-13 12:00:00-10:00,575.3141915,1207.918067,4677.786325,251.1466,0.894977413,0.365284517,0.635505595,,
2017-09-13 12:15:00-10:00,517.3981234,1305.581133,4700.56899,251.5056667,0.899336306,0.32851184,0.686887743,,
2017-09-13 12:30:00-10:00,580.0145376,1275.262286,4748.157895,251.2655714,0.908441252,0.36826891,0.670936498,,
2017-09-13 12:45:00-10:00,541.5157856,1107.9174,4749.918919,250.4119333,0.90877818,0.343824879,0.582893596,,
2017-09-13 13:00:00-10:00,529.0614029,1111.584286,4722.489331,250.2215,0.903530215,0.335917211,0.584822805,,
2017-09-13 13:15:00-10:00,581.0848826,1412.8494,4666.089616,251.4154,0.89273954,0.368948504,0.743323345,,
2017-09-13 13:30:00-10:00,499.3301193,1196.679071,4618.938834,251.0527143,0.883718417,0.317039913,0.629592574,,
2017-09-13 13:45:00-10:00,652.099793,919.4732,4536.210526,249.5653333,0.867890425,0.414038036,0.483749998,,
2017-09-13 14:00:00-10:00,1107.590356,500.4886667,4429.128023,243.8600667,0.847402866,0.703242878,0.263315333,,
2017-09-13 14:15:00-10:00,1048.235514,475.4625333,4311.517781,244.9183333,0.824901088,0.66555668,0.250148672,,
2017-09-13 14:30:00-10:00,1037.691358,508.2546,4158.409091,245.6084667,0.79560757,0.658861873,0.267401118,,
2017-09-13 14:45:00-10:00,938.0233903,468.2942857,4009.025605,245.8327143,0.767026776,0.595579643,0.246377339,,
2017-09-13 15:00:00-10:00,1013.600303,559.4622,3838.204836,245.903,0.734344494,0.643565729,0.29434228,,
2017-09-13 15:15:00-10:00,970.2497094,504.2302143,3616.788352,245.3287857,0.691981988,0.616041115,0.265283823,,
2017-09-13 15:30:00-10:00,938.9224654,436.3018571,3392.762108,244.7782143,0.64912017,0.596150493,0.229545595,,
2017-09-13 15:45:00-10:00,989.0989216,487.5615,3142.951636,246.6522857,0.601325184,0.628009055,0.256514137,,
2017-09-13 16:00:00-10:00,870.9571887,373.6672667,2874.870922,244.5790667,0.550034645,0.552997267,0.196592505,,
2017-09-13 16:15:00-10:00,963.0658003,411.5189286,2572.134943,245.5917143,0.492113687,0.611479832,0.216506888,,
2017-09-13 16:30:00-10:00,927.1397066,410.6034667,2254.052707,245.6533333,0.431256607,0.58866926,0.216025248,,
2017-09-13 16:45:00-10:00,898.0660496,431.7326429,1781.57305,245.7309286,0.340859442,0.570209509,0.227141656,,
2017-09-13 17:00:00-10:00,917.650647,389.6836667,1175.605114,243.5765333,0.224922634,0.582644367,0.205018997,,
2017-09-13 17:15:00-10:00,1122.432761,260.6518,581.1917614,242.4474667,0.111196507,0.712666774,0.137133206,,
2017-09-13 17:30:00-10:00,1071.415349,176.3958667,352.4490161,243.1337333,0.067432304,0.680274264,0.092804771,,
2017-09-13 17:45:00-10:00,981.279524,181.0440714,233.5277383,241.9907857,0.044679692,0.623044281,0.095250269,,
2017-09-13 18:00:00-10:00,967.3451978,178.3371429,155.1038407,241.5983571,0.02967524,0.614196952,0.093826109,,
2017-09-13 18:15:00-10:00,955.4065977,167.4030667,65.38746439,241.5678667,0.012510256,0.606616771,0.088073511,,
2017-09-13 18:30:00-10:00,939.5182828,241.4817333,1.909482759,241.0432,0.000365332,0.596528796,0.127047518,,
2017-09-13 18:45:00-10:00,869.2948,279.8654667,0,241.5423333,0,0.551941766,0.147241833,,
2017-09-13 19:00:00-10:00,915.9228667,287.5423333,0,241.7494667,0,0.581547347,0.151280759,,
2017-09-13 19:15:00-10:00,873.8822,284.3674,0,243.6666667,0,0.554854446,0.149610374,,
2017-09-13 19:30:00-10:00,888.8001333,284.7537333,0,242.2975333,0,0.564326297,0.14981363,,
2017-09-13 19:45:00-10:00,886.2288667,292.33,0,243.5411333,0,0.562693721,0.153799629,,
2017-09-13 20:00:00-10:00,854.7591333,281.766,0,243.3301333,0,0.542712628,0.148241735,,
2017-09-13 20:15:00-10:00,901.2794,295.1226667,0,243.8769333,0,0.572249764,0.155268897,,
2017-09-13 20:30:00-10:00,831.3763333,282.9772,0,244.0094667,0,0.527866176,0.148878967,,
2017-09-13 20:45:00-10:00,903.9513333,293.5252667,0,243.2643333,0,0.573946255,0.154428478,,
2017-09-13 21:00:00-10:00,837.7249333,275.9442,0,242.4676,0,0.531897095,0.14517879,,
2017-09-13 21:15:00-10:00,851.1972667,280.3903333,0,242.5498,0,0.540451091,0.147517974,,
2017-09-13 21:30:00-10:00,866.4548,286.2751333,0,242.6922,0,0.550138564,0.150614064,,
2017-09-13 21:45:00-10:00,806.1138667,272.5542,0,242.6880667,0,0.511826266,0.143395255,,
2017-09-13 22:00:00-10:00,889.7107857,288.2587857,0,241.9479286,0,0.564904498,0.151657696,,
2017-09-13 22:15:00-10:00,813.1509333,275.6700667,0,243.5449333,0,0.516294314,0.145034564,,
2017-09-13 22:30:00-10:00,701.4472857,217.621,0,243.1155714,0,0.445370263,0.114493993,,
2017-09-13 22:45:00-10:00,343.8470667,91.32573333,0,243.5706667,0,0.218318984,0.048047973,,
2017-09-13 23:00:00-10:00,350.6500667,88.96946667,0,244.1212,0,0.222638416,0.046808302,,
2017-09-13 23:15:00-10:00,350.6223333,83.88186667,0,243.815,0,0.222620807,0.044131632,,
2017-09-13 23:30:00-10:00,345.4066667,81.74113333,0,243.3056,0,0.219309221,0.043005357,,
2017-09-13 23:45:00-10:00,296.9198,14.30446667,0,242.7632667,0,0.188523432,0.007525816,,
2017-09-14 00:00:00-10:00,349.3965333,103.6138667,0,243.5956667,0,0.221842509,0.054512962,,
2017-09-14 00:15:00-10:00,259.5017333,21.99066667,0,241.9656,0,0.164765561,0.011569652,,
2017-09-14 00:30:00-10:00,271.9265333,19.17813333,0,241.8631333,0,0.172654445,0.010089932,,
2017-09-14 00:45:00-10:00,260.2427333,9.405866667,0,243.2050667,0,0.165236044,0.004948581,,
2017-09-14 01:00:00-10:00,229.7668667,-10.10126667,0,243.7042,0,0.145885987,-0.005314443,,
2017-09-14 01:15:00-10:00,264.6557143,18.0505,0,243.7608571,0,0.16803798,0.009496665,,
2017-09-14 01:30:00-10:00,253.4053333,9.5346,0,244.0978667,0,0.16089477,0.00501631,,
2017-09-14 01:45:00-10:00,225.9432143,-13.5625,0,244.283,0,0.143458234,-0.007135455,,
2017-09-14 02:00:00-10:00,260.8976667,9.564133333,0,244.7554667,0,0.165651881,0.005031848,,
2017-09-14 02:15:00-10:00,262.2949333,9.671533333,0,244.3674,0,0.166539048,0.005088353,,
2017-09-14 02:30:00-10:00,215.1491333,-20.29093333,0,244.3368667,0,0.136604743,-0.010675394,,
2017-09-14 02:45:00-10:00,260.0126,9.9584,0,243.9806,0,0.165089925,0.005239278,,
2017-09-14 03:00:00-10:00,250.7416429,2.742142857,0,243.4007143,0,0.159203512,0.001442687,,
2017-09-14 03:15:00-10:00,209.1464615,-23.36538462,0,243.8686154,0,0.132793464,-0.012292914,,
2017-09-14 03:30:00-10:00,269.0962,20.462,0,243.8601333,0,0.17085738,0.010765395,,
2017-09-14 03:45:00-10:00,238.8000667,-10.12786667,0,244.2211333,0,0.151621441,-0.005328438,,
2017-09-14 04:00:00-10:00,224.1923571,-13.75742857,0,244.0608571,0,0.142346561,-0.00723801,,
2017-09-14 04:15:00-10:00,269.6238667,15.53453333,0,243.9272,0,0.171192412,0.008172974,,
2017-09-14 04:30:00-10:00,207.7105333,-25.56313333,0,243.5669333,0,0.131881749,-0.013449186,,
2017-09-14 04:45:00-10:00,279.5869333,-8.821733333,0,243.5383333,0,0.177518266,-0.004641259,,
2017-09-14 05:00:00-10:00,299.4904667,0.9588,0,243.7645333,0,0.190155626,0.00050444,,
2017-09-14 05:15:00-10:00,236.2884667,-14.71306667,0,243.9484667,0,0.15002675,-0.007740787,,
2017-09-14 05:30:00-10:00,267.5889286,14.56328571,0,243.3625,0,0.169900367,0.007661985,,
2017-09-14 05:45:00-10:00,192.1837857,-35.59942857,0,243.5248571,0,0.122023344,-0.018729446,,
2017-09-14 06:00:00-10:00,573.1872857,-35.59835714,0,242.5202143,0,0.363934079,-0.018728882,,
2017-09-14 06:15:00-10:00,297.7750714,-11.91407143,0,242.6299286,0,0.18906647,-0.006268189,,
2017-09-14 06:30:00-10:00,333.183103,-192.2639286,37.59631728,243.4713571,0.007193115,0.211548108,-0.10115322,,
2017-09-14 06:45:00-10:00,327.6519538,-234.955,104.8764205,243.7122,0.02006548,0.208036213,-0.123613696,,
2017-09-14 07:00:00-10:00,243.3521551,-261.8682,266.3726885,245.0520667,0.050963751,0.154511701,-0.137773174,,
2017-09-14 07:15:00-10:00,339.0158366,-245.5724667,495.9559033,246.5364667,0.094888757,0.215251488,-0.12919972,,
2017-09-14 07:30:00-10:00,248.720697,117.8688,857.3863636,247.0948,0.164039436,0.157920352,0.062012717,,
2017-09-14 07:45:00-10:00,343.4978199,195.8131333,1175.44302,246.4279333,0.224891622,0.218097236,0.103020515,,
2017-09-14 08:00:00-10:00,624.056961,163.5440714,1502.619318,245.5958571,0.287488623,0.396232787,0.08604323,,
2017-09-14 08:15:00-10:00,521.4510125,240.231,1833.570413,246.8831333,0.350807837,0.331085143,0.126389487,,
2017-09-14 08:30:00-10:00,509.0584712,172.7943333,2154.639205,245.9867333,0.41223632,0.32321674,0.090909945,,
2017-09-14 08:45:00-10:00,399.3211182,3.951133333,2462.914651,246.1476667,0.471217116,0.25354115,0.002078756,,
2017-09-14 09:00:00-10:00,484.2546153,165.5343571,2761.15483,246.6355714,0.528277915,0.307468016,0.087090352,,
2017-09-14 09:15:00-10:00,535.8625361,451.6398667,3016.890469,248.4738,0.577206533,0.340235458,0.237615174,,
2017-09-14 09:30:00-10:00,430.881897,504.2326,3278.386364,248.4669333,0.627237232,0.27358005,0.265285078,,
2017-09-14 09:45:00-10:00,472.4068817,625.0299333,3499.334282,248.8367333,0.66951009,0.299945529,0.328838545,,
2017-09-14 10:00:00-10:00,439.5548572,730.6226429,3717.116643,249.3461429,0.711177297,0.279086777,0.384392609,,
2017-09-14 10:15:00-10:00,503.7537711,877.3063571,3914.865057,249.7394286,0.74901151,0.319848625,0.461565328,,
2017-09-14 10:30:00-10:00,733.8148984,783.9922,4078.803698,249.3658,0.780377069,0.465921447,0.412471212,,
2017-09-14 10:45:00-10:00,532.6989671,769.7702667,4225.6899,248.9300667,0.80848007,0.338226812,0.404988819,,
2017-09-14 11:00:00-10:00,510.5917606,673.8285333,4308.085227,249.0451333,0.824244355,0.324190273,0.354512292,,
2017-09-14 11:15:00-10:00,540.1854824,715.7404,4393.338549,249.0657333,0.840555445,0.342980229,0.376562816,,
2017-09-14 11:30:00-10:00,487.4784788,880.7596,4487.829545,249.3554667,0.858633934,0.309514945,0.463382136,,
2017-09-14 11:45:00-10:00,585.8245812,902.4889333,4563.029915,249.3797333,0.873021644,0.371957884,0.474814296,,
2017-09-14 12:00:00-10:00,523.7971106,920.5620667,4632.178977,249.4934667,0.886251587,0.332574752,0.484322869,,
2017-09-14 12:15:00-10:00,778.217181,1156.448643,4684.74111,249.8239286,0.896308037,0.49411381,0.608426683,,
2017-09-14 12:30:00-10:00,695.7026358,934.8131333,4673.576102,249.2869333,0.894171892,0.44172281,0.49182059,,
2017-09-14 12:45:00-10:00,734.4317712,603.8514,4659.837838,247.4945333,0.891543419,0.466313118,0.31769617,,
2017-09-14 13:00:00-10:00,561.6650531,438.8818,4595.29872,247.5078667,0.879195473,0.356618263,0.230902945,,
2017-09-14 13:15:00-10:00,603.0791742,483.5407333,4546.854908,247.1967333,0.869926961,0.382913351,0.254398746,,
2017-09-14 13:30:00-10:00,586.5821433,350.13,4521.887943,243.9502,0.865150157,0.372438883,0.184209161,,
2017-09-14 13:45:00-10:00,568.8783303,252.1758,4413.323864,243.7749333,0.844379135,0.361198192,0.132673843,,
2017-09-14 14:00:00-10:00,530.1677257,365.5030667,4338.957326,245.9648667,0.830150958,0.336619649,0.192297185,,
2017-09-14 14:15:00-10:00,580.5911075,279.2748,4240.854908,245.9038,0.811381515,0.368634992,0.146931073,,
2017-09-14 14:30:00-10:00,551.628328,141.1876667,4098.004261,245.086,0.784050616,0.35024564,0.074281157,,
2017-09-14 14:45:00-10:00,466.2855422,93.935,3826.480114,243.6476429,0.732101262,0.296058904,0.049420751,,
2017-09-14 15:00:00-10:00,683.4109794,354.4740667,3528.509246,243.6026,0.675091989,0.433918462,0.186494646,,
2017-09-14 15:15:00-10:00,1084.947793,456.3585333,3433.041193,242.8401333,0.656826565,0.688866425,0.240097743,,
2017-09-14 15:30:00-10:00,1052.007889,482.6653333,3263.821023,241.6433333,0.624450518,0.667951876,0.253938183,,
2017-09-14 15:45:00-10:00,1014.195841,430.1914667,3059.502841,239.9067333,0.585359344,0.643943854,0.226330818,,
2017-09-14 16:00:00-10:00,1006.843433,384.6065333,2809.080966,239.2940667,0.537447382,0.639275586,0.202347833,,
2017-09-14 16:15:00-10:00,988.1760826,389.5168667,2535.454416,239.5105333,0.485095786,0.627423116,0.204931241,,
2017-09-14 16:30:00-10:00,1093.444745,332.2984,2291.329545,239.6432,0.438388598,0.694261399,0.174827663,,
2017-09-14 16:45:00-10:00,1224.453766,312.3532,2061.056899,238.4396667,0.394331687,0.777443019,0.164334164,,
2017-09-14 17:00:00-10:00,927.8626704,351.1888667,1497.477337,237.9508,0.286504834,0.589128292,0.184766248,,
2017-09-14 17:15:00-10:00,1008.485752,340.8676154,959.5860597,236.8977692,0.183592791,0.640318344,0.179336068,,
2017-09-14 17:30:00-10:00,967.5617711,197.905,610.4623044,236.9428667,0.116796693,0.614334461,0.104121081,,
2017-09-14 17:45:00-10:00,942.4980882,150.1850667,436.7864215,236.9004,0.083568157,0.598420765,0.079014838,,
2017-09-14 18:00:00-10:00,936.6834023,146.1947857,215.7894737,236.8495,0.041285918,0.594728844,0.076915485,,
2017-09-14 18:15:00-10:00,862.5573197,29.36426667,64.83238636,241.9347333,0.012404056,0.547663934,0.015449024,,
2017-09-14 18:30:00-10:00,941.6726326,221.9870667,0.612765957,242.5917333,0.000117237,0.597896658,0.116791053,,
2017-09-14 18:45:00-10:00,846.356,242.0898667,0,242.064,0,0.537377223,0.127367467,,
2017-09-14 19:00:00-10:00,931.7088667,264.3995333,0,243.0611333,0,0.591570359,0.13910495,,
2017-09-14 19:15:00-10:00,846.5489333,244.7719333,0,242.7554667,0,0.537499722,0.128778547,,
2017-09-14 19:30:00-10:00,924.1122,260.6472,0,242.4552667,0,0.586747004,0.137130786,,
2017-09-14 19:45:00-10:00,840.4032,242.6112667,0,242.3416,0,0.533597609,0.127641784,,
2017-09-14 20:00:00-10:00,894.6087143,260.7711429,0,243.4936429,0,0.568014342,0.137195994,,
2017-09-14 20:15:00-10:00,864.2109333,254.3862,0,243.6345333,0,0.548713864,0.133836771,,
2017-09-14 20:30:00-10:00,858.3645333,252.4201333,0,243.0731333,0,0.545001807,0.132802391,,
2017-09-14 20:45:00-10:00,893.7930667,252.4044667,0,242.0889333,0,0.567496462,0.132794148,,
2017-09-14 21:00:00-10:00,832.468,237.8117333,0,242.1022,0,0.528559308,0.125116671,,
2017-09-14 21:15:00-10:00,917.6587857,258.4519286,0,242.9537857,0,0.582649535,0.135975817,,
2017-09-14 21:30:00-10:00,827.6725333,240.5944,0,243.1965333,0,0.52551452,0.126580677,,
2017-09-14 21:45:00-10:00,877.1890667,248.6012667,0,242.1526667,0,0.556954077,0.130793222,,
2017-09-14 22:00:00-10:00,848.9641333,241.7504667,0,240.5966667,0,0.539033206,0.127188903,,
2017-09-14 22:15:00-10:00,839.3382,240.5871333,0,242.19,0,0.532921408,0.126576854,,
2017-09-14 22:30:00-10:00,870.5189333,248.6318667,0,241.9479333,0,0.552719006,0.130809321,,
2017-09-14 22:45:00-10:00,811.4392667,236.9866667,0,242.5417333,0,0.515207524,0.12468259,,
2017-09-14 23:00:00-10:00,883.5317333,248.4725333,0,241.7608667,0,0.560981229,0.130725493,,
2017-09-14 23:15:00-10:00,813.6894667,233.7191333,0,241.5051333,0,0.516636245,0.122963486,,
2017-09-14 23:30:00-10:00,846.5015333,241.9502,0,241.8059333,0,0.537469626,0.127293986,,
2017-09-14 23:45:00-10:00,830.8988,243.5938667,0,242.5268,0,0.527562975,0.128158746,,
2017-09-15 00:00:00-10:00,817.611,240.1058667,0,242.5238667,0,0.519126146,0.126323652,,
2017-09-15 00:15:00-10:00,910.5874,257.7134667,0,242.6708,0,0.578159696,0.1355873,,
2017-09-15 00:30:00-10:00,845.7354667,244.9980667,0,243.3872,0,0.536983227,0.128897519,,
2017-09-15 00:45:00-10:00,890.8095714,252.8682857,0,242.9834286,0,0.56560215,0.133038171,,
2017-09-15 01:00:00-10:00,875.1486,251.3197333,0,243.0244,0,0.555658522,0.132223452,,
2017-09-15 01:15:00-10:00,838.6565333,244.0494667,0,242.9842,0,0.532488597,0.128398445,,
2017-09-15 01:30:00-10:00,659.7516667,101.2865333,0,243.4400667,0,0.418896444,0.053288514,,
2017-09-15 01:45:00-10:00,354.5035333,-80.51366667,0,243.6851333,0,0.225085099,-0.042359566,,
2017-09-15 02:00:00-10:00,282.8179333,-80.2638,0,244.1105333,0,0.179569727,-0.042228107,,
2017-09-15 02:15:00-10:00,322.6351333,-61.8756,0,242.5827333,0,0.204850881,-0.032553773,,
2017-09-15 02:30:00-10:00,259.0254,-86.73793333,0,242.1932667,0,0.164463122,-0.045634256,,
2017-09-15 02:45:00-10:00,353.9206,-79.575,0,242.3156,0,0.224714977,-0.041865718,,
2017-09-15 03:00:00-10:00,251.4328667,-82.02573333,0,242.3499333,0,0.159642391,-0.04315509,,
2017-09-15 03:15:00-10:00,317.8943571,-79.67485714,0,242.555,0,0.201840817,-0.041918255,,
2017-09-15 03:30:00-10:00,281.4200667,-82.48813333,0,242.6621333,0,0.178682178,-0.043398366,,
2017-09-15 03:45:00-10:00,305.0229333,-83.24886667,0,243.3239333,0,0.193668358,-0.0437986,,
2017-09-15 04:00:00-10:00,305.7576667,-90.98686667,0,243.2186,0,0.194134863,-0.04786969,,
2017-09-15 04:15:00-10:00,297.5916667,-89.57673333,0,243.5270667,0,0.18895002,-0.047127795,,
2017-09-15 04:30:00-10:00,322.8025,-90.94492857,0,242.7207143,0,0.204957147,-0.047847625,,
2017-09-15 04:45:00-10:00,282.0219333,-94.04153333,0,242.7419333,0,0.179064322,-0.0494768,,
2017-09-15 05:00:00-10:00,328.9596,-89.37406667,0,242.9949333,0,0.208866477,-0.047021169,,
2017-09-15 05:15:00-10:00,609.3386429,-90.41,0,242.4307857,0,0.386887678,-0.04756619,,
2017-09-15 05:30:00-10:00,367.1286667,-70.6554,0,242.5982667,0,0.233101181,-0.03717297,,
2017-09-15 05:45:00-10:00,380.5262667,-91.52406667,0,242.7544,0,0.241607726,-0.048152319,,
2017-09-15 06:00:00-10:00,366.5076667,-87.79953333,0,241.9474667,0,0.232706889,-0.046192781,,
2017-09-15 06:15:00-10:00,268.9240714,-94.86178571,0,242.5664286,0,0.17074809,-0.049908348,,
2017-09-15 06:30:00-10:00,366.5105049,-138.9545333,11.33997155,241.7258,0.00216962,0.232708691,-0.073106269,,
2017-09-15 06:45:00-10:00,270.5238541,-269.8345333,35.42958748,242.1203333,0.006778565,0.171763841,-0.141964393,,
2017-09-15 07:00:00-10:00,454.7350996,-253.0726,102.3100996,242.7956,0.019574479,0.288725176,-0.133145664,,
2017-09-15 07:15:00-10:00,694.2963544,-222.8875333,224.3684211,243.7359333,0.042927285,0.440829919,-0.117264803,,
2017-09-15 07:30:00-10:00,640.6953735,-229.4026667,564.2261735,245.1438667,0.107950566,0.406797022,-0.120692522,,
2017-09-15 07:45:00-10:00,513.456502,162.2514,984.8276353,245.6324667,0.188422136,0.326009184,0.085363135,,
2017-09-15 08:00:00-10:00,493.8286826,165.978625,1227.279433,245.774875,0.234809223,0.313546883,0.087324089,,
2017-09-15 08:15:00-10:00,410.447438,149.2134667,1409.588905,246.543,0.26968958,0.26060559,0.078503663,,
2017-09-15 08:30:00-10:00,468.3653316,178.2573333,1777.240398,246.1838667,0.340030498,0.297379426,0.09378412,,
2017-09-15 08:45:00-10:00,376.6381053,89.5632,1940.558239,246.4426,0.371277282,0.239139014,0.047120675,,
2017-09-15 09:00:00-10:00,365.8752441,177.4304,1653.623044,244.9150667,0.316379409,0.232305345,0.093349056,,
2017-09-15 09:15:00-10:00,479.7089302,217.2649286,2318.424716,245.6843571,0.443572581,0.304581822,0.114306658,,
2017-09-15 09:30:00-10:00,416.4333002,291.3918,2644.938834,247.2677333,0.506042891,0.264406196,0.153306026,,
2017-09-15 09:45:00-10:00,1016.823158,547.8687333,3038.887624,246.7964667,0.581415138,0.645612017,0.288242766,,
2017-09-15 10:00:00-10:00,809.6956462,650.7516667,3435.49858,247.5734667,0.657296725,0.514100447,0.342371173,,
2017-09-15 10:15:00-10:00,861.430651,480.1987857,3481.06108,245.9783571,0.666013969,0.546948578,0.252640492,,
2017-09-15 10:30:00-10:00,558.4090138,568.4026,4062.452347,247.9853333,0.777248647,0.354550904,0.299045972,,
2017-09-15 10:45:00-10:00,1149.39033,667.0920667,3136.09233,245.2266667,0.600012827,0.729782956,0.350968126,,
2017-09-15 11:00:00-10:00,1224.22674,600.8792667,2450.434473,242.6287333,0.468829346,0.777298873,0.316132481,,
2017-09-15 11:15:00-10:00,1273.116658,560.9806,2555.826458,244.0926667,0.488993467,0.808340573,0.295141135,,
2017-09-15 11:30:00-10:00,1157.022941,379.6138,3023.916074,244.4843333,0.578550707,0.734629133,0.199721074,,
2017-09-15 11:45:00-10:00,1049.367719,571.5054667,3091.167852,246.0157333,0.591417652,0.666275551,0.300678441,,
2017-09-15 12:00:00-10:00,896.8571212,398.7164,1698.931721,243.4049333,0.325048091,0.569441924,0.209771267,,
2017-09-15 12:15:00-10:00,1095.661889,443.8578667,2092.748222,245.4138,0.400395029,0.695669131,0.233520936,,
2017-09-15 12:30:00-10:00,861.2656149,1043.343067,3626.958748,249.8468667,0.693927839,0.546843792,0.548919976,,
2017-09-15 12:45:00-10:00,927.5553815,738.6307857,3063.620739,247.4085714,0.586147201,0.588933185,0.388605825,,
2017-09-15 13:00:00-10:00,932.952058,415.2548,2031.826458,244.9182,0.388739173,0.5923597,0.218472391,,
2017-09-15 13:15:00-10:00,1195.384189,781.0359333,3764.062589,247.5592667,0.72015923,0.758985859,0.410915872,,
2017-09-15 13:30:00-10:00,627.0735062,948.4583571,3697.11522,246.8637857,0.707350525,0.398148083,0.498999567,,
2017-09-15 13:45:00-10:00,1055.038071,349.0242143,1839.1875,242.4827143,0.351882526,0.669875831,0.183627389,,
2017-09-15 14:00:00-10:00,899.01967,369.3798,1630.14367,243.6674667,0.311887218,0.570814992,0.194336798,,
2017-09-15 14:15:00-10:00,987.5806538,731.023,2952.68892,246.4193333,0.564923172,0.62704506,0.384603243,,
2017-09-15 14:30:00-10:00,1130.872563,341.5158667,1838.16643,242.7020667,0.35168717,0.718025461,0.179677124,,
2017-09-15 14:45:00-10:00,1083.904786,418.5593333,1905.082386,244.5715333,0.364489865,0.688204188,0.220210961,,
2017-09-15 15:00:00-10:00,955.1130065,333.1962143,925.2613636,240.3887143,0.177025619,0.606430361,0.175300018,,
2017-09-15 15:15:00-10:00,1160.399115,337.643,1144.443182,239.0011333,0.218960578,0.736772769,0.177639545,,
2017-09-15 15:30:00-10:00,1132.669413,300.0616,1137.035613,236.8952,0.217543325,0.719166336,0.157867351,,
2017-09-15 15:45:00-10:00,891.0645106,338.9944667,1045.875177,235.8249333,0.200102056,0.565764019,0.178350574,,
2017-09-15 16:00:00-10:00,796.1551425,93.65006667,566.4267425,234.8728,0.10837159,0.505503168,0.049270843,,
2017-09-15 16:15:00-10:00,563.7248628,-215.1665,467.5320057,236.9841429,0.089450555,0.357926099,-0.11320264,,
2017-09-15 16:30:00-10:00,532.2463697,-210.6655333,565.7386364,238.1633333,0.108239938,0.337939444,-0.110834608,,
2017-09-15 16:45:00-10:00,595.0290037,106.3435333,836.6458037,237.1017333,0.160071248,0.377802052,0.055949085,,
2017-09-15 17:00:00-10:00,520.3986152,109.6810714,1299.273115,237.9381429,0.248583413,0.330416943,0.057705019,,
2017-09-15 17:15:00-10:00,412.0952488,50.43553333,909.3997155,238.9082,0.17399089,0.261651835,0.026534965,,
2017-09-15 17:30:00-10:00,427.9743773,-247.6557333,447.1789773,239.1836667,0.085556512,0.271733978,-0.130295761,,
2017-09-15 17:45:00-10:00,475.648725,-241.4830667,218.703125,240.2116,0.041843373,0.302003874,-0.12704822,,
2017-09-15 18:00:00-10:00,407.080492,-255.2713333,130.2674253,238.7362,0.024923414,0.258467813,-0.134302454,,
2017-09-15 18:15:00-10:00,474.083782,-232.4724286,37.68421053,238.2696429,0.007209931,0.301010244,-0.122307575,,
2017-09-15 18:30:00-10:00,633.3736753,35.63746667,0.173541963,239.7254667,3.32E-05,0.402148253,0.018749458,,
2017-09-15 18:45:00-10:00,540.9439333,42.1668,0,239.2457333,0,0.343461792,0.022184648,,
2017-09-15 19:00:00-10:00,489.7176667,-26.2136,0,239.6629333,0,0.310936674,-0.013791407,,
2017-09-15 19:15:00-10:00,478.4247857,-42.80192857,0,241.2282143,0,0.30376648,-0.0225188,,
2017-09-15 19:30:00-10:00,477.4536,-42.7242,0,242.2729333,0,0.303149844,-0.022477905,,
2017-09-15 19:45:00-10:00,271.2859231,-38.64076923,0,242.8177692,0,0.172247702,-0.020329545,,
2017-09-15 20:00:00-10:00,343.5048667,-40.14246667,0,242.4055333,0,0.21810171,-0.021119613,,
2017-09-15 20:15:00-10:00,263.5781333,-39.2606,0,241.7434667,0,0.167353791,-0.020655648,,
2017-09-15 20:30:00-10:00,339.5866,-39.15786667,0,239.9606667,0,0.215613884,-0.020601599,,
2017-09-15 20:45:00-10:00,253.5644,-39.3154,0,240.5135333,0,0.160995767,-0.02068448,,
2017-09-15 21:00:00-10:00,340.0166,-38.70886667,0,241.2691333,0,0.215886904,-0.020365372,,
2017-09-15 21:15:00-10:00,260.3191333,-43.3502,0,241.7749333,0,0.165284553,-0.022807254,,
2017-09-15 21:30:00-10:00,335.0051333,-34.06373333,0,241.8709333,0,0.212704971,-0.017921491,,
2017-09-15 21:45:00-10:00,292.0326667,-41.24786667,0,241.6644,0,0.185420442,-0.021701182,,
2017-09-15 22:00:00-10:00,293.6526,-36.38526667,0,241.7906667,0,0.186448987,-0.019142888,,
2017-09-15 22:15:00-10:00,283.1576667,-42.11866667,0,241.0960667,0,0.179785434,-0.022159324,,
2017-09-15 22:30:00-10:00,302.6886,-35.4712,0,241.7794,0,0.192186219,-0.018661983,,
2017-09-15 22:45:00-10:00,303.6652143,-40.16064286,0,240.9280714,0,0.192806301,-0.021129176,,
2017-09-15 23:00:00-10:00,269.3926,-37.52433333,0,241.0675333,0,0.171045573,-0.01974217,,
2017-09-15 23:15:00-10:00,322.3586667,-38.84086667,0,241.0536667,0,0.204675343,-0.02043482,,
2017-09-15 23:30:00-10:00,255.5265333,-44.16493333,0,242.0152667,0,0.162241585,-0.023235899,,
2017-09-15 23:45:00-10:00,339.7496667,-37.64206667,0,242.3643333,0,0.21571742,-0.019804111,,