time,g20_avg_v,g20_avg_vpu,g20_testvoltage,g20_primcalcpu
2017-09-08 00:00:00-10:00,246.2400014,1.026000006,1.03,1.02826605
2017-09-08 00:15:00-10:00,246.6133331,1.027555555,1.03,1.029589047
2017-09-08 00:30:00-10:00,246.5466685,1.027277785,1.03,1.028798968
2017-09-08 00:45:00-10:00,246.8466665,1.028527777,1.03,1.030179682
2017-09-08 01:00:00-10:00,247.0066681,1.02919445,1.03,1.030835773
2017-09-08 01:15:00-10:00,247.2733337,1.030305557,1.03,1.031904583
2017-09-08 01:30:00-10:00,245.6,1.023333333,1.03,1.024988189
2017-09-08 01:45:00-10:00,245.1733337,1.021555557,1.03,1.02337464
2017-09-08 02:00:00-10:00,245.3266652,1.022194438,1.03,1.023850099
2017-09-08 02:15:00-10:00,245.3799998,1.022416666,1.03,1.023874525
2017-09-08 02:30:00-10:00,245.5400004,1.023083335,1.03,1.024583344
2017-09-08 02:45:00-10:00,245.7333354,1.023888898,1.03,1.025326668
2017-09-08 03:00:00-10:00,245.8733327,1.02447222,1.03,1.025891726
2017-09-08 03:15:00-10:00,245.7733317,1.024055549,1.03,1.025341761
2017-09-08 03:30:00-10:00,245.8733327,1.02447222,1.03,1.025559361
2017-09-08 03:45:00-10:00,245.5733327,1.02322222,1.03,1.024449618
2017-09-08 04:00:00-10:00,245.4133341,1.022555559,1.03,1.023647462
2017-09-08 04:15:00-10:00,244.8799998,1.020333333,1.03,1.021808171
2017-09-08 04:30:00-10:00,245.4133341,1.022555559,1.03,1.023954218
2017-09-08 04:45:00-10:00,245.4733327,1.022805553,1.03,1.024032905
2017-09-08 05:00:00-10:00,244.9866689,1.020777787,1.03,1.022698577
2017-09-08 05:15:00-10:00,244.8133331,1.020055555,1.03,1.022431282
2017-09-08 05:30:00-10:00,245.1133341,1.021305559,1.03,1.02284146
2017-09-08 05:45:00-10:00,244.7,1.019583333,1.03,1.02111524
2017-09-08 06:00:00-10:00,244.706665,1.019611104,1.03,1.02082125
2017-09-08 06:15:00-10:00,244.4066671,1.018361113,1.03,1.020399506
2017-09-08 06:30:00-10:00,244.5666677,1.019027782,1.03,1.020648013
2017-09-08 06:45:00-10:00,244.5066661,1.018777775,1.03,1.020498243
2017-09-08 07:00:00-10:00,245.0466685,1.021027785,1.03,1.022400143
2017-09-08 07:15:00-10:00,245.4733337,1.022805557,1.03,1.023788564
2017-09-08 07:30:00-10:00,245.4400014,1.022666673,1.03,1.022900851
2017-09-08 07:45:00-10:00,245.1799998,1.021583333,1.03,1.021991473
2017-09-08 08:00:00-10:00,244.0599996,1.016916665,1.03,1.017597473
2017-09-08 08:15:00-10:00,244.0428554,1.016845231,1.03,1.016941978
2017-09-08 08:30:00-10:00,244.3600006,1.018166669,1.03,1.018122497
2017-09-08 08:45:00-10:00,243.7133341,1.015472225,1.03,1.015560681
2017-09-08 09:00:00-10:00,244.0200012,1.016750005,1.03,1.01532152
2017-09-08 09:15:00-10:00,243.8466685,1.016027785,1.03,1.015150467
2017-09-08 09:30:00-10:00,242.7266663,1.01136111,1.03,1.010014235
2017-09-08 09:45:00-10:00,242.899999,1.012083329,1.03,1.009704949
2017-09-08 10:00:00-10:00,242.4599986,1.010249994,1.03,1.007508479
2017-09-08 10:15:00-10:00,243.0866669,1.012861112,1.03,1.00952643
2017-09-08 10:30:00-10:00,242.3866689,1.009944454,1.03,1.006547354
2017-09-08 10:45:00-10:00,242.1266652,1.008861105,1.03,1.005778103
2017-09-08 11:00:00-10:00,242.3466665,1.009777777,1.03,1.006311853
2017-09-08 11:15:00-10:00,242.5799988,1.010749995,1.03,1.007827973
2017-09-08 11:30:00-10:00,242.3799998,1.009916666,1.03,1.009514283
2017-09-08 11:45:00-10:00,243.4200012,1.014250005,1.03,1.011481381
2017-09-08 12:00:00-10:00,243.1733348,1.013222228,1.03,1.012318165
2017-09-08 12:15:00-10:00,244.6133352,1.01922223,1.03,1.017287996
2017-09-08 12:30:00-10:00,242.6666677,1.011111115,1.03,1.011815004
2017-09-08 12:45:00-10:00,243.8600016,1.01608334,1.03,1.013156664
2017-09-08 13:00:00-10:00,243.7066681,1.01544445,1.03,1.012621052
2017-09-08 13:15:00-10:00,243.4399994,1.014333331,1.03,1.01122209
2017-09-08 13:30:00-10:00,243.4733348,1.014472228,1.03,1.011972089
2017-09-08 13:45:00-10:00,243.0333333,1.012638889,1.03,1.010842068
2017-09-08 14:00:00-10:00,242.4533335,1.010222223,1.03,1.008548315
2017-09-08 14:15:00-10:00,241.6133331,1.006722221,1.03,1.00665581
2017-09-08 14:30:00-10:00,241.6733317,1.006972215,1.03,1.008758176
2017-09-08 14:45:00-10:00,242.2799998,1.009499999,1.03,1.010752603
2017-09-08 15:00:00-10:00,244.006665,1.016694438,1.03,1.016676103
2017-09-08 15:15:00-10:00,243.9142848,1.01630952,1.03,1.016402837
2017-09-08 15:30:00-10:00,242.9399994,1.012249998,1.03,1.013436529
2017-09-08 15:45:00-10:00,243.4266663,1.014277776,1.03,1.016316595
2017-09-08 16:00:00-10:00,243.6733348,1.015305562,1.03,1.016900964
2017-09-08 16:15:00-10:00,244.3357152,1.01806548,1.03,1.019806103
2017-09-08 16:30:00-10:00,244.2199992,1.01758333,1.03,1.01900145
2017-09-08 16:45:00-10:00,244.4333333,1.018472222,1.03,1.019528435
2017-09-08 17:00:00-10:00,243.9066661,1.016277775,1.03,1.017859733
2017-09-08 17:15:00-10:00,244.999999,1.020833329,1.03,1.022289417
2017-09-08 17:30:00-10:00,244.899998,1.020416658,1.03,1.02226107
2017-09-08 17:45:00-10:00,244.7866659,1.019944441,1.03,1.02152712
2017-09-08 18:00:00-10:00,245.099999,1.021249996,1.03,1.023506058
2017-09-08 18:15:00-10:00,245.1333323,1.021388885,1.03,1.023658496
2017-09-08 18:30:00-10:00,245.4066671,1.02252778,1.03,1.025058052
2017-09-08 18:45:00-10:00,244.8866659,1.020361108,1.03,1.023545475
2017-09-08 19:00:00-10:00,244.4466665,1.018527777,1.03,1.022007412
2017-09-08 19:15:00-10:00,245.1866679,1.021611116,1.03,1.024637366
2017-09-08 19:30:00-10:00,246.5266673,1.027194447,1.03,1.029975383
2017-09-08 19:45:00-10:00,246.1533315,1.025638881,1.03,1.028485704
2017-09-08 20:00:00-10:00,246.2266663,1.025944443,1.03,1.029309767
2017-09-08 20:15:00-10:00,246.6199992,1.02758333,1.03,1.030739127
2017-09-08 20:30:00-10:00,246.7600006,1.028166669,1.03,1.031438489
2017-09-08 20:45:00-10:00,246.8266652,1.028444438,1.03,1.031546157
2017-09-08 21:00:00-10:00,247.406665,1.030861104,1.03,1.033701454
2017-09-08 21:15:00-10:00,247.7333344,1.032222227,1.03,1.034853671
2017-09-08 21:30:00-10:00,247.2599986,1.030249994,1.03,1.032610144
2017-09-08 21:45:00-10:00,247.1200012,1.029666672,1.03,1.031347124
2017-09-08 22:00:00-10:00,246.2733358,1.026138899,1.03,1.02886037
2017-09-08 22:15:00-10:00,246.5533346,1.027305561,1.03,1.029639357
2017-09-08 22:30:00-10:00,246.8200012,1.028416672,1.03,1.03065122
2017-09-08 22:45:00-10:00,246.8133311,1.02838888,1.03,1.030397064
2017-09-08 23:00:00-10:00,246.2666677,1.026111115,1.03,1.027944297
2017-09-08 23:15:00-10:00,246.4266642,1.026777768,1.03,1.028822461
2017-09-08 23:30:00-10:00,247.0866659,1.029527775,1.03,1.031438991
2017-09-08 23:45:00-10:00,247.300002,1.030416675,1.03,1.032330677
2017-09-09 00:00:00-10:00,246.399999,1.026666663,1.03,1.028680552
2017-09-09 00:15:00-10:00,246.5533315,1.027305548,1.03,1.02902823
2017-09-09 00:30:00-10:00,246.499999,1.027083329,1.03,1.028439548
2017-09-09 00:45:00-10:00,246.8666667,1.028611111,1.03,1.029964279
2017-09-09 01:00:00-10:00,246.7400004,1.028083335,1.03,1.030140971
2017-09-09 01:15:00-10:00,246.499999,1.027083329,1.03,1.029123915
2017-09-09 01:30:00-10:00,245.7,1.02375,1.03,1.02560431
2017-09-09 01:45:00-10:00,245.6599986,1.023583328,1.03,1.025463087
2017-09-09 02:00:00-10:00,246.1066661,1.025444442,1.03,1.02740328
2017-09-09 02:15:00-10:00,245.5866679,1.023277783,1.03,1.024880326
2017-09-09 02:30:00-10:00,245.5666677,1.023194449,1.03,1.024956783
2017-09-09 02:45:00-10:00,245.6799998,1.023666666,1.03,1.02504346
2017-09-09 03:00:00-10:00,245.3133331,1.022138888,1.03,1.023831956
2017-09-09 03:15:00-10:00,245.4066661,1.022527775,1.03,1.023728847
2017-09-09 03:30:00-10:00,245.2266673,1.02177778,1.03,1.023142774
2017-09-09 03:45:00-10:00,245.0400004,1.021000002,1.03,1.022190315
2017-09-09 04:00:00-10:00,245.3466654,1.022277773,1.03,1.023536809
2017-09-09 04:15:00-10:00,245.4133331,1.022555555,1.03,1.023876634
2017-09-09 04:30:00-10:00,245.3466675,1.022277781,1.03,1.023897135
2017-09-09 04:45:00-10:00,245.4866679,1.022861116,1.03,1.024217628
2017-09-09 05:00:00-10:00,244.9866669,1.020777779,1.03,1.022344095
2017-09-09 05:15:00-10:00,244.4199992,1.018416663,1.03,1.019708232
2017-09-09 05:30:00-10:00,244.2357156,1.017648815,1.03,1.018905768
2017-09-09 05:45:00-10:00,244.699998,1.019583325,1.03,1.02128424
2017-09-09 06:00:00-10:00,245.2800018,1.022000008,1.03,1.02383629
2017-09-09 06:15:00-10:00,246.6466675,1.027694448,1.03,1.029076467
2017-09-09 06:30:00-10:00,246.7799978,1.028249991,1.03,1.02964424
2017-09-09 06:45:00-10:00,245.7399994,1.023916664,1.03,1.025192539
2017-09-09 07:00:00-10:00,244.8133331,1.020055555,1.03,1.021698701
2017-09-09 07:15:00-10:00,244.6400024,1.019333343,1.03,1.020792779
2017-09-09 07:30:00-10:00,244.3333333,1.018055555,1.03,1.018794473
2017-09-09 07:45:00-10:00,244.3800008,1.018250003,1.03,1.018666279
2017-09-09 08:00:00-10:00,244.2066671,1.01752778,1.03,1.018619484
2017-09-09 08:15:00-10:00,244.3733327,1.01822222,1.03,1.019288481
2017-09-09 08:30:00-10:00,243.9733327,1.016555553,1.03,1.017471695
2017-09-09 08:45:00-10:00,244.3533346,1.018138894,1.03,1.018935926
2017-09-09 09:00:00-10:00,244.7733327,1.019888886,1.03,1.02069748
2017-09-09 09:15:00-10:00,244.6399984,1.019333327,1.03,1.019883877
2017-09-09 09:30:00-10:00,242.8733337,1.011972224,1.03,1.012646427
2017-09-09 09:45:00-10:00,243.1133321,1.012972217,1.03,1.013631977
2017-09-09 10:00:00-10:00,243.3200002,1.013833334,1.03,1.013652904
2017-09-09 10:15:00-10:00,242.6200002,1.010916668,1.03,1.012074428
2017-09-09 10:30:00-10:00,242.5933339,1.010805558,1.03,1.011267699
2017-09-09 10:45:00-10:00,243.0400014,1.012666673,1.03,1.013096169
2017-09-09 11:00:00-10:00,242.9933329,1.01247222,1.03,1.013468551
2017-09-09 11:15:00-10:00,242.5266663,1.010527776,1.03,1.010821872
2017-09-09 11:30:00-10:00,243.1200012,1.013000005,1.03,1.013257041
2017-09-09 11:45:00-10:00,244.1733348,1.017388895,1.03,1.014207796
2017-09-09 12:00:00-10:00,243.3800008,1.014083337,1.03,1.01173296
2017-09-09 12:15:00-10:00,244.4399984,1.018499993,1.03,1.016360905
2017-09-09 12:30:00-10:00,243.3866669,1.014111112,1.03,1.013692388
2017-09-09 12:45:00-10:00,243.5200012,1.014666672,1.03,1.013968559
2017-09-09 13:00:00-10:00,245.0333333,1.020972222,1.03,1.017223272
2017-09-09 13:15:00-10:00,242.9866669,1.012444445,1.03,1.011302225
2017-09-09 13:30:00-10:00,242.4,1.01,1.03,1.008569665
2017-09-09 13:45:00-10:00,242.7866659,1.011611108,1.03,1.008719928
2017-09-09 14:00:00-10:00,241.7666646,1.007361103,1.03,1.004901158
2017-09-09 14:15:00-10:00,243.1066681,1.01294445,1.03,1.009787248
2017-09-09 14:30:00-10:00,243.3733348,1.014055562,1.03,1.011737624
2017-09-09 14:45:00-10:00,242.3133331,1.009638888,1.03,1.007501517
2017-09-09 15:00:00-10:00,241.3200012,1.005500005,1.03,1.004325378
2017-09-09 15:15:00-10:00,241.5333344,1.006388893,1.03,1.005695074
2017-09-09 15:30:00-10:00,241.393335,1.005805563,1.03,1.005374522
2017-09-09 15:45:00-10:00,241.6599996,1.006916665,1.03,1.007167963
2017-09-09 16:00:00-10:00,242.8066661,1.011694442,1.03,1.011179639
2017-09-09 16:15:00-10:00,242.5133321,1.010472217,1.03,1.009711442
2017-09-09 16:30:00-10:00,242.1599986,1.008999994,1.03,1.010434652
2017-09-09 16:45:00-10:00,242.3733337,1.00988889,1.03,1.011313336
2017-09-09 17:00:00-10:00,242.2399994,1.009333331,1.03,1.010558972
2017-09-09 17:15:00-10:00,242.5066671,1.010444446,1.03,1.011778174
2017-09-09 17:30:00-10:00,244.4733337,1.01863889,1.03,1.019525721
2017-09-09 17:45:00-10:00,244.4733348,1.018638895,1.03,1.019547907
2017-09-09 18:00:00-10:00,243.3733317,1.014055549,1.03,1.015884012
2017-09-09 18:15:00-10:00,245.5400004,1.023083335,1.03,1.02550418
2017-09-09 18:30:00-10:00,245.2533335,1.02188889,1.03,1.024176344
2017-09-09 18:45:00-10:00,245.5266683,1.023027785,1.03,1.025421222
2017-09-09 19:00:00-10:00,245.6399984,1.023499993,1.03,1.026170293
2017-09-09 19:15:00-10:00,246.8333344,1.028472227,1.03,1.031227518
2017-09-09 19:30:00-10:00,247.3199992,1.030499997,1.03,1.032460643
2017-09-09 19:45:00-10:00,247.5066681,1.031277784,1.03,1.033947278
2017-09-09 20:00:00-10:00,247.8333323,1.032638885,1.03,1.035157307
2017-09-09 20:15:00-10:00,247.2266652,1.030111105,1.03,1.032108805
2017-09-09 20:30:00-10:00,247.4799998,1.031166666,1.03,1.033043238
2017-09-09 20:45:00-10:00,247.4666656,1.031111107,1.03,1.032990972
2017-09-09 21:00:00-10:00,247.6133341,1.031722225,1.03,1.033679383
2017-09-09 21:15:00-10:00,247.3399994,1.030583331,1.03,1.032979723
2017-09-09 21:30:00-10:00,246.6666646,1.027777769,1.03,1.03001983
2017-09-09 21:45:00-10:00,246.7199992,1.027999997,1.03,1.030439808
2017-09-09 22:00:00-10:00,247.6933329,1.032055554,1.03,1.034066711
2017-09-09 22:15:00-10:00,245.7333333,1.023888889,1.03,1.026460464
2017-09-09 22:30:00-10:00,245.2200012,1.021750005,1.03,1.024969593
2017-09-09 22:45:00-10:00,245.4533335,1.022722223,1.03,1.024894737
2017-09-09 23:00:00-10:00,245.8266652,1.024277772,1.03,1.026128642
2017-09-09 23:15:00-10:00,245.6533305,1.023555544,1.03,1.025492449
2017-09-09 23:30:00-10:00,246.2799988,1.026166662,1.03,1.027877804
2017-09-09 23:45:00-10:00,246.5400004,1.027250002,1.03,1.029080688
2017-09-10 00:00:00-10:00,244.2066671,1.01752778,1.03,1.019800492
2017-09-10 00:15:00-10:00,244.6266673,1.01927778,1.03,1.022254247
2017-09-10 00:30:00-10:00,244.6533315,1.019388881,1.03,1.021630624
2017-09-10 00:45:00-10:00,245.2399984,1.021833327,1.03,1.023882378
2017-09-10 01:00:00-10:00,245.406665,1.022527771,1.03,1.024707881
2017-09-10 01:15:00-10:00,245.806665,1.024194438,1.03,1.026574496
2017-09-10 01:30:00-10:00,246.1400014,1.025583339,1.03,1.02747861
2017-09-10 01:45:00-10:00,246.3800008,1.026583337,1.03,1.028737618
2017-09-10 02:00:00-10:00,246.6199992,1.02758333,1.03,1.029334816
2017-09-10 02:15:00-10:00,246.5933329,1.02747222,1.03,1.029397898
2017-09-10 02:30:00-10:00,246.7785721,1.02824405,1.03,1.029993352
2017-09-10 02:45:00-10:00,246.6866669,1.027861112,1.03,1.029086608
2017-09-10 03:00:00-10:00,246.0533315,1.025222215,1.03,1.026814072
2017-09-10 03:15:00-10:00,246.3933339,1.026638891,1.03,1.027778262
2017-09-10 03:30:00-10:00,246.3399994,1.026416664,1.03,1.027535656
2017-09-10 03:45:00-10:00,246.3533315,1.026472215,1.03,1.027727897
2017-09-10 04:00:00-10:00,246.4866659,1.027027775,1.03,1.028158144
2017-09-10 04:15:00-10:00,246.2866659,1.026194441,1.03,1.027256403
2017-09-10 04:30:00-10:00,246.2666677,1.026111115,1.03,1.027317288
2017-09-10 04:45:00-10:00,246.3133331,1.026305555,1.03,1.027569475
2017-09-10 05:00:00-10:00,245.9733327,1.024888886,1.03,1.026164395
2017-09-10 05:15:00-10:00,246.1266673,1.02552778,1.03,1.026652542
2017-09-10 05:30:00-10:00,245.799999,1.024166663,1.03,1.025387079
2017-09-10 05:45:00-10:00,245.299999,1.022083329,1.03,1.02355031
2017-09-10 06:00:00-10:00,245.9133321,1.024638884,1.03,1.026273096
2017-09-10 06:15:00-10:00,245.2133331,1.021722221,1.03,1.024310773
2017-09-10 06:30:00-10:00,245.3533335,1.022305556,1.03,1.024828102
2017-09-10 06:45:00-10:00,244.9133331,1.020472221,1.03,1.02226251
2017-09-10 07:00:00-10:00,245.1733317,1.021555549,1.03,1.023054256
2017-09-10 07:15:00-10:00,244.8466675,1.020194448,1.03,1.021384199
2017-09-10 07:30:00-10:00,244.4666656,1.018611107,1.03,1.019733232
2017-09-10 07:45:00-10:00,244.7399994,1.019749998,1.03,1.020142169
2017-09-10 08:00:00-10:00,244.2,1.0175,1.03,1.017993031
2017-09-10 08:15:00-10:00,244.3333323,1.018055551,1.03,1.018456789
2017-09-10 08:30:00-10:00,243.9,1.01625,1.03,1.016980906
2017-09-10 08:45:00-10:00,243.3666667,1.014027778,1.03,1.014025046
2017-09-10 09:00:00-10:00,243.4333333,1.014305555,1.03,1.013455906
2017-09-10 09:15:00-10:00,243.5533335,1.014805556,1.03,1.013835689
2017-09-10 09:30:00-10:00,243.2333354,1.013472231,1.03,1.012355093
2017-09-10 09:45:00-10:00,243.6533346,1.015222228,1.03,1.013912467
2017-09-10 10:00:00-10:00,244.2866659,1.017861108,1.03,1.015920945
2017-09-10 10:15:00-10:00,244.3,1.017916667,1.03,1.015629087
2017-09-10 10:30:00-10:00,243.6266673,1.015111114,1.03,1.012771241
2017-09-10 10:45:00-10:00,243.1066681,1.01294445,1.03,1.01070197
2017-09-10 11:00:00-10:00,241.9533325,1.008138885,1.03,1.006258919
2017-09-10 11:15:00-10:00,242.6600006,1.011083336,1.03,1.009084694
2017-09-10 11:30:00-10:00,242.0799978,1.008666658,1.03,1.006732645
2017-09-10 11:45:00-10:00,242.9933339,1.012472225,1.03,1.009378027
2017-09-10 12:00:00-10:00,242.7733327,1.011555553,1.03,1.008771727
2017-09-10 12:15:00-10:00,242.1466675,1.008944448,1.03,1.006275076
2017-09-10 12:30:00-10:00,242.6399963,1.010999985,1.03,1.008554185
2017-09-10 12:45:00-10:00,243.1199992,1.012999997,1.03,1.010403011
2017-09-10 13:00:00-10:00,242.8333323,1.011805551,1.03,1.009407877
2017-09-10 13:15:00-10:00,241.0733327,1.00447222,1.03,1.002972098
2017-09-10 13:30:00-10:00,240.4933329,1.002055554,1.03,1.001135731
2017-09-10 13:45:00-10:00,239.8133341,0.999222225,1.03,0.999619857
2017-09-10 14:00:00-10:00,240.0199992,1.00008333,1.03,0.999876641
2017-09-10 14:15:00-10:00,240.4866659,1.002027775,1.03,1.00134455
2017-09-10 14:30:00-10:00,239.606664,0.9983611,1.03,0.997844785
2017-09-10 14:45:00-10:00,240.299998,1.001249992,1.03,1.001454754
2017-09-10 15:00:00-10:00,240.4200022,1.001750009,1.03,1.003060228
2017-09-10 15:15:00-10:00,241.7533335,1.007305556,1.03,1.008798825
2017-09-10 15:30:00-10:00,242.5333333,1.010555555,1.03,1.011355404
2017-09-10 15:45:00-10:00,241.9666656,1.00819444,1.03,1.00862339
2017-09-10 16:00:00-10:00,241.3800018,1.005750008,1.03,1.006466121
2017-09-10 16:15:00-10:00,242.5866659,1.010777775,1.03,1.010999568
2017-09-10 16:30:00-10:00,242.2785721,1.00949405,1.03,1.010955989
2017-09-10 16:45:00-10:00,242.4733337,1.010305557,1.03,1.011691494
2017-09-10 17:00:00-10:00,242.1733348,1.009055562,1.03,1.010825796
2017-09-10 17:15:00-10:00,244.0199992,1.016749997,1.03,1.018289695
2017-09-10 17:30:00-10:00,243.1866659,1.013277775,1.03,1.015848014
2017-09-10 17:45:00-10:00,243.5466665,1.014777777,1.03,1.017038358
2017-09-10 18:00:00-10:00,244.5133321,1.01880555,1.03,1.02126665
2017-09-10 18:15:00-10:00,243.6533315,1.015222215,1.03,1.018567133
2017-09-10 18:30:00-10:00,244.5466665,1.018944444,1.03,1.02165355
2017-09-10 18:45:00-10:00,245.1733337,1.021555557,1.03,1.024642746
2017-09-10 19:00:00-10:00,244.6800008,1.019500003,1.03,1.022446318
2017-09-10 19:15:00-10:00,245.5333313,1.023055547,1.03,1.025531512
2017-09-10 19:30:00-10:00,245.4466685,1.022694452,1.03,1.025428424
2017-09-10 19:45:00-10:00,245.8466644,1.024361102,1.03,1.027746528
2017-09-10 20:00:00-10:00,246.1533335,1.02563889,1.03,1.028306789
2017-09-10 20:15:00-10:00,246.5733327,1.027388886,1.03,1.030199125
2017-09-10 20:30:00-10:00,247.0400004,1.029333335,1.03,1.032617333
2017-09-10 20:45:00-10:00,246.7800008,1.028250003,1.03,1.032142833
2017-09-10 21:00:00-10:00,247.1666667,1.029861111,1.03,1.033381993
2017-09-10 21:15:00-10:00,246.7333333,1.028055555,1.03,1.031339589
2017-09-10 21:30:00-10:00,245.899999,1.024583329,1.03,1.02743319
2017-09-10 21:45:00-10:00,246.9200002,1.028833334,1.03,1.030857018
2017-09-10 22:00:00-10:00,247.4333333,1.030972222,1.03,1.032863586
2017-09-10 22:15:00-10:00,246.6466675,1.027694448,1.03,1.0302665
2017-09-10 22:30:00-10:00,246.9466665,1.028944444,1.03,1.03086886
2017-09-10 22:45:00-10:00,247.4666667,1.031111111,1.03,1.03326015
2017-09-10 23:00:00-10:00,246.7399994,1.028083331,1.03,1.030568481
2017-09-10 23:15:00-10:00,246.1799998,1.025749999,1.03,1.027551966
2017-09-10 23:30:00-10:00,246.4928567,1.02705357,1.03,1.028879924
2017-09-10 23:45:00-10:00,246.4333323,1.026805551,1.03,1.028354184
2017-09-11 00:00:00-10:00,244.3399994,1.018083331,1.03,1.019713849
2017-09-11 00:15:00-10:00,245.1600006,1.021500003,1.03,1.022831906
2017-09-11 00:30:00-10:00,245.2200012,1.021750005,1.03,1.023091954
2017-09-11 00:45:00-10:00,245.9800008,1.02491667,1.03,1.025936677
2017-09-11 01:00:00-10:00,246.1466665,1.02561111,1.03,1.027139435
2017-09-11 01:15:00-10:00,246.5600016,1.02733334,1.03,1.028692949
2017-09-11 01:30:00-10:00,246.3533346,1.026472228,1.03,1.027565139
2017-09-11 01:45:00-10:00,246.6533325,1.027722219,1.03,1.02882724
2017-09-11 02:00:00-10:00,246.9933339,1.029138891,1.03,1.030206221
2017-09-11 02:15:00-10:00,247.1600016,1.02983334,1.03,1.031042799
2017-09-11 02:30:00-10:00,247.000001,1.029166671,1.03,1.030129817
2017-09-11 02:45:00-10:00,247.0400004,1.029333335,1.03,1.030442555
2017-09-11 03:00:00-10:00,247.1200002,1.029666668,1.03,1.030728533
2017-09-11 03:15:00-10:00,247.2,1.03,1.03,1.031186821
2017-09-11 03:30:00-10:00,246.3399994,1.026416664,1.03,1.027938682
2017-09-11 03:45:00-10:00,246.3666687,1.026527786,1.03,1.027547564
2017-09-11 04:00:00-10:00,246.1066671,1.025444446,1.03,1.026544434
2017-09-11 04:15:00-10:00,245.9133341,1.024638892,1.03,1.025810854
2017-09-11 04:30:00-10:00,245.9266642,1.024694434,1.03,1.026170657
2017-09-11 04:45:00-10:00,245.3266673,1.022194447,1.03,1.023830809
2017-09-11 05:00:00-10:00,245.5266683,1.023027785,1.03,1.024558193
2017-09-11 05:15:00-10:00,245.8466665,1.02436111,1.03,1.026126955
2017-09-11 05:30:00-10:00,245.3599996,1.022333332,1.03,1.024390663
2017-09-11 05:45:00-10:00,245.0133321,1.020888884,1.03,1.023008921
2017-09-11 06:00:00-10:00,245.2133341,1.021722225,1.03,1.023914562
2017-09-11 06:15:00-10:00,245.1266673,1.021361114,1.03,1.023792414
2017-09-11 06:30:00-10:00,245.0533325,1.021055552,1.03,1.023301865
2017-09-11 06:45:00-10:00,245.5200012,1.023000005,1.03,1.025297996
2017-09-11 07:00:00-10:00,245.8866669,1.024527779,1.03,1.026154952
2017-09-11 07:15:00-10:00,246.1357149,1.025565479,1.03,1.026624585
2017-09-11 07:30:00-10:00,244.8833338,1.020347224,1.03,1.020813496
2017-09-11 07:45:00-10:00,244.5818149,1.019090895,1.03,1.019177537
2017-09-11 08:00:00-10:00,244.7800008,1.01991667,1.03,1.020254479
2017-09-11 08:15:00-10:00,244.8600006,1.020250003,1.03,1.020319538
2017-09-11 08:30:00-10:00,244.8133331,1.020055555,1.03,1.019376311
2017-09-11 08:45:00-10:00,244.5666667,1.019027778,1.03,1.017912968
2017-09-11 09:00:00-10:00,244.0066661,1.016694442,1.03,1.015895745
2017-09-11 09:15:00-10:00,244.3066671,1.017944446,1.03,1.016636342
2017-09-11 09:30:00-10:00,243.8799988,1.016166662,1.03,1.014827383
2017-09-11 09:45:00-10:00,243.6466665,1.015194444,1.03,1.014485189
2017-09-11 10:00:00-10:00,243.8199992,1.015916663,1.03,1.014541726
2017-09-11 10:15:00-10:00,243.9200012,1.016333338,1.03,1.014591506
2017-09-11 10:30:00-10:00,244.0066671,1.016694446,1.03,1.013977108
2017-09-11 10:45:00-10:00,244.3066671,1.017944446,1.03,1.015205322
2017-09-11 11:00:00-10:00,242.6400014,1.011000006,1.03,1.008223648
2017-09-11 11:15:00-10:00,242.4846156,1.010352565,1.03,1.007922698
2017-09-11 11:30:00-10:00,242.3533315,1.009805548,1.03,1.007402328
2017-09-11 11:45:00-10:00,242.1333333,1.008888889,1.03,1.007001633
2017-09-11 12:00:00-10:00,242.3600016,1.00983334,1.03,1.006996465
2017-09-11 12:15:00-10:00,242.299999,1.009583329,1.03,1.00668158
2017-09-11 12:30:00-10:00,242.4799998,1.010333333,1.03,1.007184172
2017-09-11 12:45:00-10:00,242.2400014,1.009333339,1.03,1.006507521
2017-09-11 13:00:00-10:00,242.399999,1.009999996,1.03,1.007064969
2017-09-11 13:15:00-10:00,242.1133341,1.008805559,1.03,1.005963554
2017-09-11 13:30:00-10:00,242.093336,1.008722233,1.03,1.005632273
2017-09-11 13:45:00-10:00,240.7866669,1.003277779,1.03,1.001408482
2017-09-11 14:00:00-10:00,241.4733327,1.006138886,1.03,1.002918956
2017-09-11 14:15:00-10:00,241.2533356,1.005222232,1.03,1.002887897
2017-09-11 14:30:00-10:00,240.7333333,1.003055555,1.03,1.001577834
2017-09-11 14:45:00-10:00,240.800001,1.003333338,1.03,1.001883876
2017-09-11 15:00:00-10:00,241.2733327,1.005305553,1.03,1.004048155
2017-09-11 15:15:00-10:00,241.3799998,1.005749999,1.03,1.005396081
2017-09-11 15:30:00-10:00,240.6866669,1.002861112,1.03,1.003954177
2017-09-11 15:45:00-10:00,240.1533346,1.000638894,1.03,1.001724822
2017-09-11 16:00:00-10:00,241.5866659,1.006611108,1.03,1.007691903
2017-09-11 16:15:00-10:00,241.2266663,1.00511111,1.03,1.006558598
2017-09-11 16:30:00-10:00,242.1933329,1.009138887,1.03,1.010603804
2017-09-11 16:45:00-10:00,242.3428574,1.009761906,1.03,1.011995583
2017-09-11 17:00:00-10:00,242.9466675,1.012277781,1.03,1.014502788
2017-09-11 17:15:00-10:00,244.1533315,1.017305548,1.03,1.020029097
2017-09-11 17:30:00-10:00,243.9600006,1.016500003,1.03,1.019115234
2017-09-11 17:45:00-10:00,244.2733327,1.017805553,1.03,1.020577845
2017-09-11 18:00:00-10:00,243.9,1.01625,1.03,1.020305128
2017-09-11 18:15:00-10:00,244.4200012,1.018416672,1.03,1.022112091
2017-09-11 18:30:00-10:00,245.1666677,1.021527782,1.03,1.02491179
2017-09-11 18:45:00-10:00,245.4333333,1.022638889,1.03,1.025714044
2017-09-11 19:00:00-10:00,246.0733358,1.025305566,1.03,1.028409152
2017-09-11 19:15:00-10:00,246.1266663,1.025527776,1.03,1.029538484
2017-09-11 19:30:00-10:00,246.5466675,1.027277781,1.03,1.031080312
2017-09-11 19:45:00-10:00,246.9200002,1.028833334,1.03,1.03218167
2017-09-11 20:00:00-10:00,247.8600006,1.032750003,1.03,1.036444104
2017-09-11 20:15:00-10:00,247.6399994,1.031833331,1.03,1.035708881
2017-09-11 20:30:00-10:00,247.0200012,1.029250005,1.03,1.032093129
2017-09-11 20:45:00-10:00,247.4266652,1.030944438,1.03,1.033325316
2017-09-11 21:00:00-10:00,248.1866659,1.034111108,1.03,1.036323534
2017-09-11 21:15:00-10:00,247.4533335,1.031055556,1.03,1.033656555
2017-09-11 21:30:00-10:00,246.2799998,1.026166666,1.03,1.02844164
2017-09-11 21:45:00-10:00,246.5600016,1.02733334,1.03,1.029393633
2017-09-11 22:00:00-10:00,246.3266642,1.026361101,1.03,1.028954726
2017-09-11 22:15:00-10:00,245.899999,1.024583329,1.03,1.027458429
2017-09-11 22:30:00-10:00,245.1733327,1.021555553,1.03,1.02428649
2017-09-11 22:45:00-10:00,245.6533335,1.023555556,1.03,1.02570826
2017-09-11 23:00:00-10:00,246.6,1.0275,1.03,1.029311867
2017-09-11 23:15:00-10:00,244.9399994,1.020583331,1.03,1.023405034
2017-09-11 23:30:00-10:00,245.8733337,1.024472224,1.03,1.026983618
2017-09-11 23:45:00-10:00,245.6466675,1.023527781,1.03,1.025192281
2017-09-12 00:00:00-10:00,246.2133321,1.025888884,1.03,1.027099777
2017-09-12 00:15:00-10:00,246.6400004,1.027666668,1.03,1.028741645
2017-09-12 00:30:00-10:00,246.8866659,1.028694441,1.03,1.029931805
2017-09-12 00:45:00-10:00,247.0799998,1.029499999,1.03,1.030763748
2017-09-12 01:00:00-10:00,246.4666677,1.026944449,1.03,1.028406814
2017-09-12 01:15:00-10:00,245.1533346,1.021472228,1.03,1.02298241
2017-09-12 01:30:00-10:00,244.8599986,1.020249994,1.03,1.021720018
2017-09-12 01:45:00-10:00,245.1466665,1.021444444,1.03,1.022953344
2017-09-12 02:00:00-10:00,245.6066661,1.023361109,1.03,1.02492396
2017-09-12 02:15:00-10:00,245.8800028,1.024500012,1.03,1.02563665
2017-09-12 02:30:00-10:00,246.2,1.025833333,1.03,1.027334151
2017-09-12 02:45:00-10:00,245.8466665,1.02436111,1.03,1.026179571
2017-09-12 03:00:00-10:00,245.8,1.024166667,1.03,1.02584136
2017-09-12 03:15:00-10:00,246.2866669,1.026194445,1.03,1.027174115
2017-09-12 03:30:00-10:00,246.3923082,1.026634618,1.03,1.027650426
2017-09-12 03:45:00-10:00,246.5133321,1.027138884,1.03,1.028223278
2017-09-12 04:00:00-10:00,246.1466685,1.025611119,1.03,1.026782759
2017-09-12 04:15:00-10:00,245.899999,1.024583329,1.03,1.026013379
2017-09-12 04:30:00-10:00,246.4866648,1.02702777,1.03,1.028183081
2017-09-12 04:45:00-10:00,246.0466675,1.025194448,1.03,1.02637289
2017-09-12 05:00:00-10:00,246.0666656,1.025277773,1.03,1.026703322
2017-09-12 05:15:00-10:00,245.9933339,1.024972225,1.03,1.026199206
2017-09-12 05:30:00-10:00,245.9,1.024583333,1.03,1.025750425
2017-09-12 05:45:00-10:00,245.2199982,1.021749993,1.03,1.023458311
2017-09-12 06:00:00-10:00,245.1866659,1.021611108,1.03,1.023734754
2017-09-12 06:15:00-10:00,245.3666687,1.02236112,1.03,1.024750506
2017-09-12 06:30:00-10:00,244.9466665,1.02061111,1.03,1.02312584
2017-09-12 06:45:00-10:00,244.9133352,1.02047223,1.03,1.0225755
2017-09-12 07:00:00-10:00,245.6133341,1.023388892,1.03,1.024639372
2017-09-12 07:15:00-10:00,245.9200033,1.02466668,1.03,1.025775082
2017-09-12 07:30:00-10:00,245.5133352,1.02297223,1.03,1.02416997
2017-09-12 07:45:00-10:00,244.5466654,1.018944439,1.03,1.019333093
2017-09-12 08:00:00-10:00,244.9266642,1.020527768,1.03,1.020026077
2017-09-12 08:15:00-10:00,245.0533315,1.021055548,1.03,1.020249864
2017-09-12 08:30:00-10:00,244.8333323,1.020138885,1.03,1.019082112
2017-09-12 08:45:00-10:00,244.9533325,1.020638885,1.03,1.019458619
2017-09-12 09:00:00-10:00,245.3600016,1.02233334,1.03,1.020572378
2017-09-12 09:15:00-10:00,245.3666677,1.022361115,1.03,1.020736833
2017-09-12 09:30:00-10:00,245.3800008,1.02241667,1.03,1.020583774
2017-09-12 09:45:00-10:00,245.2400004,1.021833335,1.03,1.019686655
2017-09-12 10:00:00-10:00,245.1799998,1.021583333,1.03,1.019317618
2017-09-12 10:15:00-10:00,243.8333344,1.015972227,1.03,1.013601314
2017-09-12 10:30:00-10:00,243.400001,1.014166671,1.03,1.011373777
2017-09-12 10:45:00-10:00,243.3666667,1.014027778,1.03,1.011251937
2017-09-12 11:00:00-10:00,242.9933319,1.012472216,1.03,1.009670535
2017-09-12 11:15:00-10:00,242.8333344,1.01180556,1.03,1.009803485
2017-09-12 11:30:00-10:00,242.393335,1.009972229,1.03,1.007699065
2017-09-12 11:45:00-10:00,242.1599986,1.008999994,1.03,1.006248012
2017-09-12 12:00:00-10:00,242.3133352,1.009638897,1.03,1.006704106
2017-09-12 12:15:00-10:00,242.7,1.01125,1.03,1.008002879
2017-09-12 12:30:00-10:00,242.6066661,1.010861109,1.03,1.007824802
2017-09-12 12:45:00-10:00,242.6599986,1.011083328,1.03,1.007963629
2017-09-12 13:00:00-10:00,242.3066681,1.009611117,1.03,1.006677481
2017-09-12 13:15:00-10:00,241.893335,1.007888896,1.03,1.005452316
2017-09-12 13:30:00-10:00,241.5266663,1.00636111,1.03,1.004081949
2017-09-12 13:45:00-10:00,241.5800008,1.006583337,1.03,1.004412894
2017-09-12 14:00:00-10:00,241.3466654,1.005611106,1.03,1.003499864
2017-09-12 14:15:00-10:00,241.5266663,1.00636111,1.03,1.00424081
2017-09-12 14:30:00-10:00,240.9400004,1.003916668,1.03,1.002428226
2017-09-12 14:45:00-10:00,240.493335,1.002055563,1.03,1.000266454
2017-09-12 15:00:00-10:00,240.8066671,1.003361113,1.03,1.00200502
2017-09-12 15:15:00-10:00,240.5399994,1.002249998,1.03,1.001412714
2017-09-12 15:30:00-10:00,242.5733337,1.010722224,1.03,1.009961923
2017-09-12 15:45:00-10:00,242.8466675,1.011861115,1.03,1.011634637
2017-09-12 16:00:00-10:00,242.1599986,1.008999994,1.03,1.00904806
2017-09-12 16:15:00-10:00,242.4466644,1.010194435,1.03,1.010223077
2017-09-12 16:30:00-10:00,242.2400004,1.009333335,1.03,1.010144324
2017-09-12 16:45:00-10:00,242.4133341,1.010055559,1.03,1.0106383
2017-09-12 17:00:00-10:00,243.4666667,1.014444445,1.03,1.015245158
2017-09-12 17:15:00-10:00,244.6533366,1.019388903,1.03,1.020600944
2017-09-12 17:30:00-10:00,244.1333323,1.017222218,1.03,1.018542025
2017-09-12 17:45:00-10:00,244.8133331,1.020055555,1.03,1.021592788
2017-09-12 18:00:00-10:00,246.2266663,1.025944443,1.03,1.027865207
2017-09-12 18:15:00-10:00,246.9133321,1.02880555,1.03,1.030853297
2017-09-12 18:30:00-10:00,245.2399994,1.021833331,1.03,1.025105521
2017-09-12 18:45:00-10:00,245.0266663,1.020944443,1.03,1.024563009
2017-09-12 19:00:00-10:00,247.3133331,1.030472221,1.03,1.033179553
2017-09-12 19:15:00-10:00,247.3533346,1.030638894,1.03,1.033060533
2017-09-12 19:30:00-10:00,246.3333333,1.026388889,1.03,1.029271222
2017-09-12 19:45:00-10:00,246.1266683,1.025527785,1.03,1.028888654
2017-09-12 20:00:00-10:00,246.7066671,1.027944446,1.03,1.030774056
2017-09-12 20:15:00-10:00,247.1733327,1.029888886,1.03,1.032746881
2017-09-12 20:30:00-10:00,247.5333344,1.031388893,1.03,1.033896065
2017-09-12 20:45:00-10:00,247.6666687,1.031944453,1.03,1.034758612
2017-09-12 21:00:00-10:00,247.5066671,1.03127778,1.03,1.034120294
2017-09-12 21:15:00-10:00,247.8333354,1.032638898,1.03,1.035342458
2017-09-12 21:30:00-10:00,247.7133341,1.032138892,1.03,1.034958282
2017-09-12 21:45:00-10:00,246.6333333,1.027638889,1.03,1.030198861
2017-09-12 22:00:00-10:00,246.3866679,1.026611116,1.03,1.029086077
2017-09-12 22:15:00-10:00,246.2066671,1.025861113,1.03,1.029141291
2017-09-12 22:30:00-10:00,244.8466675,1.020194448,1.03,1.023507479
2017-09-12 22:45:00-10:00,245.3133341,1.022138892,1.03,1.024229518
2017-09-12 23:00:00-10:00,246.1200002,1.025500001,1.03,1.026963632
2017-09-12 23:15:00-10:00,246.1733337,1.025722224,1.03,1.027411293
2017-09-12 23:30:00-10:00,246.4133331,1.026722221,1.03,1.028210597
2017-09-12 23:45:00-10:00,245.6333323,1.023472218,1.03,1.024790253
2017-09-13 00:00:00-10:00,245.8133331,1.024222221,1.03,1.02567431
2017-09-13 00:15:00-10:00,246.2933339,1.026222225,1.03,1.027577415
2017-09-13 00:30:00-10:00,246.521431,1.027172629,1.03,1.028886623
2017-09-13 00:45:00-10:00,246.6666667,1.027777778,1.03,1.029808847
2017-09-13 01:00:00-10:00,246.3200002,1.026333334,1.03,1.028421342
2017-09-13 01:15:00-10:00,245.0133331,1.020888888,1.03,1.023164573
2017-09-13 01:30:00-10:00,244.5800008,1.019083337,1.03,1.020898719
2017-09-13 01:45:00-10:00,245.0200012,1.020916672,1.03,1.022201633
2017-09-13 02:00:00-10:00,245.0933319,1.021222216,1.03,1.022373748
2017-09-13 02:15:00-10:00,245.1,1.02125,1.03,1.022679415
2017-09-13 02:30:00-10:00,245.1266693,1.021361122,1.03,1.022640464
2017-09-13 02:45:00-10:00,244.893336,1.0203889,1.03,1.022308275
2017-09-13 03:00:00-10:00,245.3,1.022083333,1.03,1.023695167
2017-09-13 03:15:00-10:00,245.6599996,1.023583332,1.03,1.025282716
2017-09-13 03:30:00-10:00,245.6933329,1.02372222,1.03,1.025222728
2017-09-13 03:45:00-10:00,245.7800008,1.024083337,1.03,1.025702293
2017-09-13 04:00:00-10:00,245.8066691,1.024194455,1.03,1.025818905
2017-09-13 04:15:00-10:00,245.5799988,1.023249995,1.03,1.024656662
2017-09-13 04:30:00-10:00,245.5800008,1.023250003,1.03,1.024673666
2017-09-13 04:45:00-10:00,245.499999,1.022916663,1.03,1.024226326
2017-09-13 05:00:00-10:00,245.4933339,1.022888891,1.03,1.024603424
2017-09-13 05:15:00-10:00,245.4466665,1.022694444,1.03,1.024158185
2017-09-13 05:30:00-10:00,245.3666646,1.022361103,1.03,1.023879549
2017-09-13 05:45:00-10:00,244.9199992,1.020499997,1.03,1.022379676
2017-09-13 06:00:00-10:00,244.7800008,1.01991667,1.03,1.02215155
2017-09-13 06:15:00-10:00,244.3266663,1.018027776,1.03,1.020582382
2017-09-13 06:30:00-10:00,247.5866659,1.031611108,1.03,1.033564133
2017-09-13 06:45:00-10:00,248.000001,1.033333338,1.03,1.035246567
2017-09-13 07:00:00-10:00,248.3533325,1.034805552,1.03,1.035754853
2017-09-13 07:15:00-10:00,247.7333323,1.032222218,1.03,1.03360165
2017-09-13 07:30:00-10:00,246.9214281,1.028839284,1.03,1.02909729
2017-09-13 07:45:00-10:00,247.3600006,1.030666669,1.03,1.030448731
2017-09-13 08:00:00-10:00,247.5266673,1.031361114,1.03,1.030818027
2017-09-13 08:15:00-10:00,248.0866669,1.033694445,1.03,1.032640699
2017-09-13 08:30:00-10:00,247.7066661,1.032111109,1.03,1.030748606
2017-09-13 08:45:00-10:00,247.9400014,1.033083339,1.03,1.032021759
2017-09-13 09:00:00-10:00,247.7666667,1.032361111,1.03,1.030826182
2017-09-13 09:15:00-10:00,247.1571426,1.029821428,1.03,1.028282332
2017-09-13 09:30:00-10:00,246.0999996,1.025416665,1.03,1.023594108
2017-09-13 09:45:00-10:00,246.3142875,1.026309531,1.03,1.023890084
2017-09-13 10:00:00-10:00,246.4642857,1.026934524,1.03,1.024949069
2017-09-13 10:15:00-10:00,244.3785706,1.018244044,1.03,1.015848563
2017-09-13 10:30:00-10:00,244.0076916,1.016698715,1.03,1.014024977
2017-09-13 10:45:00-10:00,244.3428574,1.018095239,1.03,1.015141749
2017-09-13 11:00:00-10:00,244.0666677,1.016944449,1.03,1.014264247
2017-09-13 11:15:00-10:00,244.0866689,1.017027787,1.03,1.014244522
2017-09-13 11:30:00-10:00,244.4000004,1.018333335,1.03,1.015826847
2017-09-13 11:45:00-10:00,244.1624985,1.017343744,1.03,1.014571533
2017-09-13 12:00:00-10:00,243.9750004,1.016562502,1.03,1.014022665
2017-09-13 12:15:00-10:00,244.2571455,1.017738106,1.03,1.014939804
2017-09-13 12:30:00-10:00,244.1571415,1.017321423,1.03,1.014523094
2017-09-13 12:45:00-10:00,243.4375,1.014322917,1.03,1.011195978
2017-09-13 13:00:00-10:00,243.7874985,1.015781244,1.03,1.012956217
2017-09-13 13:15:00-10:00,244.6285727,1.01928572,1.03,1.016505167
2017-09-13 13:30:00-10:00,244.0857152,1.017023813,1.03,1.014587197
2017-09-13 13:45:00-10:00,243.7222239,1.015509266,1.03,1.012752696
2017-09-13 14:00:00-10:00,242.433336,1.0101389,1.03,1.010010873
2017-09-13 14:15:00-10:00,243.2571433,1.01357143,1.03,1.01326051
2017-09-13 14:30:00-10:00,243.2142879,1.013392866,1.03,1.012173488
2017-09-13 14:45:00-10:00,243.3285719,1.01386905,1.03,1.012991733
2017-09-13 15:00:00-10:00,244.3624992,1.01817708,1.03,1.018005615
2017-09-13 15:15:00-10:00,244.2625008,1.01776042,1.03,1.017642162
2017-09-13 15:30:00-10:00,244.1375027,1.017239595,1.03,1.017433084
2017-09-13 15:45:00-10:00,245.7899979,1.024124991,1.03,1.024173072
2017-09-13 16:00:00-10:00,244.8400024,1.020166677,1.03,1.019813296
2017-09-13 16:15:00-10:00,245.7999992,1.024166663,1.03,1.02357941
2017-09-13 16:30:00-10:00,246.0750027,1.025312511,1.03,1.025267199
2017-09-13 16:45:00-10:00,246.7555542,1.028148143,1.03,1.028740756
2017-09-13 17:00:00-10:00,246.8600006,1.028583336,1.03,1.029294202
2017-09-13 17:15:00-10:00,246.2111138,1.025879641,1.03,1.027160528
2017-09-13 17:30:00-10:00,246.3888872,1.026620363,1.03,1.028923153
2017-09-13 17:45:00-10:00,245.9222226,1.024675928,1.03,1.027301401
2017-09-13 18:00:00-10:00,245.9333327,1.02472222,1.03,1.027253058
2017-09-13 18:15:00-10:00,245.3222232,1.02217593,1.03,1.024785642
2017-09-13 18:30:00-10:00,245.3111115,1.022129631,1.03,1.024205061
2017-09-13 18:45:00-10:00,245.5666656,1.02319444,1.03,1.02566245
2017-09-13 19:00:00-10:00,246.3599976,1.02649999,1.03,1.029080874
2017-09-13 19:15:00-10:00,247.4777764,1.031157402,1.03,1.033760067
2017-09-13 19:30:00-10:00,246.7700027,1.028208345,1.03,1.031878787
2017-09-13 19:45:00-10:00,247.6200012,1.031750005,1.03,1.034836593
2017-09-13 20:00:00-10:00,247.8999969,1.032916654,1.03,1.036489485
2017-09-13 20:15:00-10:00,247.9700012,1.033208338,1.03,1.036537548
2017-09-13 20:30:00-10:00,247.9777764,1.033240735,1.03,1.036713217
2017-09-13 20:45:00-10:00,246.8666653,1.028611105,1.03,1.03175135
2017-09-13 21:00:00-10:00,246.866667,1.028611113,1.03,1.032070867
2017-09-13 21:15:00-10:00,247.2555542,1.030231476,1.03,1.033895039
2017-09-13 21:30:00-10:00,247.0454545,1.02935606,1.03,1.032122081
2017-09-13 21:45:00-10:00,246.8777788,1.028657412,1.03,1.03199887
2017-09-13 22:00:00-10:00,246.5199982,1.027166659,1.03,1.030287855
2017-09-13 22:15:00-10:00,247.4444461,1.031018525,1.03,1.033631987
2017-09-13 22:30:00-10:00,246.8125,1.028385417,1.03,1.031330904
2017-09-13 22:45:00-10:00,246.9500015,1.02895834,1.03,1.031357071
2017-09-13 23:00:00-10:00,247.4199997,1.030916665,1.03,1.033114714
2017-09-13 23:15:00-10:00,246.7444458,1.028101858,1.03,1.030241742
2017-09-13 23:30:00-10:00,246.2099991,1.025874996,1.03,1.027785897
2017-09-13 23:45:00-10:00,245.8300003,1.024291668,1.03,1.025831256
2017-09-14 00:00:00-10:00,246.5400024,1.02725001,1.03,1.028708756
2017-09-14 00:15:00-10:00,246.4888899,1.027037041,1.03,1.028785841
2017-09-14 00:30:00-10:00,246.5666656,1.027361107,1.03,1.029214303
2017-09-14 00:45:00-10:00,246.6181807,1.027575753,1.03,1.029259324
2017-09-14 01:00:00-10:00,246.2636344,1.026098477,1.03,1.027865799
2017-09-14 01:15:00-10:00,246.2749996,1.026145832,1.03,1.027942163
2017-09-14 01:30:00-10:00,246.7818173,1.028257572,1.03,1.029658469
2017-09-14 01:45:00-10:00,246.7000011,1.027916671,1.03,1.029389929
2017-09-14 02:00:00-10:00,247.0299988,1.029291662,1.03,1.030778071
2017-09-14 02:15:00-10:00,246.8444434,1.028518514,1.03,1.02995302
2017-09-14 02:30:00-10:00,246.9888882,1.029120368,1.03,1.03049643
2017-09-14 02:45:00-10:00,246.6500015,1.02770834,1.03,1.029291779
2017-09-14 03:00:00-10:00,246,1.025,1.03,1.026417497
2017-09-14 03:15:00-10:00,246.4000008,1.02666667,1.03,1.028041233
2017-09-14 03:30:00-10:00,246.3545449,1.02647727,1.03,1.027757874
2017-09-14 03:45:00-10:00,246.6599991,1.027749996,1.03,1.029039176
2017-09-14 04:00:00-10:00,246.3999998,1.026666666,1.03,1.027950154
2017-09-14 04:15:00-10:00,246.3083331,1.026284721,1.03,1.02743239
2017-09-14 04:30:00-10:00,246.1545438,1.025643933,1.03,1.026863697
2017-09-14 04:45:00-10:00,246.225001,1.025937504,1.03,1.027288368
2017-09-14 05:00:00-10:00,246.0199997,1.025083332,1.03,1.026416811
2017-09-14 05:15:00-10:00,246.4000033,1.02666668,1.03,1.027751016
2017-09-14 05:30:00-10:00,245.7000005,1.023750002,1.03,1.025065709
2017-09-14 05:45:00-10:00,245.7333349,1.023888895,1.03,1.025378826
2017-09-14 06:00:00-10:00,244.899999,1.020416663,1.03,1.022277533
2017-09-14 06:15:00-10:00,245.4076925,1.022532052,1.03,1.024681695
2017-09-14 06:30:00-10:00,245.630769,1.023461538,1.03,1.025857959
2017-09-14 06:45:00-10:00,245.649999,1.023541663,1.03,1.025794526
2017-09-14 07:00:00-10:00,246.2357156,1.025982148,1.03,1.027856347
2017-09-14 07:15:00-10:00,246.5250015,1.027187506,1.03,1.028706421
2017-09-14 07:30:00-10:00,246.5750008,1.027395837,1.03,1.027615852
2017-09-14 07:45:00-10:00,245.1333351,1.021388896,1.03,1.021616798
2017-09-14 08:00:00-10:00,244.3769238,1.018237183,1.03,1.018137288
2017-09-14 08:15:00-10:00,244.7692319,1.0198718,1.03,1.019592062
2017-09-14 08:30:00-10:00,244.715386,1.019647442,1.03,1.020605929
2017-09-14 08:45:00-10:00,244.6615378,1.019423074,1.03,1.02009799
2017-09-14 09:00:00-10:00,244.3416672,1.01809028,1.03,1.01772337
2017-09-14 09:15:00-10:00,244.4923096,1.018717957,1.03,1.017301711
2017-09-14 09:30:00-10:00,244.0538447,1.01689102,1.03,1.015571745
2017-09-14 09:45:00-10:00,244.2461536,1.017692307,1.03,1.015709596
2017-09-14 10:00:00-10:00,244.1599996,1.017333332,1.03,1.015201567
2017-09-14 10:15:00-10:00,244.3833326,1.018263886,1.03,1.016217961
2017-09-14 10:30:00-10:00,243.307142,1.013779758,1.03,1.011409899
2017-09-14 10:45:00-10:00,242.8071442,1.011696434,1.03,1.009200089
2017-09-14 11:00:00-10:00,242.6666677,1.011111115,1.03,1.008634407
2017-09-14 11:15:00-10:00,242.9230769,1.012179487,1.03,1.009692956
2017-09-14 11:30:00-10:00,243,1.0125,1.03,1.010198295
2017-09-14 11:45:00-10:00,242.5133352,1.01047223,1.03,1.007695567
2017-09-14 12:00:00-10:00,242.699998,1.011249992,1.03,1.008315575
2017-09-14 12:15:00-10:00,242.8692322,1.011955134,1.03,1.008687613
2017-09-14 12:30:00-10:00,242.7266663,1.01136111,1.03,1.008451313
2017-09-14 12:45:00-10:00,242.3799998,1.009916666,1.03,1.007558047
2017-09-14 13:00:00-10:00,242.1599996,1.008999998,1.03,1.006761053
2017-09-14 13:15:00-10:00,242.1666656,1.009027773,1.03,1.007093594
2017-09-14 13:30:00-10:00,241.5133321,1.00630555,1.03,1.00579752
2017-09-14 13:45:00-10:00,241.442858,1.006011908,1.03,1.005145534
2017-09-14 14:00:00-10:00,241.7642844,1.007351185,1.03,1.005926642
2017-09-14 14:15:00-10:00,241.5933329,1.006638887,1.03,1.005223405
2017-09-14 14:30:00-10:00,241.2230765,1.005096152,1.03,1.004097043
2017-09-14 14:45:00-10:00,240.6333344,1.002638893,1.03,1.001716072
2017-09-14 15:00:00-10:00,240.7399994,1.003083331,1.03,1.002114632
2017-09-14 15:15:00-10:00,240.25,1.001041667,1.03,1.000047024
2017-09-14 15:30:00-10:00,240.1714292,1.000714288,1.03,1.000088511
2017-09-14 15:45:00-10:00,239.4799988,0.997833328,1.03,0.997433927
2017-09-14 16:00:00-10:00,239.2769235,0.996987181,1.03,0.996338951
2017-09-14 16:15:00-10:00,240.2533346,1.001055561,1.03,1.000876212
2017-09-14 16:30:00-10:00,240.7571422,1.003154759,1.03,1.003496936
2017-09-14 16:45:00-10:00,240.1599996,1.000666665,1.03,1.001256793
2017-09-14 17:00:00-10:00,239.9066671,0.999611113,1.03,1.000174305
2017-09-14 17:15:00-10:00,239.4533315,0.997722215,1.03,0.999025901
2017-09-14 17:30:00-10:00,239.4266663,0.99761111,1.03,0.998655359
2017-09-14 17:45:00-10:00,239.5571453,0.998154772,1.03,0.999501313
2017-09-14 18:00:00-10:00,240.2466675,1.001027781,1.03,1.002607498
2017-09-14 18:15:00-10:00,246.2933329,1.02622222,1.03,1.028774207
2017-09-14 18:30:00-10:00,245.8928582,1.024553576,1.03,1.026959998
2017-09-14 18:45:00-10:00,245.4266663,1.02261111,1.03,1.025201759
2017-09-14 19:00:00-10:00,246.7666667,1.028194445,1.03,1.031375975
2017-09-14 19:15:00-10:00,246.6800008,1.027833337,1.03,1.030935534
2017-09-14 19:30:00-10:00,246.8571429,1.028571429,1.03,1.031430115
2017-09-14 19:45:00-10:00,246.493337,1.027055571,1.03,1.030854078
2017-09-14 20:00:00-10:00,247.7,1.032083333,1.03,1.035041531
2017-09-14 20:15:00-10:00,247.5714275,1.031547615,1.03,1.033937696
2017-09-14 20:30:00-10:00,247.2266673,1.030111114,1.03,1.033160077
2017-09-14 20:45:00-10:00,246.7,1.027916667,1.03,1.031149848
2017-09-14 21:00:00-10:00,246.5600016,1.02733334,1.03,1.030063995
2017-09-14 21:15:00-10:00,247.0533315,1.029388881,1.03,1.032866965
2017-09-14 21:30:00-10:00,247.2333333,1.030138889,1.03,1.032394379
2017-09-14 21:45:00-10:00,246.4733358,1.026972233,1.03,1.030014637
2017-09-14 22:00:00-10:00,244.5733337,1.019055557,1.03,1.021910004
2017-09-14 22:15:00-10:00,246.2357145,1.025982144,1.03,1.029485844
2017-09-14 22:30:00-10:00,246.4466665,1.02686111,1.03,1.029868341
2017-09-14 22:45:00-10:00,246.2466685,1.026027785,1.03,1.028466539
2017-09-14 23:00:00-10:00,245.299998,1.022083325,1.03,1.024032473
2017-09-14 23:15:00-10:00,245.199999,1.021666663,1.03,1.023568504
2017-09-14 23:30:00-10:00,245.5999974,1.023333323,1.03,1.025151565
2017-09-14 23:45:00-10:00,245.9266652,1.024694438,1.03,1.026161138
2017-09-15 00:00:00-10:00,245.7933319,1.024138883,1.03,1.025802642
2017-09-15 00:15:00-10:00,246.2733317,1.026138882,1.03,1.027589906
2017-09-15 00:30:00-10:00,247.1066661,1.029611109,1.03,1.030967877
2017-09-15 00:45:00-10:00,246.2799988,1.026166662,1.03,1.027459291
2017-09-15 01:00:00-10:00,246.4066671,1.026694446,1.03,1.028001442
2017-09-15 01:15:00-10:00,246.3600006,1.026500003,1.03,1.027720433
2017-09-15 01:30:00-10:00,246.6500015,1.02770834,1.03,1.029134607
2017-09-15 01:45:00-10:00,246.9133321,1.02880555,1.03,1.030242414
2017-09-15 02:00:00-10:00,246.7571433,1.028154764,1.03,1.029490282
2017-09-15 02:15:00-10:00,245.1533325,1.021472219,1.03,1.022807024
2017-09-15 02:30:00-10:00,245.0266673,1.020944447,1.03,1.022271056
2017-09-15 02:45:00-10:00,245.0733348,1.021138895,1.03,1.02247882
2017-09-15 03:00:00-10:00,245.1428571,1.021428571,1.03,1.022757608
2017-09-15 03:15:00-10:00,245.4142838,1.022559516,1.03,1.023807792
2017-09-15 03:30:00-10:00,245.3428574,1.022261906,1.03,1.023634823
2017-09-15 03:45:00-10:00,245.8800008,1.024500003,1.03,1.025703298
2017-09-15 04:00:00-10:00,245.4400014,1.022666673,1.03,1.02408629
2017-09-15 04:15:00-10:00,245.9066671,1.024611113,1.03,1.025817453
2017-09-15 04:30:00-10:00,245.1799988,1.021583328,1.03,1.023532448
2017-09-15 04:45:00-10:00,245.0866659,1.021194441,1.03,1.022762908
2017-09-15 05:00:00-10:00,245.3799988,1.022416662,1.03,1.023877375
2017-09-15 05:15:00-10:00,245.1466685,1.021444452,1.03,1.022796981
2017-09-15 05:30:00-10:00,245.1133331,1.021305555,1.03,1.022503075
2017-09-15 05:45:00-10:00,245.1866659,1.021611108,1.03,1.022760976
2017-09-15 06:00:00-10:00,244.4933329,1.01872222,1.03,1.020322781
2017-09-15 06:15:00-10:00,245.2733337,1.021972224,1.03,1.023566121
2017-09-15 06:30:00-10:00,244.5933339,1.019138891,1.03,1.021232875
2017-09-15 06:45:00-10:00,244.6533335,1.01938889,1.03,1.021251572
2017-09-15 07:00:00-10:00,245.3066681,1.022111117,1.03,1.024490888
2017-09-15 07:15:00-10:00,245.9400014,1.024750006,1.03,1.026383628
2017-09-15 07:30:00-10:00,246.1733337,1.025722224,1.03,1.02708538
2017-09-15 07:45:00-10:00,245.5866659,1.023277775,1.03,1.024442012
2017-09-15 08:00:00-10:00,245.8533346,1.024388894,1.03,1.024681675
2017-09-15 08:15:00-10:00,245.6266663,1.023444443,1.03,1.023827239
2017-09-15 08:30:00-10:00,244.2600006,1.017750003,1.03,1.017739994
2017-09-15 08:45:00-10:00,244.2133321,1.01755555,1.03,1.017232084
2017-09-15 09:00:00-10:00,243.4499982,1.014374993,1.03,1.014077856
2017-09-15 09:15:00-10:00,243.6833318,1.015347216,1.03,1.015302803
2017-09-15 09:30:00-10:00,244.2153849,1.017564104,1.03,1.01720867
2017-09-15 09:45:00-10:00,243.0266652,1.012611105,1.03,1.012038731
2017-09-15 10:00:00-10:00,242.6799998,1.011166666,1.03,1.009372279
2017-09-15 10:15:00-10:00,242.1666687,1.009027786,1.03,1.008215877
2017-09-15 10:30:00-10:00,242.6933339,1.011222225,1.03,1.009569152
2017-09-15 10:45:00-10:00,241.9533325,1.008138885,1.03,1.007075723
2017-09-15 11:00:00-10:00,241.3599996,1.005666665,1.03,1.005131035
2017-09-15 11:15:00-10:00,242.4733348,1.010305562,1.03,1.009937279
2017-09-15 11:30:00-10:00,243.1533346,1.013138894,1.03,1.01260525
2017-09-15 11:45:00-10:00,243.4399984,1.014333327,1.03,1.012812742
2017-09-15 12:00:00-10:00,242.7933329,1.011638887,1.03,1.011395997
2017-09-15 12:15:00-10:00,244.7599996,1.019833332,1.03,1.018825158
2017-09-15 12:30:00-10:00,245.4666667,1.022777778,1.03,1.021376417
2017-09-15 12:45:00-10:00,244.599999,1.019166663,1.03,1.01778258
2017-09-15 13:00:00-10:00,244.0666667,1.016944445,1.03,1.01643465
2017-09-15 13:15:00-10:00,244.0666667,1.016944445,1.03,1.013488566
2017-09-15 13:30:00-10:00,242.3933339,1.009972225,1.03,1.007706455
2017-09-15 13:45:00-10:00,242.8866679,1.012027783,1.03,1.012191157
2017-09-15 14:00:00-10:00,243.7199992,1.015499997,1.03,1.015221286
2017-09-15 14:15:00-10:00,243.206665,1.013361104,1.03,1.01054643
2017-09-15 14:30:00-10:00,242.5533315,1.010638881,1.03,1.009702407
2017-09-15 14:45:00-10:00,243.4733337,1.014472224,1.03,1.013933847
2017-09-15 15:00:00-10:00,242.9533356,1.012305565,1.03,1.01305431
2017-09-15 15:15:00-10:00,242.4066671,1.01002778,1.03,1.011659294
2017-09-15 15:30:00-10:00,241.8933319,1.007888883,1.03,1.009897128
2017-09-15 15:45:00-10:00,241.5533335,1.006472223,1.03,1.008637444
2017-09-15 16:00:00-10:00,242.2333333,1.009305555,1.03,1.011558534
2017-09-15 16:15:00-10:00,243.9266663,1.01636111,1.03,1.018358236
2017-09-15 16:30:00-10:00,244.6200002,1.019250001,1.03,1.020940791
2017-09-15 16:45:00-10:00,243.3066661,1.013777775,1.03,1.01534971
2017-09-15 17:00:00-10:00,243.4333344,1.01430556,1.03,1.015521921
2017-09-15 17:15:00-10:00,242.9133321,1.012138884,1.03,1.013427473
2017-09-15 17:30:00-10:00,243.9666667,1.016527778,1.03,1.018418162
2017-09-15 17:45:00-10:00,245.0200012,1.020916672,1.03,1.022544486
2017-09-15 18:00:00-10:00,244.1199992,1.017166663,1.03,1.019132055
2017-09-15 18:15:00-10:00,244.6066661,1.019194442,1.03,1.021134236
2017-09-15 18:30:00-10:00,244.8466675,1.020194448,1.03,1.022216981
2017-09-15 18:45:00-10:00,244.9266663,1.020527776,1.03,1.0233323
2017-09-15 19:00:00-10:00,245.4066661,1.022527775,1.03,1.024954721
2017-09-15 19:15:00-10:00,246.9800018,1.029083341,1.03,1.031969657
2017-09-15 19:30:00-10:00,247.3933339,1.030805558,1.03,1.033185674
2017-09-15 19:45:00-10:00,247.5866679,1.031611116,1.03,1.034297102
2017-09-15 20:00:00-10:00,247.006665,1.029194438,1.03,1.032172581
2017-09-15 20:15:00-10:00,246.1466654,1.025611106,1.03,1.0283984
2017-09-15 20:30:00-10:00,245.0066681,1.020861117,1.03,1.024357662
2017-09-15 20:45:00-10:00,245.4533346,1.022722228,1.03,1.025289992
2017-09-15 21:00:00-10:00,245.7866648,1.024111103,1.03,1.026564104
2017-09-15 21:15:00-10:00,246.3599996,1.026499998,1.03,1.028829174
2017-09-15 21:30:00-10:00,246.1599976,1.025666657,1.03,1.028518999
2017-09-15 21:45:00-10:00,246.3800008,1.026583337,1.03,1.029834134
2017-09-15 22:00:00-10:00,246.0800008,1.025333337,1.03,1.028291945
2017-09-15 22:15:00-10:00,245.899999,1.024583329,1.03,1.028015839
2017-09-15 22:30:00-10:00,246.1142862,1.025476193,1.03,1.027866151
2017-09-15 22:45:00-10:00,246.0933329,1.025388887,1.03,1.028197401
2017-09-15 23:00:00-10:00,245.6266652,1.023444438,1.03,1.025838721
2017-09-15 23:15:00-10:00,245.2333344,1.02180556,1.03,1.023952461
2017-09-15 23:30:00-10:00,246.1266663,1.025527776,1.03,1.027281727
2017-09-15 23:45:00-10:00,246.4133331,1.026722221,1.03,1.028584382