"Hour", kWh, kvarh, "Peak kW", "peak kVA", "Losses kWh", "Losses kvarh", "Peak Losses kW"
4.62944444444444E-007, 4.63581979453515, 0.679959329586046, 4.63581979453515, 4.68542099040151, 0.0834660948553612, 0.0160948079054465, 0.0834660948553612
9.25888888888889E-007, 4.63635017027881, 0.683570324591088, 4.63635017027881, 4.68647109135498, 0.0834878476634367, 0.0161020204250537, 0.0834878476634367
1.38883333333333E-006, 4.63635713353332, 0.683578422219112, 4.63635713353332, 4.68647916126689, 0.0834880171413415, 0.0161020765644576, 0.0834880171413415
1.85177777777778E-006, 4.63635715636713, 0.683578422219112, 4.63635715636713, 4.6864791838565, 0.0834880176361298, 0.0161020767244423, 0.0834880176361298
2.31472222222222E-006, 4.63635715640051, 0.683578422219112, 4.63635715640051, 4.68647918388952, 0.0834880176351369, 0.0161020767257257, 0.0834880176361298
2.77766666666667E-006, 4.63635715640038, 0.683578422219112, 4.63635715640051, 4.68647918388952, 0.0834880176348017, 0.0161020767250469, 0.0834880176361298
3.24061111111111E-006, 4.63635715640038, 0.683578422219112, 4.63635715640051, 4.68647918388952, 0.0834880176343607, 0.0161020767249374, 0.0834880176361298
3.70355555555556E-006, 4.63635715640038, 0.683578422219112, 4.63635715640051, 4.68647918388952, 0.0834880176343607, 0.0161020767249374, 0.0834880176361298
4.1665E-006, 4.63635715640038, 0.683578422219112, 4.63635715640051, 4.68647918388952, 0.0834880176343607, 0.0161020767249374, 0.0834880176361298
4.62944444444445E-006, 4.63635715640038, 0.683578422219112, 4.63635715640051, 4.68647918388952, 0.0834880176343607, 0.0161020767249374, 0.0834880176361298
5.09238888888889E-006, 4.63635715640038, 0.683578422219112, 4.63635715640051, 4.68647918388952, 0.0834880176343607, 0.0161020767249374, 0.0834880176361298
5.55533333333334E-006, 4.63635715640038, 0.683578422219112, 4.63635715640051, 4.68647918388952, 0.0834880176343607, 0.0161020767249374, 0.0834880176361298
6.01827777777778E-006, 4.63635715640038, 0.683578422219112, 4.63635715640051, 4.68647918388952, 0.0834880176343607, 0.0161020767249374, 0.0834880176361298
6.48122222222222E-006, 4.63635715640038, 0.683578422219112, 4.63635715640051, 4.68647918388952, 0.0834880176343607, 0.0161020767249374, 0.0834880176361298
6.94416666666667E-006, 4.63635715640038, 0.683578422219112, 4.63635715640051, 4.68647918388952, 0.0834880176343607, 0.0161020767249374, 0.0834880176361298
7.40711111111111E-006, 4.63635715640038, 0.683578422219112, 4.63635715640051, 4.68647918388952, 0.0834880176343607, 0.0161020767249374, 0.0834880176361298
7.87005555555556E-006, 4.63635715640038, 0.683578422219112, 4.63635715640051, 4.68647918388952, 0.0834880176343607, 0.0161020767249374, 0.0834880176361298
8.333E-006, 4.63635715640038, 0.683578422219112, 4.63635715640051, 4.68647918388952, 0.0834880176343607, 0.0161020767249374, 0.0834880176361298
8.79594444444445E-006, 4.63635715640038, 0.683578422219112, 4.63635715640051, 4.68647918388952, 0.0834880176343607, 0.0161020767249374, 0.0834880176361298
9.25888888888889E-006, 4.63635715640038, 0.683578422219112, 4.63635715640051, 4.68647918388952, 0.0834880176343607, 0.0161020767249374, 0.0834880176361298
9.72183333333333E-006, 4.63635715640038, 0.683578422219112, 4.63635715640051, 4.68647918388952, 0.0834880176343607, 0.0161020767249374, 0.0834880176361298
1.01847777777778E-005, 4.63635715640038, 0.683578422219112, 4.63635715640051, 4.68647918388952, 0.0834880176343607, 0.0161020767249374, 0.0834880176361298
1.06477222222222E-005, 4.63635715640038, 0.683578422219112, 4.63635715640051, 4.68647918388952, 0.0834880176343607, 0.0161020767249374, 0.0834880176361298
1.11106666666667E-005, 4.63635715640038, 0.683578422219112, 4.63635715640051, 4.68647918388952, 0.0834880176343607, 0.0161020767249374, 0.0834880176361298
1.15736111111111E-005, 4.63635715640038, 0.683578422219112, 4.63635715640051, 4.68647918388952, 0.0834880176343607, 0.0161020767249374, 0.0834880176361298
1.20365555555556E-005, 4.63635715640038, 0.683578422219112, 4.63635715640051, 4.68647918388952, 0.0834880176343607, 0.0161020767249374, 0.0834880176361298
1.24995E-005, 4.63635715640038, 0.683578422219112, 4.63635715640051, 4.68647918388952, 0.0834880176343607, 0.0161020767249374, 0.0834880176361298
1.29624444444444E-005, 4.63635715640038, 0.683578422219112, 4.63635715640051, 4.68647918388952, 0.0834880176343607, 0.0161020767249374, 0.0834880176361298
1.34253888888889E-005, 4.63635715640038, 0.683578422219112, 4.63635715640051, 4.68647918388952, 0.0834880176343607, 0.0161020767249374, 0.0834880176361298
1.38883333333333E-005, 4.63635715640038, 0.683578422219112, 4.63635715640051, 4.68647918388952, 0.0834880176343607, 0.0161020767249374, 0.0834880176361298
1.43512777777778E-005, 4.63635715640038, 0.683578422219112, 4.63635715640051, 4.68647918388952, 0.0834880176343607, 0.0161020767249374, 0.0834880176361298
1.48142222222222E-005, 4.63635715640038, 0.683578422219112, 4.63635715640051, 4.68647918388952, 0.0834880176343607, 0.0161020767249374, 0.0834880176361298
1.52771666666667E-005, 4.63635715640038, 0.683578422219112, 4.63635715640051, 4.68647918388952, 0.0834880176343607, 0.0161020767249374, 0.0834880176361298
1.57401111111111E-005, 4.63635715640038, 0.683578422219112, 4.63635715640051, 4.68647918388952, 0.0834880176343607, 0.0161020767249374, 0.0834880176361298
1.62030555555555E-005, 4.63635715640038, 0.683578422219112, 4.63635715640051, 4.68647918388952, 0.0834880176343607, 0.0161020767249374, 0.0834880176361298
1.6666E-005, 4.63635715640038, 0.683578422219112, 4.63635715640051, 4.68647918388952, 0.0834880176343607, 0.0161020767249374, 0.0834880176361298
1.71289444444444E-005, 4.63635715640038, 0.683578422219112, 4.63635715640051, 4.68647918388952, 0.0834880176343607, 0.0161020767249374, 0.0834880176361298
1.75918888888889E-005, 4.63635715640038, 0.683578422219112, 4.63635715640051, 4.68647918388952, 0.0834880176343607, 0.0161020767249374, 0.0834880176361298
1.80548333333333E-005, 4.63635715640038, 0.683578422219112, 4.63635715640051, 4.68647918388952, 0.0834880176343607, 0.0161020767249374, 0.0834880176361298
1.85177777777778E-005, 4.63635715640038, 0.683578422219112, 4.63635715640051, 4.68647918388952, 0.0834880176343607, 0.0161020767249374, 0.0834880176361298
1.89807222222222E-005, 4.63635715640038, 0.683578422219112, 4.63635715640051, 4.68647918388952, 0.0834880176343607, 0.0161020767249374, 0.0834880176361298
1.94436666666667E-005, 4.63635715640038, 0.683578422219112, 4.63635715640051, 4.68647918388952, 0.0834880176343607, 0.0161020767249374, 0.0834880176361298
1.99066111111111E-005, 4.63635715640038, 0.683578422219112, 4.63635715640051, 4.68647918388952, 0.0834880176343607, 0.0161020767249374, 0.0834880176361298
2.03695555555556E-005, 4.63635715640038, 0.683578422219112, 4.63635715640051, 4.68647918388952, 0.0834880176343607, 0.0161020767249374, 0.0834880176361298
2.08325E-005, 4.63635715640038, 0.683578422219112, 4.63635715640051, 4.68647918388952, 0.0834880176343607, 0.0161020767249374, 0.0834880176361298
2.12954444444444E-005, 4.63635715640038, 0.683578422219112, 4.63635715640051, 4.68647918388952, 0.0834880176343607, 0.0161020767249374, 0.0834880176361298
2.17583888888889E-005, 4.63635715640038, 0.683578422219112, 4.63635715640051, 4.68647918388952, 0.0834880176343607, 0.0161020767249374, 0.0834880176361298
2.22213333333333E-005, 4.63635715640038, 0.683578422219112, 4.63635715640051, 4.68647918388952, 0.0834880176343607, 0.0161020767249374, 0.0834880176361298
2.26842777777778E-005, 4.63635715640038, 0.683578422219112, 4.63635715640051, 4.68647918388952, 0.0834880176343607, 0.0161020767249374, 0.0834880176361298
2.31472222222222E-005, 4.63635715640038, 0.683578422219112, 4.63635715640051, 4.68647918388952, 0.0834880176343607, 0.0161020767249374, 0.0834880176361298
2.36101666666667E-005, 4.63635715640038, 0.683578422219112, 4.63635715640051, 4.68647918388952, 0.0834880176343607, 0.0161020767249374, 0.0834880176361298
2.40731111111111E-005, 4.63635715640038, 0.683578422219112, 4.63635715640051, 4.68647918388952, 0.0834880176343607, 0.0161020767249374, 0.0834880176361298
2.45360555555556E-005, 4.63635715640038, 0.683578422219112, 4.63635715640051, 4.68647918388952, 0.0834880176343607, 0.0161020767249374, 0.0834880176361298
2.4999E-005, 4.63635715640038, 0.683578422219112, 4.63635715640051, 4.68647918388952, 0.0834880176343607, 0.0161020767249374, 0.0834880176361298
2.54619444444445E-005, 4.63635715640038, 0.683578422219112, 4.63635715640051, 4.68647918388952, 0.0834880176343607, 0.0161020767249374, 0.0834880176361298
2.59248888888889E-005, 4.63635715640038, 0.683578422219112, 4.63635715640051, 4.68647918388952, 0.0834880176343607, 0.0161020767249374, 0.0834880176361298
2.63878333333333E-005, 4.63635715640038, 0.683578422219112, 4.63635715640051, 4.68647918388952, 0.0834880176343607, 0.0161020767249374, 0.0834880176361298
2.68507777777778E-005, 4.63635715640038, 0.683578422219112, 4.63635715640051, 4.68647918388952, 0.0834880176343607, 0.0161020767249374, 0.0834880176361298
2.73137222222222E-005, 4.63635715640038, 0.683578422219112, 4.63635715640051, 4.68647918388952, 0.0834880176343607, 0.0161020767249374, 0.0834880176361298
2.77766666666667E-005, 4.63635715640038, 0.683578422219112, 4.63635715640051, 4.68647918388952, 0.0834880176343607, 0.0161020767249374, 0.0834880176361298
2.82396111111111E-005, 4.63635715640038, 0.683578422219112, 4.63635715640051, 4.68647918388952, 0.0834880176343607, 0.0161020767249374, 0.0834880176361298
2.87025555555556E-005, 4.63635715640038, 0.683578422219112, 4.63635715640051, 4.68647918388952, 0.0834880176343607, 0.0161020767249374, 0.0834880176361298
2.91655E-005, 4.63635715640038, 0.683578422219112, 4.63635715640051, 4.68647918388952, 0.0834880176343607, 0.0161020767249374, 0.0834880176361298
2.96284444444445E-005, 4.63635715640038, 0.683578422219112, 4.63635715640051, 4.68647918388952, 0.0834880176343607, 0.0161020767249374, 0.0834880176361298
3.00913888888889E-005, 4.63635715640038, 0.683578422219112, 4.63635715640051, 4.68647918388952, 0.0834880176343607, 0.0161020767249374, 0.0834880176361298
3.05543333333334E-005, 4.63635715640038, 0.683578422219112, 4.63635715640051, 4.68647918388952, 0.0834880176343607, 0.0161020767249374, 0.0834880176361298
3.10172777777778E-005, 4.63635715640038, 0.683578422219112, 4.63635715640051, 4.68647918388952, 0.0834880176343607, 0.0161020767249374, 0.0834880176361298
3.14802222222222E-005, 4.63635715640038, 0.683578422219112, 4.63635715640051, 4.68647918388952, 0.0834880176343607, 0.0161020767249374, 0.0834880176361298
3.19431666666667E-005, 4.63635715640038, 0.683578422219112, 4.63635715640051, 4.68647918388952, 0.0834880176343607, 0.0161020767249374, 0.0834880176361298
3.24061111111111E-005, 4.63635715640038, 0.683578422219112, 4.63635715640051, 4.68647918388952, 0.0834880176343607, 0.0161020767249374, 0.0834880176361298
3.28690555555556E-005, 4.63635715640038, 0.683578422219112, 4.63635715640051, 4.68647918388952, 0.0834880176343607, 0.0161020767249374, 0.0834880176361298
3.3332E-005, 4.63635715640038, 0.683578422219112, 4.63635715640051, 4.68647918388952, 0.0834880176343607, 0.0161020767249374, 0.0834880176361298
3.37949444444445E-005, 4.63635715640038, 0.683578422219112, 4.63635715640051, 4.68647918388952, 0.0834880176343607, 0.0161020767249374, 0.0834880176361298
3.42578888888889E-005, 4.63635715640038, 0.683578422219112, 4.63635715640051, 4.68647918388952, 0.0834880176343607, 0.0161020767249374, 0.0834880176361298
3.47208333333334E-005, 4.63635715640038, 0.683578422219112, 4.63635715640051, 4.68647918388952, 0.0834880176343607, 0.0161020767249374, 0.0834880176361298
3.51837777777778E-005, 4.63635715640038, 0.683578422219112, 4.63635715640051, 4.68647918388952, 0.0834880176343607, 0.0161020767249374, 0.0834880176361298
3.56467222222223E-005, 4.63635715640038, 0.683578422219112, 4.63635715640051, 4.68647918388952, 0.0834880176343607, 0.0161020767249374, 0.0834880176361298
3.61096666666667E-005, 4.63635715640038, 0.683578422219112, 4.63635715640051, 4.68647918388952, 0.0834880176343607, 0.0161020767249374, 0.0834880176361298
3.65726111111111E-005, 4.63635715640038, 0.683578422219112, 4.63635715640051, 4.68647918388952, 0.0834880176343607, 0.0161020767249374, 0.0834880176361298
3.70355555555556E-005, 4.63635715640038, 0.683578422219112, 4.63635715640051, 4.68647918388952, 0.0834880176343607, 0.0161020767249374, 0.0834880176361298
3.74985E-005, 4.63635715640038, 0.683578422219112, 4.63635715640051, 4.68647918388952, 0.0834880176343607, 0.0161020767249374, 0.0834880176361298
3.79614444444445E-005, 4.63635715640038, 0.683578422219112, 4.63635715640051, 4.68647918388952, 0.0834880176343607, 0.0161020767249374, 0.0834880176361298
3.84243888888889E-005, 4.63635715640038, 0.683578422219112, 4.63635715640051, 4.68647918388952, 0.0834880176343607, 0.0161020767249374, 0.0834880176361298
3.88873333333333E-005, 4.63635715640038, 0.683578422219112, 4.63635715640051, 4.68647918388952, 0.0834880176343607, 0.0161020767249374, 0.0834880176361298
3.93502777777778E-005, 4.63635715640038, 0.683578422219112, 4.63635715640051, 4.68647918388952, 0.0834880176343607, 0.0161020767249374, 0.0834880176361298
3.98132222222222E-005, 4.63635715640038, 0.683578422219112, 4.63635715640051, 4.68647918388952, 0.0834880176343607, 0.0161020767249374, 0.0834880176361298
4.02761666666667E-005, 4.63635715640038, 0.683578422219112, 4.63635715640051, 4.68647918388952, 0.0834880176343607, 0.0161020767249374, 0.0834880176361298
4.07391111111111E-005, 4.63635715640038, 0.683578422219112, 4.63635715640051, 4.68647918388952, 0.0834880176343607, 0.0161020767249374, 0.0834880176361298
4.12020555555556E-005, 4.63635715640038, 0.683578422219112, 4.63635715640051, 4.68647918388952, 0.0834880176343607, 0.0161020767249374, 0.0834880176361298
4.1665E-005, 4.63635715640038, 0.683578422219112, 4.63635715640051, 4.68647918388952, 0.0834880176343607, 0.0161020767249374, 0.0834880176361298
4.21279444444444E-005, 4.63635715640038, 0.683578422219112, 4.63635715640051, 4.68647918388952, 0.0834880176343607, 0.0161020767249374, 0.0834880176361298
4.25908888888889E-005, 4.63635715640038, 0.683578422219112, 4.63635715640051, 4.68647918388952, 0.0834880176343607, 0.0161020767249374, 0.0834880176361298
4.30538333333333E-005, 4.63635715640038, 0.683578422219112, 4.63635715640051, 4.68647918388952, 0.0834880176343607, 0.0161020767249374, 0.0834880176361298
4.35167777777778E-005, 4.63635715640038, 0.683578422219112, 4.63635715640051, 4.68647918388952, 0.0834880176343607, 0.0161020767249374, 0.0834880176361298
4.39797222222222E-005, 4.63635715640038, 0.683578422219112, 4.63635715640051, 4.68647918388952, 0.0834880176343607, 0.0161020767249374, 0.0834880176361298
4.44426666666666E-005, 4.63635715640038, 0.683578422219112, 4.63635715640051, 4.68647918388952, 0.0834880176343607, 0.0161020767249374, 0.0834880176361298
4.49056111111111E-005, 4.63635715640038, 0.683578422219112, 4.63635715640051, 4.68647918388952, 0.0834880176343607, 0.0161020767249374, 0.0834880176361298
4.53685555555555E-005, 4.63635715640038, 0.683578422219112, 4.63635715640051, 4.68647918388952, 0.0834880176343607, 0.0161020767249374, 0.0834880176361298
4.58315E-005, 4.63635715640038, 0.683578422219112, 4.63635715640051, 4.68647918388952, 0.0834880176343607, 0.0161020767249374, 0.0834880176361298
4.62944444444444E-005, 4.63635715640038, 0.683578422219112, 4.63635715640051, 4.68647918388952, 0.0834880176343607, 0.0161020767249374, 0.0834880176361298
4.67573888888889E-005, 4.63635715640038, 0.683578422219112, 4.63635715640051, 4.68647918388952, 0.0834880176343607, 0.0161020767249374, 0.0834880176361298
4.72203333333333E-005, 4.63635715640038, 0.683578422219112, 4.63635715640051, 4.68647918388952, 0.0834880176343607, 0.0161020767249374, 0.0834880176361298
4.76832777777777E-005, 4.63635715640038, 0.683578422219112, 4.63635715640051, 4.68647918388952, 0.0834880176343607, 0.0161020767249374, 0.0834880176361298
4.81462222222222E-005, 4.63635715640038, 0.683578422219112, 4.63635715640051, 4.68647918388952, 0.0834880176343607, 0.0161020767249374, 0.0834880176361298
4.86091666666666E-005, 4.63635715640038, 0.683578422219112, 4.63635715640051, 4.68647918388952, 0.0834880176343607, 0.0161020767249374, 0.0834880176361298
4.90721111111111E-005, 4.63635715640038, 0.683578422219112, 4.63635715640051, 4.68647918388952, 0.0834880176343607, 0.0161020767249374, 0.0834880176361298
4.95350555555555E-005, 4.63635715640038, 0.683578422219112, 4.63635715640051, 4.68647918388952, 0.0834880176343607, 0.0161020767249374, 0.0834880176361298
4.99979999999999E-005, 4.63635715640038, 0.683578422219112, 4.63635715640051, 4.68647918388952, 0.0834880176343607, 0.0161020767249374, 0.0834880176361298
5.04609444444444E-005, 4.63635715640038, 0.683578422219112, 4.63635715640051, 4.68647918388952, 0.0834880176343607, 0.0161020767249374, 0.0834880176361298
5.09238888888888E-005, 4.63635715640038, 0.683578422219112, 4.63635715640051, 4.68647918388952, 0.0834880176343607, 0.0161020767249374, 0.0834880176361298
5.13868333333333E-005, 4.63635715640038, 0.683578422219112, 4.63635715640051, 4.68647918388952, 0.0834880176343607, 0.0161020767249374, 0.0834880176361298
5.18497777777777E-005, 4.63635715640038, 0.683578422219112, 4.63635715640051, 4.68647918388952, 0.0834880176343607, 0.0161020767249374, 0.0834880176361298
5.23127222222222E-005, 4.63635715640038, 0.683578422219112, 4.63635715640051, 4.68647918388952, 0.0834880176343607, 0.0161020767249374, 0.0834880176361298
5.27756666666666E-005, 4.63635715640038, 0.683578422219112, 4.63635715640051, 4.68647918388952, 0.0834880176343607, 0.0161020767249374, 0.0834880176361298
5.3238611111111E-005, 4.63635715640038, 0.683578422219112, 4.63635715640051, 4.68647918388952, 0.0834880176343607, 0.0161020767249374, 0.0834880176361298
5.37015555555555E-005, 4.63635715640038, 0.683578422219112, 4.63635715640051, 4.68647918388952, 0.0834880176343607, 0.0161020767249374, 0.0834880176361298
5.41644999999999E-005, 4.63635715640038, 0.683578422219112, 4.63635715640051, 4.68647918388952, 0.0834880176343607, 0.0161020767249374, 0.0834880176361298
5.46274444444444E-005, 4.63635715640038, 0.683578422219112, 4.63635715640051, 4.68647918388952, 0.0834880176343607, 0.0161020767249374, 0.0834880176361298
5.50903888888888E-005, 4.63635715640038, 0.683578422219112, 4.63635715640051, 4.68647918388952, 0.0834880176343607, 0.0161020767249374, 0.0834880176361298
5.55533333333332E-005, 4.63635715640038, 0.683578422219112, 4.63635715640051, 4.68647918388952, 0.0834880176343607, 0.0161020767249374, 0.0834880176361298
5.60162777777777E-005, 4.63635715640038, 0.683578422219112, 4.63635715640051, 4.68647918388952, 0.0834880176343607, 0.0161020767249374, 0.0834880176361298
5.64792222222221E-005, 4.63635715640038, 0.683578422219112, 4.63635715640051, 4.68647918388952, 0.0834880176343607, 0.0161020767249374, 0.0834880176361298
5.69421666666666E-005, 4.63635715640038, 0.683578422219112, 4.63635715640051, 4.68647918388952, 0.0834880176343607, 0.0161020767249374, 0.0834880176361298
5.7405111111111E-005, 4.63635715640038, 0.683578422219112, 4.63635715640051, 4.68647918388952, 0.0834880176343607, 0.0161020767249374, 0.0834880176361298
5.78680555555555E-005, 4.63635715640038, 0.683578422219112, 4.63635715640051, 4.68647918388952, 0.0834880176343607, 0.0161020767249374, 0.0834880176361298
5.83309999999999E-005, 4.63635715640038, 0.683578422219112, 4.63635715640051, 4.68647918388952, 0.0834880176343607, 0.0161020767249374, 0.0834880176361298
5.87939444444444E-005, 4.63635715640038, 0.683578422219112, 4.63635715640051, 4.68647918388952, 0.0834880176343607, 0.0161020767249374, 0.0834880176361298
5.92568888888888E-005, 4.63635715640038, 0.683578422219112, 4.63635715640051, 4.68647918388952, 0.0834880176343607, 0.0161020767249374, 0.0834880176361298
5.97198333333332E-005, 4.63635715640038, 0.683578422219112, 4.63635715640051, 4.68647918388952, 0.0834880176343607, 0.0161020767249374, 0.0834880176361298
6.01827777777777E-005, 4.63635715640038, 0.683578422219112, 4.63635715640051, 4.68647918388952, 0.0834880176343607, 0.0161020767249374, 0.0834880176361298
6.06457222222221E-005, 4.63635715640038, 0.683578422219112, 4.63635715640051, 4.68647918388952, 0.0834880176343607, 0.0161020767249374, 0.0834880176361298
6.11086666666665E-005, 4.63635715640038, 0.683578422219112, 4.63635715640051, 4.68647918388952, 0.0834880176343607, 0.0161020767249374, 0.0834880176361298
6.1571611111111E-005, 4.63635715640038, 0.683578422219112, 4.63635715640051, 4.68647918388952, 0.0834880176343607, 0.0161020767249374, 0.0834880176361298
6.20345555555554E-005, 4.63635715640038, 0.683578422219112, 4.63635715640051, 4.68647918388952, 0.0834880176343607, 0.0161020767249374, 0.0834880176361298
6.24974999999999E-005, 4.63635715640038, 0.683578422219112, 4.63635715640051, 4.68647918388952, 0.0834880176343607, 0.0161020767249374, 0.0834880176361298
6.29604444444443E-005, 4.63635715640038, 0.683578422219112, 4.63635715640051, 4.68647918388952, 0.0834880176343607, 0.0161020767249374, 0.0834880176361298
6.34233888888888E-005, 4.63635715640038, 0.683578422219112, 4.63635715640051, 4.68647918388952, 0.0834880176343607, 0.0161020767249374, 0.0834880176361298
6.38863333333332E-005, 4.63635715640038, 0.683578422219112, 4.63635715640051, 4.68647918388952, 0.0834880176343607, 0.0161020767249374, 0.0834880176361298
6.43492777777776E-005, 4.63635715640038, 0.683578422219112, 4.63635715640051, 4.68647918388952, 0.0834880176343607, 0.0161020767249374, 0.0834880176361298
6.48122222222221E-005, 4.63635715640038, 0.683578422219112, 4.63635715640051, 4.68647918388952, 0.0834880176343607, 0.0161020767249374, 0.0834880176361298
6.52751666666665E-005, 4.63635715640038, 0.683578422219112, 4.63635715640051, 4.68647918388952, 0.0834880176343607, 0.0161020767249374, 0.0834880176361298
6.5738111111111E-005, 4.63635715640038, 0.683578422219112, 4.63635715640051, 4.68647918388952, 0.0834880176343607, 0.0161020767249374, 0.0834880176361298
6.62010555555554E-005, 4.63635715640038, 0.683578422219112, 4.63635715640051, 4.68647918388952, 0.0834880176343607, 0.0161020767249374, 0.0834880176361298
6.66639999999998E-005, 4.63635715640038, 0.683578422219112, 4.63635715640051, 4.68647918388952, 0.0834880176343607, 0.0161020767249374, 0.0834880176361298
6.71269444444443E-005, 4.63635715640038, 0.683578422219112, 4.63635715640051, 4.68647918388952, 0.0834880176343607, 0.0161020767249374, 0.0834880176361298
6.75898888888887E-005, 4.63635715640038, 0.683578422219112, 4.63635715640051, 4.68647918388952, 0.0834880176343607, 0.0161020767249374, 0.0834880176361298
6.80528333333332E-005, 4.63635715640038, 0.683578422219112, 4.63635715640051, 4.68647918388952, 0.0834880176343607, 0.0161020767249374, 0.0834880176361298
6.85157777777776E-005, 4.63635715640038, 0.683578422219112, 4.63635715640051, 4.68647918388952, 0.0834880176343607, 0.0161020767249374, 0.0834880176361298
6.89787222222221E-005, 4.63635715640038, 0.683578422219112, 4.63635715640051, 4.68647918388952, 0.0834880176343607, 0.0161020767249374, 0.0834880176361298
6.94416666666665E-005, 4.63635715640038, 0.683578422219112, 4.63635715640051, 4.68647918388952, 0.0834880176343607, 0.0161020767249374, 0.0834880176361298
6.9904611111111E-005, 4.63635715640038, 0.683578422219112, 4.63635715640051, 4.68647918388952, 0.0834880176343607, 0.0161020767249374, 0.0834880176361298
7.03675555555554E-005, 4.63635715640038, 0.683578422219112, 4.63635715640051, 4.68647918388952, 0.0834880176343607, 0.0161020767249374, 0.0834880176361298
7.08304999999998E-005, 4.63635715640038, 0.683578422219112, 4.63635715640051, 4.68647918388952, 0.0834880176343607, 0.0161020767249374, 0.0834880176361298
7.12934444444443E-005, 4.63635715640038, 0.683578422219112, 4.63635715640051, 4.68647918388952, 0.0834880176343607, 0.0161020767249374, 0.0834880176361298
7.17563888888887E-005, 4.63635715640038, 0.683578422219112, 4.63635715640051, 4.68647918388952, 0.0834880176343607, 0.0161020767249374, 0.0834880176361298
7.22193333333332E-005, 4.63635715640038, 0.683578422219112, 4.63635715640051, 4.68647918388952, 0.0834880176343607, 0.0161020767249374, 0.0834880176361298
7.26822777777777E-005, 4.63635715640038, 0.683578422219112, 4.63635715640051, 4.68647918388952, 0.0834880176343607, 0.0161020767249374, 0.0834880176361298
7.31452222222221E-005, 4.63635715640038, 0.683578422219112, 4.63635715640051, 4.68647918388952, 0.0834880176343607, 0.0161020767249374, 0.0834880176361298
7.36081666666665E-005, 4.63635715640038, 0.683578422219112, 4.63635715640051, 4.68647918388952, 0.0834880176343607, 0.0161020767249374, 0.0834880176361298
7.4071111111111E-005, 4.63635715640038, 0.683578422219112, 4.63635715640051, 4.68647918388952, 0.0834880176343607, 0.0161020767249374, 0.0834880176361298
7.45340555555554E-005, 4.63635715640038, 0.683578422219112, 4.63635715640051, 4.68647918388952, 0.0834880176343607, 0.0161020767249374, 0.0834880176361298
7.49969999999999E-005, 4.63635715640038, 0.683578422219112, 4.63635715640051, 4.68647918388952, 0.0834880176343607, 0.0161020767249374, 0.0834880176361298
7.54599444444443E-005, 4.63635715640038, 0.683578422219112, 4.63635715640051, 4.68647918388952, 0.0834880176343607, 0.0161020767249374, 0.0834880176361298
7.59228888888888E-005, 4.63635715640038, 0.683578422219112, 4.63635715640051, 4.68647918388952, 0.0834880176343607, 0.0161020767249374, 0.0834880176361298
7.63858333333332E-005, 4.63635715640038, 0.683578422219112, 4.63635715640051, 4.68647918388952, 0.0834880176343607, 0.0161020767249374, 0.0834880176361298
7.68487777777777E-005, 4.63635715640038, 0.683578422219112, 4.63635715640051, 4.68647918388952, 0.0834880176343607, 0.0161020767249374, 0.0834880176361298
7.73117222222221E-005, 4.63635715640038, 0.683578422219112, 4.63635715640051, 4.68647918388952, 0.0834880176343607, 0.0161020767249374, 0.0834880176361298
7.77746666666666E-005, 4.63635715640038, 0.683578422219112, 4.63635715640051, 4.68647918388952, 0.0834880176343607, 0.0161020767249374, 0.0834880176361298
7.8237611111111E-005, 4.63635715640038, 0.683578422219112, 4.63635715640051, 4.68647918388952, 0.0834880176343607, 0.0161020767249374, 0.0834880176361298
7.87005555555555E-005, 4.63635715640038, 0.683578422219112, 4.63635715640051, 4.68647918388952, 0.0834880176343607, 0.0161020767249374, 0.0834880176361298
7.91634999999999E-005, 4.63635715640038, 0.683578422219112, 4.63635715640051, 4.68647918388952, 0.0834880176343607, 0.0161020767249374, 0.0834880176361298
7.96264444444444E-005, 4.63635715640038, 0.683578422219112, 4.63635715640051, 4.68647918388952, 0.0834880176343607, 0.0161020767249374, 0.0834880176361298
8.00893888888888E-005, 4.63635715640038, 0.683578422219112, 4.63635715640051, 4.68647918388952, 0.0834880176343607, 0.0161020767249374, 0.0834880176361298
8.05523333333333E-005, 4.63635715640038, 0.683578422219112, 4.63635715640051, 4.68647918388952, 0.0834880176343607, 0.0161020767249374, 0.0834880176361298
8.10152777777777E-005, 4.63635715640038, 0.683578422219112, 4.63635715640051, 4.68647918388952, 0.0834880176343607, 0.0161020767249374, 0.0834880176361298
8.14782222222222E-005, 4.63635715640038, 0.683578422219112, 4.63635715640051, 4.68647918388952, 0.0834880176343607, 0.0161020767249374, 0.0834880176361298
8.19411666666666E-005, 4.63635715640038, 0.683578422219112, 4.63635715640051, 4.68647918388952, 0.0834880176343607, 0.0161020767249374, 0.0834880176361298
8.24041111111111E-005, 4.63635715640038, 0.683578422219112, 4.63635715640051, 4.68647918388952, 0.0834880176343607, 0.0161020767249374, 0.0834880176361298
8.28670555555555E-005, 4.63635715640038, 0.683578422219112, 4.63635715640051, 4.68647918388952, 0.0834880176343607, 0.0161020767249374, 0.0834880176361298
8.333E-005, 4.63635715640038, 0.683578422219112, 4.63635715640051, 4.68647918388952, 0.0834880176343607, 0.0161020767249374, 0.0834880176361298
8.37929444444444E-005, 4.63635715640038, 0.683578422219112, 4.63635715640051, 4.68647918388952, 0.0834880176343607, 0.0161020767249374, 0.0834880176361298
8.42558888888889E-005, 4.63635715640038, 0.683578422219112, 4.63635715640051, 4.68647918388952, 0.0834880176343607, 0.0161020767249374, 0.0834880176361298
8.47188333333333E-005, 4.63635715640038, 0.683578422219112, 4.63635715640051, 4.68647918388952, 0.0834880176343607, 0.0161020767249374, 0.0834880176361298
8.51817777777778E-005, 4.63635715640038, 0.683578422219112, 4.63635715640051, 4.68647918388952, 0.0834880176343607, 0.0161020767249374, 0.0834880176361298
8.56447222222222E-005, 4.63635715640038, 0.683578422219112, 4.63635715640051, 4.68647918388952, 0.0834880176343607, 0.0161020767249374, 0.0834880176361298
8.61076666666667E-005, 4.63635715640038, 0.683578422219112, 4.63635715640051, 4.68647918388952, 0.0834880176343607, 0.0161020767249374, 0.0834880176361298
8.65706111111111E-005, 4.63635715640038, 0.683578422219112, 4.63635715640051, 4.68647918388952, 0.0834880176343607, 0.0161020767249374, 0.0834880176361298
8.70335555555556E-005, 4.63635715640038, 0.683578422219112, 4.63635715640051, 4.68647918388952, 0.0834880176343607, 0.0161020767249374, 0.0834880176361298
8.74965E-005, 4.63635715640038, 0.683578422219112, 4.63635715640051, 4.68647918388952, 0.0834880176343607, 0.0161020767249374, 0.0834880176361298
8.79594444444445E-005, 4.63635715640038, 0.683578422219112, 4.63635715640051, 4.68647918388952, 0.0834880176343607, 0.0161020767249374, 0.0834880176361298
8.84223888888889E-005, 4.63635715640038, 0.683578422219112, 4.63635715640051, 4.68647918388952, 0.0834880176343607, 0.0161020767249374, 0.0834880176361298
8.88853333333334E-005, 4.63635715640038, 0.683578422219112, 4.63635715640051, 4.68647918388952, 0.0834880176343607, 0.0161020767249374, 0.0834880176361298
8.93482777777778E-005, 4.63635715640038, 0.683578422219112, 4.63635715640051, 4.68647918388952, 0.0834880176343607, 0.0161020767249374, 0.0834880176361298
8.98112222222223E-005, 4.63635715640038, 0.683578422219112, 4.63635715640051, 4.68647918388952, 0.0834880176343607, 0.0161020767249374, 0.0834880176361298
9.02741666666667E-005, 4.63635715640038, 0.683578422219112, 4.63635715640051, 4.68647918388952, 0.0834880176343607, 0.0161020767249374, 0.0834880176361298
9.07371111111112E-005, 4.63635715640038, 0.683578422219112, 4.63635715640051, 4.68647918388952, 0.0834880176343607, 0.0161020767249374, 0.0834880176361298
9.12000555555556E-005, 4.63635715640038, 0.683578422219112, 4.63635715640051, 4.68647918388952, 0.0834880176343607, 0.0161020767249374, 0.0834880176361298
9.16630000000001E-005, 4.63635715640038, 0.683578422219112, 4.63635715640051, 4.68647918388952, 0.0834880176343607, 0.0161020767249374, 0.0834880176361298
9.21259444444445E-005, 4.63635715640038, 0.683578422219112, 4.63635715640051, 4.68647918388952, 0.0834880176343607, 0.0161020767249374, 0.0834880176361298
9.2588888888889E-005, 4.63635715640038, 0.683578422219112, 4.63635715640051, 4.68647918388952, 0.0834880176343607, 0.0161020767249374, 0.0834880176361298
9.30518333333334E-005, 4.63635715640038, 0.683578422219112, 4.63635715640051, 4.68647918388952, 0.0834880176343607, 0.0161020767249374, 0.0834880176361298
9.35147777777779E-005, 4.63635715640038, 0.683578422219112, 4.63635715640051, 4.68647918388952, 0.0834880176343607, 0.0161020767249374, 0.0834880176361298
9.39777222222223E-005, 4.63635715640038, 0.683578422219112, 4.63635715640051, 4.68647918388952, 0.0834880176343607, 0.0161020767249374, 0.0834880176361298
9.44406666666668E-005, 4.63635715640038, 0.683578422219112, 4.63635715640051, 4.68647918388952, 0.0834880176343607, 0.0161020767249374, 0.0834880176361298
9.49036111111112E-005, 4.63635715640038, 0.683578422219112, 4.63635715640051, 4.68647918388952, 0.0834880176343607, 0.0161020767249374, 0.0834880176361298
9.53665555555557E-005, 4.63635715640038, 0.683578422219112, 4.63635715640051, 4.68647918388952, 0.0834880176343607, 0.0161020767249374, 0.0834880176361298
9.58295000000001E-005, 4.63635715640038, 0.683578422219112, 4.63635715640051, 4.68647918388952, 0.0834880176343607, 0.0161020767249374, 0.0834880176361298
9.62924444444446E-005, 4.63635715640038, 0.683578422219112, 4.63635715640051, 4.68647918388952, 0.0834880176343607, 0.0161020767249374, 0.0834880176361298
9.6755388888889E-005, 4.63635715640038, 0.683578422219112, 4.63635715640051, 4.68647918388952, 0.0834880176343607, 0.0161020767249374, 0.0834880176361298
9.72183333333335E-005, 4.63635715640038, 0.683578422219112, 4.63635715640051, 4.68647918388952, 0.0834880176343607, 0.0161020767249374, 0.0834880176361298
9.76812777777779E-005, 4.63635715640038, 0.683578422219112, 4.63635715640051, 4.68647918388952, 0.0834880176343607, 0.0161020767249374, 0.0834880176361298
9.81442222222223E-005, 4.63635715640038, 0.683578422219112, 4.63635715640051, 4.68647918388952, 0.0834880176343607, 0.0161020767249374, 0.0834880176361298
9.86071666666668E-005, 4.63635715640038, 0.683578422219112, 4.63635715640051, 4.68647918388952, 0.0834880176343607, 0.0161020767249374, 0.0834880176361298
9.90701111111113E-005, 4.63635715640038, 0.683578422219112, 4.63635715640051, 4.68647918388952, 0.0834880176343607, 0.0161020767249374, 0.0834880176361298
9.95330555555557E-005, 4.63635715640038, 0.683578422219112, 4.63635715640051, 4.68647918388952, 0.0834880176343607, 0.0161020767249374, 0.0834880176361298
9.99960000000002E-005, 4.63635715640038, 0.683578422219112, 4.63635715640051, 4.68647918388952, 0.0834880176343607, 0.0161020767249374, 0.0834880176361298
0.000100458944444445, 4.63635715640038, 0.683578422219112, 4.63635715640051, 4.68647918388952, 0.0834880176343607, 0.0161020767249374, 0.0834880176361298
0.000100921888888889, 4.63635715640038, 0.683578422219112, 4.63635715640051, 4.68647918388952, 0.0834880176343607, 0.0161020767249374, 0.0834880176361298
0.000101384833333334, 4.63635715640038, 0.683578422219112, 4.63635715640051, 4.68647918388952, 0.0834880176343607, 0.0161020767249374, 0.0834880176361298
0.000101847777777778, 4.63635715640038, 0.683578422219112, 4.63635715640051, 4.68647918388952, 0.0834880176343607, 0.0161020767249374, 0.0834880176361298
0.000102310722222222, 4.63635715640038, 0.683578422219112, 4.63635715640051, 4.68647918388952, 0.0834880176343607, 0.0161020767249374, 0.0834880176361298
0.000102773666666667, 4.63635715640038, 0.683578422219112, 4.63635715640051, 4.68647918388952, 0.0834880176343607, 0.0161020767249374, 0.0834880176361298
0.000103236611111111, 4.63635715640038, 0.683578422219112, 4.63635715640051, 4.68647918388952, 0.0834880176343607, 0.0161020767249374, 0.0834880176361298
0.000103699555555556, 4.63635715640038, 0.683578422219112, 4.63635715640051, 4.68647918388952, 0.0834880176343607, 0.0161020767249374, 0.0834880176361298
0.0001041625, 4.63635715640038, 0.683578422219112, 4.63635715640051, 4.68647918388952, 0.0834880176343607, 0.0161020767249374, 0.0834880176361298
0.000104625444444445, 4.63635715640038, 0.683578422219112, 4.63635715640051, 4.68647918388952, 0.0834880176343607, 0.0161020767249374, 0.0834880176361298
0.000105088388888889, 4.63635715640038, 0.683578422219112, 4.63635715640051, 4.68647918388952, 0.0834880176343607, 0.0161020767249374, 0.0834880176361298
0.000105551333333334, 4.63635715640038, 0.683578422219112, 4.63635715640051, 4.68647918388952, 0.0834880176343607, 0.0161020767249374, 0.0834880176361298
0.000106014277777778, 4.63635715640038, 0.683578422219112, 4.63635715640051, 4.68647918388952, 0.0834880176343607, 0.0161020767249374, 0.0834880176361298
0.000106477222222222, 4.63635715640038, 0.683578422219112, 4.63635715640051, 4.68647918388952, 0.0834880176343607, 0.0161020767249374, 0.0834880176361298
0.000106940166666667, 4.63635715640038, 0.683578422219112, 4.63635715640051, 4.68647918388952, 0.0834880176343607, 0.0161020767249374, 0.0834880176361298
0.000107403111111111, 4.63635715640038, 0.683578422219112, 4.63635715640051, 4.68647918388952, 0.0834880176343607, 0.0161020767249374, 0.0834880176361298
0.000107866055555556, 4.63635715640038, 0.683578422219112, 4.63635715640051, 4.68647918388952, 0.0834880176343607, 0.0161020767249374, 0.0834880176361298
0.000108329, 4.63635715640038, 0.683578422219112, 4.63635715640051, 4.68647918388952, 0.0834880176343607, 0.0161020767249374, 0.0834880176361298
0.000108791944444445, 4.63635715640038, 0.683578422219112, 4.63635715640051, 4.68647918388952, 0.0834880176343607, 0.0161020767249374, 0.0834880176361298
0.000109254888888889, 4.63635715640038, 0.683578422219112, 4.63635715640051, 4.68647918388952, 0.0834880176343607, 0.0161020767249374, 0.0834880176361298
0.000109717833333334, 4.63635715640038, 0.683578422219112, 4.63635715640051, 4.68647918388952, 0.0834880176343607, 0.0161020767249374, 0.0834880176361298
0.000110180777777778, 4.63635715640038, 0.683578422219112, 4.63635715640051, 4.68647918388952, 0.0834880176343607, 0.0161020767249374, 0.0834880176361298
0.000110643722222222, 4.63635715640038, 0.683578422219112, 4.63635715640051, 4.68647918388952, 0.0834880176343607, 0.0161020767249374, 0.0834880176361298
0.000111106666666667, 4.63635715640038, 0.683578422219112, 4.63635715640051, 4.68647918388952, 0.0834880176343607, 0.0161020767249374, 0.0834880176361298
0.000111569611111111, 4.63635715640038, 0.683578422219112, 4.63635715640051, 4.68647918388952, 0.0834880176343607, 0.0161020767249374, 0.0834880176361298
0.000112032555555556, 4.63635715640038, 0.683578422219112, 4.63635715640051, 4.68647918388952, 0.0834880176343607, 0.0161020767249374, 0.0834880176361298
0.0001124955, 4.63635715640038, 0.683578422219112, 4.63635715640051, 4.68647918388952, 0.0834880176343607, 0.0161020767249374, 0.0834880176361298
0.000112958444444445, 4.63635715640038, 0.683578422219112, 4.63635715640051, 4.68647918388952, 0.0834880176343607, 0.0161020767249374, 0.0834880176361298
0.000113421388888889, 4.63635715640038, 0.683578422219112, 4.63635715640051, 4.68647918388952, 0.0834880176343607, 0.0161020767249374, 0.0834880176361298
0.000113884333333334, 4.63635715640038, 0.683578422219112, 4.63635715640051, 4.68647918388952, 0.0834880176343607, 0.0161020767249374, 0.0834880176361298
0.000114347277777778, 4.63635715640038, 0.683578422219112, 4.63635715640051, 4.68647918388952, 0.0834880176343607, 0.0161020767249374, 0.0834880176361298
0.000114810222222223, 4.63635715640038, 0.683578422219112, 4.63635715640051, 4.68647918388952, 0.0834880176343607, 0.0161020767249374, 0.0834880176361298
0.000115273166666667, 4.63635715640038, 0.683578422219112, 4.63635715640051, 4.68647918388952, 0.0834880176343607, 0.0161020767249374, 0.0834880176361298
0.000115736111111111, 4.63635715640038, 0.683578422219112, 4.63635715640051, 4.68647918388952, 0.0834880176343607, 0.0161020767249374, 0.0834880176361298
0.000116199055555556, 4.63635715640038, 0.683578422219112, 4.63635715640051, 4.68647918388952, 0.0834880176343607, 0.0161020767249374, 0.0834880176361298
0.000116662, 4.63635715640038, 0.683578422219112, 4.63635715640051, 4.68647918388952, 0.0834880176343607, 0.0161020767249374, 0.0834880176361298
0.000117124944444445, 4.63635715640038, 0.683578422219112, 4.63635715640051, 4.68647918388952, 0.0834880176343607, 0.0161020767249374, 0.0834880176361298
0.000117587888888889, 4.63635715640038, 0.683578422219112, 4.63635715640051, 4.68647918388952, 0.0834880176343607, 0.0161020767249374, 0.0834880176361298
0.000118050833333334, 4.63635715640038, 0.683578422219112, 4.63635715640051, 4.68647918388952, 0.0834880176343607, 0.0161020767249374, 0.0834880176361298
0.000118513777777778, 4.63635715640038, 0.683578422219112, 4.63635715640051, 4.68647918388952, 0.0834880176343607, 0.0161020767249374, 0.0834880176361298
0.000118976722222223, 4.63635715640038, 0.683578422219112, 4.63635715640051, 4.68647918388952, 0.0834880176343607, 0.0161020767249374, 0.0834880176361298
0.000119439666666667, 4.63635715640038, 0.683578422219112, 4.63635715640051, 4.68647918388952, 0.0834880176343607, 0.0161020767249374, 0.0834880176361298
0.000119902611111112, 4.63635715640038, 0.683578422219112, 4.63635715640051, 4.68647918388952, 0.0834880176343607, 0.0161020767249374, 0.0834880176361298
0.000120365555555556, 4.63635715640038, 0.683578422219112, 4.63635715640051, 4.68647918388952, 0.0834880176343607, 0.0161020767249374, 0.0834880176361298
0.0001208285, 4.63635715640038, 0.683578422219112, 4.63635715640051, 4.68647918388952, 0.0834880176343607, 0.0161020767249374, 0.0834880176361298
0.000121291444444445, 4.63635715640038, 0.683578422219112, 4.63635715640051, 4.68647918388952, 0.0834880176343607, 0.0161020767249374, 0.0834880176361298
0.000121754388888889, 4.63635715640038, 0.683578422219112, 4.63635715640051, 4.68647918388952, 0.0834880176343607, 0.0161020767249374, 0.0834880176361298
0.000122217333333334, 4.63635715640038, 0.683578422219112, 4.63635715640051, 4.68647918388952, 0.0834880176343607, 0.0161020767249374, 0.0834880176361298
0.000122680277777778, 4.63635715640038, 0.683578422219112, 4.63635715640051, 4.68647918388952, 0.0834880176343607, 0.0161020767249374, 0.0834880176361298
0.000123143222222223, 4.63635715640038, 0.683578422219112, 4.63635715640051, 4.68647918388952, 0.0834880176343607, 0.0161020767249374, 0.0834880176361298
0.000123606166666667, 4.63635715640038, 0.683578422219112, 4.63635715640051, 4.68647918388952, 0.0834880176343607, 0.0161020767249374, 0.0834880176361298
0.000124069111111112, 4.63635715640038, 0.683578422219112, 4.63635715640051, 4.68647918388952, 0.0834880176343607, 0.0161020767249374, 0.0834880176361298
0.000124532055555556, 4.63635715640038, 0.683578422219112, 4.63635715640051, 4.68647918388952, 0.0834880176343607, 0.0161020767249374, 0.0834880176361298
0.000124995, 4.63635715640038, 0.683578422219112, 4.63635715640051, 4.68647918388952, 0.0834880176343607, 0.0161020767249374, 0.0834880176361298
0.000125457944444445, 4.63635715640038, 0.683578422219112, 4.63635715640051, 4.68647918388952, 0.0834880176343607, 0.0161020767249374, 0.0834880176361298
0.000125920888888889, 4.63635715640038, 0.683578422219112, 4.63635715640051, 4.68647918388952, 0.0834880176343607, 0.0161020767249374, 0.0834880176361298
0.000126383833333334, 4.63635715640038, 0.683578422219112, 4.63635715640051, 4.68647918388952, 0.0834880176343607, 0.0161020767249374, 0.0834880176361298
0.000126846777777778, 4.63635715640038, 0.683578422219112, 4.63635715640051, 4.68647918388952, 0.0834880176343607, 0.0161020767249374, 0.0834880176361298
0.000127309722222223, 4.63635715640038, 0.683578422219112, 4.63635715640051, 4.68647918388952, 0.0834880176343607, 0.0161020767249374, 0.0834880176361298
0.000127772666666667, 4.63635715640038, 0.683578422219112, 4.63635715640051, 4.68647918388952, 0.0834880176343607, 0.0161020767249374, 0.0834880176361298
0.000128235611111112, 4.63635715640038, 0.683578422219112, 4.63635715640051, 4.68647918388952, 0.0834880176343607, 0.0161020767249374, 0.0834880176361298
0.000128698555555556, 4.63635715640038, 0.683578422219112, 4.63635715640051, 4.68647918388952, 0.0834880176343607, 0.0161020767249374, 0.0834880176361298
0.0001291615, 4.63635715640038, 0.683578422219112, 4.63635715640051, 4.68647918388952, 0.0834880176343607, 0.0161020767249374, 0.0834880176361298
0.000129624444444445, 4.63635715640038, 0.683578422219112, 4.63635715640051, 4.68647918388952, 0.0834880176343607, 0.0161020767249374, 0.0834880176361298
0.000130087388888889, 4.63635715640038, 0.683578422219112, 4.63635715640051, 4.68647918388952, 0.0834880176343607, 0.0161020767249374, 0.0834880176361298
0.000130550333333334, 4.63635715640038, 0.683578422219112, 4.63635715640051, 4.68647918388952, 0.0834880176343607, 0.0161020767249374, 0.0834880176361298
0.000131013277777778, 4.63635715640038, 0.683578422219112, 4.63635715640051, 4.68647918388952, 0.0834880176343607, 0.0161020767249374, 0.0834880176361298
0.000131476222222223, 4.63635715640038, 0.683578422219112, 4.63635715640051, 4.68647918388952, 0.0834880176343607, 0.0161020767249374, 0.0834880176361298
0.000131939166666667, 4.63635715640038, 0.683578422219112, 4.63635715640051, 4.68647918388952, 0.0834880176343607, 0.0161020767249374, 0.0834880176361298
0.000132402111111112, 4.63635715640038, 0.683578422219112, 4.63635715640051, 4.68647918388952, 0.0834880176343607, 0.0161020767249374, 0.0834880176361298
0.000132865055555556, 4.63635715640038, 0.683578422219112, 4.63635715640051, 4.68647918388952, 0.0834880176343607, 0.0161020767249374, 0.0834880176361298
0.000133328000000001, 4.63635715640038, 0.683578422219112, 4.63635715640051, 4.68647918388952, 0.0834880176343607, 0.0161020767249374, 0.0834880176361298
0.000133790944444445, 4.63635715640038, 0.683578422219112, 4.63635715640051, 4.68647918388952, 0.0834880176343607, 0.0161020767249374, 0.0834880176361298
0.000134253888888889, 4.63635715640038, 0.683578422219112, 4.63635715640051, 4.68647918388952, 0.0834880176343607, 0.0161020767249374, 0.0834880176361298
0.000134716833333334, 4.63635715640038, 0.683578422219112, 4.63635715640051, 4.68647918388952, 0.0834880176343607, 0.0161020767249374, 0.0834880176361298
0.000135179777777778, 4.63635715640038, 0.683578422219112, 4.63635715640051, 4.68647918388952, 0.0834880176343607, 0.0161020767249374, 0.0834880176361298
0.000135642722222223, 4.63635715640038, 0.683578422219112, 4.63635715640051, 4.68647918388952, 0.0834880176343607, 0.0161020767249374, 0.0834880176361298
0.000136105666666667, 4.63635715640038, 0.683578422219112, 4.63635715640051, 4.68647918388952, 0.0834880176343607, 0.0161020767249374, 0.0834880176361298
0.000136568611111112, 4.63635715640038, 0.683578422219112, 4.63635715640051, 4.68647918388952, 0.0834880176343607, 0.0161020767249374, 0.0834880176361298
0.000137031555555556, 4.63635715640038, 0.683578422219112, 4.63635715640051, 4.68647918388952, 0.0834880176343607, 0.0161020767249374, 0.0834880176361298
0.000137494500000001, 4.63635715640038, 0.683578422219112, 4.63635715640051, 4.68647918388952, 0.0834880176343607, 0.0161020767249374, 0.0834880176361298
0.000137957444444445, 4.63635715640038, 0.683578422219112, 4.63635715640051, 4.68647918388952, 0.0834880176343607, 0.0161020767249374, 0.0834880176361298
0.000138420388888889, 4.63635715640038, 0.683578422219112, 4.63635715640051, 4.68647918388952, 0.0834880176343607, 0.0161020767249374, 0.0834880176361298
0.000138883333333334, 4.63635715640038, 0.683578422219112, 4.63635715640051, 4.68647918388952, 0.0834880176343607, 0.0161020767249374, 0.0834880176361298
0.000139346277777778, 3.46918876428766, 0.527654185843974, 4.63635715640051, 4.68647918388952, 0.0639909187426152, 0.0130950214629148, 0.0834880176361298
0.000139809222222223, 3.46925110757576, 0.527028306667932, 4.63635715640051, 4.68647918388952, 0.0639902864968751, 0.0130948076989545, 0.0834880176361298
0.000140272166666667, 3.46924939110723, 0.527026482877842, 4.63635715640051, 4.68647918388952, 0.0639902413319281, 0.0130947928254163, 0.0834880176361298
0.000140735111111112, 3.46924938073617, 0.527026482877842, 4.63635715640051, 4.68647918388952, 0.0639902411063608, 0.0130947927474694, 0.0834880176361298
0.000141198055555556, 3.46924938070756, 0.527026482877842, 4.63635715640051, 4.68647918388952, 0.0639902411026036, 0.013094792747146, 0.0834880176361298
0.000141661000000001, 3.46924938070751, 0.527026482877842, 4.63635715640051, 4.68647918388952, 0.0639902411066377, 0.0130947927472293, 0.0834880176361298
0.000142123944444445, 3.46924938070751, 0.527026482877842, 4.63635715640051, 4.68647918388952, 0.0639902411066377, 0.0130947927472293, 0.0834880176361298
0.000142586888888889, 3.46924938070751, 0.527026482877842, 4.63635715640051, 4.68647918388952, 0.0639902411066377, 0.0130947927472293, 0.0834880176361298
0.000143049833333334, 3.46924938070751, 0.527026482877842, 4.63635715640051, 4.68647918388952, 0.0639902411066377, 0.0130947927472293, 0.0834880176361298
0.000143512777777778, 3.46924938070751, 0.527026482877842, 4.63635715640051, 4.68647918388952, 0.0639902411066377, 0.0130947927472293, 0.0834880176361298
0.000143975722222223, 3.46924938070751, 0.527026482877842, 4.63635715640051, 4.68647918388952, 0.0639902411066377, 0.0130947927472293, 0.0834880176361298
0.000144438666666667, 3.46924938070751, 0.527026482877842, 4.63635715640051, 4.68647918388952, 0.0639902411066377, 0.0130947927472293, 0.0834880176361298
0.000144901611111112, 3.46924938070751, 0.527026482877842, 4.63635715640051, 4.68647918388952, 0.0639902411066377, 0.0130947927472293, 0.0834880176361298
0.000145364555555556, 3.46924938070751, 0.527026482877842, 4.63635715640051, 4.68647918388952, 0.0639902411066377, 0.0130947927472293, 0.0834880176361298
0.0001458275, 3.46924938070751, 0.527026482877842, 4.63635715640051, 4.68647918388952, 0.0639902411066377, 0.0130947927472293, 0.0834880176361298
0.000146290444444445, 3.46924938070751, 0.527026482877842, 4.63635715640051, 4.68647918388952, 0.0639902411066377, 0.0130947927472293, 0.0834880176361298
0.000146753388888889, 3.46924938070751, 0.527026482877842, 4.63635715640051, 4.68647918388952, 0.0639902411066377, 0.0130947927472293, 0.0834880176361298
0.000147216333333334, 3.46924938070751, 0.527026482877842, 4.63635715640051, 4.68647918388952, 0.0639902411066377, 0.0130947927472293, 0.0834880176361298
0.000147679277777778, 3.46924938070751, 0.527026482877842, 4.63635715640051, 4.68647918388952, 0.0639902411066377, 0.0130947927472293, 0.0834880176361298
0.000148142222222223, 3.46924938070751, 0.527026482877842, 4.63635715640051, 4.68647918388952, 0.0639902411066377, 0.0130947927472293, 0.0834880176361298
0.000148605166666667, 3.46924938070751, 0.527026482877842, 4.63635715640051, 4.68647918388952, 0.0639902411066377, 0.0130947927472293, 0.0834880176361298
0.000149068111111111, 3.46924938070751, 0.527026482877842, 4.63635715640051, 4.68647918388952, 0.0639902411066377, 0.0130947927472293, 0.0834880176361298
0.000149531055555556, 3.46924938070751, 0.527026482877842, 4.63635715640051, 4.68647918388952, 0.0639902411066377, 0.0130947927472293, 0.0834880176361298
0.000149994, 3.46924938070751, 0.527026482877842, 4.63635715640051, 4.68647918388952, 0.0639902411066377, 0.0130947927472293, 0.0834880176361298
0.000150456944444445, 3.46924938070751, 0.527026482877842, 4.63635715640051, 4.68647918388952, 0.0639902411066377, 0.0130947927472293, 0.0834880176361298
0.000150919888888889, 3.46924938070751, 0.527026482877842, 4.63635715640051, 4.68647918388952, 0.0639902411066377, 0.0130947927472293, 0.0834880176361298
0.000151382833333334, 3.46924938070751, 0.527026482877842, 4.63635715640051, 4.68647918388952, 0.0639902411066377, 0.0130947927472293, 0.0834880176361298
0.000151845777777778, 3.46924938070751, 0.527026482877842, 4.63635715640051, 4.68647918388952, 0.0639902411066377, 0.0130947927472293, 0.0834880176361298
0.000152308722222222, 3.46924938070751, 0.527026482877842, 4.63635715640051, 4.68647918388952, 0.0639902411066377, 0.0130947927472293, 0.0834880176361298
0.000152771666666667, 3.46924938070751, 0.527026482877842, 4.63635715640051, 4.68647918388952, 0.0639902411066377, 0.0130947927472293, 0.0834880176361298
0.000153234611111111, 3.46924938070751, 0.527026482877842, 4.63635715640051, 4.68647918388952, 0.0639902411066377, 0.0130947927472293, 0.0834880176361298
0.000153697555555556, 3.46924938070751, 0.527026482877842, 4.63635715640051, 4.68647918388952, 0.0639902411066377, 0.0130947927472293, 0.0834880176361298
0.0001541605, 3.46924938070751, 0.527026482877842, 4.63635715640051, 4.68647918388952, 0.0639902411066377, 0.0130947927472293, 0.0834880176361298
0.000154623444444445, 3.46924938070751, 0.527026482877842, 4.63635715640051, 4.68647918388952, 0.0639902411066377, 0.0130947927472293, 0.0834880176361298
0.000155086388888889, 3.46924938070751, 0.527026482877842, 4.63635715640051, 4.68647918388952, 0.0639902411066377, 0.0130947927472293, 0.0834880176361298
0.000155549333333334, 3.46924938070751, 0.527026482877842, 4.63635715640051, 4.68647918388952, 0.0639902411066377, 0.0130947927472293, 0.0834880176361298
0.000156012277777778, 3.46924938070751, 0.527026482877842, 4.63635715640051, 4.68647918388952, 0.0639902411066377, 0.0130947927472293, 0.0834880176361298
0.000156475222222222, 3.46924938070751, 0.527026482877842, 4.63635715640051, 4.68647918388952, 0.0639902411066377, 0.0130947927472293, 0.0834880176361298
0.000156938166666667, 3.46924938070751, 0.527026482877842, 4.63635715640051, 4.68647918388952, 0.0639902411066377, 0.0130947927472293, 0.0834880176361298
0.000157401111111111, 3.46924938070751, 0.527026482877842, 4.63635715640051, 4.68647918388952, 0.0639902411066377, 0.0130947927472293, 0.0834880176361298
0.000157864055555556, 3.46924938070751, 0.527026482877842, 4.63635715640051, 4.68647918388952, 0.0639902411066377, 0.0130947927472293, 0.0834880176361298
0.000158327, 3.46924938070751, 0.527026482877842, 4.63635715640051, 4.68647918388952, 0.0639902411066377, 0.0130947927472293, 0.0834880176361298
0.000158789944444445, 3.46924938070751, 0.527026482877842, 4.63635715640051, 4.68647918388952, 0.0639902411066377, 0.0130947927472293, 0.0834880176361298
0.000159252888888889, 3.46924938070751, 0.527026482877842, 4.63635715640051, 4.68647918388952, 0.0639902411066377, 0.0130947927472293, 0.0834880176361298
0.000159715833333333, 3.46924938070751, 0.527026482877842, 4.63635715640051, 4.68647918388952, 0.0639902411066377, 0.0130947927472293, 0.0834880176361298
0.000160178777777778, 3.46924938070751, 0.527026482877842, 4.63635715640051, 4.68647918388952, 0.0639902411066377, 0.0130947927472293, 0.0834880176361298
0.000160641722222222, 3.46924938070751, 0.527026482877842, 4.63635715640051, 4.68647918388952, 0.0639902411066377, 0.0130947927472293, 0.0834880176361298
0.000161104666666667, 3.46924938070751, 0.527026482877842, 4.63635715640051, 4.68647918388952, 0.0639902411066377, 0.0130947927472293, 0.0834880176361298
0.000161567611111111, 3.46924938070751, 0.527026482877842, 4.63635715640051, 4.68647918388952, 0.0639902411066377, 0.0130947927472293, 0.0834880176361298
0.000162030555555556, 3.46924938070751, 0.527026482877842, 4.63635715640051, 4.68647918388952, 0.0639902411066377, 0.0130947927472293, 0.0834880176361298
0.0001624935, 3.46924938070751, 0.527026482877842, 4.63635715640051, 4.68647918388952, 0.0639902411066377, 0.0130947927472293, 0.0834880176361298
0.000162956444444444, 3.46924938070751, 0.527026482877842, 4.63635715640051, 4.68647918388952, 0.0639902411066377, 0.0130947927472293, 0.0834880176361298
0.000163419388888889, 3.46924938070751, 0.527026482877842, 4.63635715640051, 4.68647918388952, 0.0639902411066377, 0.0130947927472293, 0.0834880176361298
0.000163882333333333, 3.46924938070751, 0.527026482877842, 4.63635715640051, 4.68647918388952, 0.0639902411066377, 0.0130947927472293, 0.0834880176361298
0.000164345277777778, 3.46924938070751, 0.527026482877842, 4.63635715640051, 4.68647918388952, 0.0639902411066377, 0.0130947927472293, 0.0834880176361298
0.000164808222222222, 3.46924938070751, 0.527026482877842, 4.63635715640051, 4.68647918388952, 0.0639902411066377, 0.0130947927472293, 0.0834880176361298
0.000165271166666667, 3.46924938070751, 0.527026482877842, 4.63635715640051, 4.68647918388952, 0.0639902411066377, 0.0130947927472293, 0.0834880176361298
0.000165734111111111, 3.46924938070751, 0.527026482877842, 4.63635715640051, 4.68647918388952, 0.0639902411066377, 0.0130947927472293, 0.0834880176361298
0.000166197055555556, 3.46924938070751, 0.527026482877842, 4.63635715640051, 4.68647918388952, 0.0639902411066377, 0.0130947927472293, 0.0834880176361298
0.00016666, 3.46924938070751, 0.527026482877842, 4.63635715640051, 4.68647918388952, 0.0639902411066377, 0.0130947927472293, 0.0834880176361298
0.000167122944444444, 3.46924938070751, 0.527026482877842, 4.63635715640051, 4.68647918388952, 0.0639902411066377, 0.0130947927472293, 0.0834880176361298
0.000167585888888889, 3.46924938070751, 0.527026482877842, 4.63635715640051, 4.68647918388952, 0.0639902411066377, 0.0130947927472293, 0.0834880176361298
0.000168048833333333, 3.46924938070751, 0.527026482877842, 4.63635715640051, 4.68647918388952, 0.0639902411066377, 0.0130947927472293, 0.0834880176361298
0.000168511777777778, 3.46924938070751, 0.527026482877842, 4.63635715640051, 4.68647918388952, 0.0639902411066377, 0.0130947927472293, 0.0834880176361298
0.000168974722222222, 3.46924938070751, 0.527026482877842, 4.63635715640051, 4.68647918388952, 0.0639902411066377, 0.0130947927472293, 0.0834880176361298
0.000169437666666667, 3.46924938070751, 0.527026482877842, 4.63635715640051, 4.68647918388952, 0.0639902411066377, 0.0130947927472293, 0.0834880176361298
0.000169900611111111, 3.46924938070751, 0.527026482877842, 4.63635715640051, 4.68647918388952, 0.0639902411066377, 0.0130947927472293, 0.0834880176361298
0.000170363555555555, 3.46924938070751, 0.527026482877842, 4.63635715640051, 4.68647918388952, 0.0639902411066377, 0.0130947927472293, 0.0834880176361298
0.0001708265, 3.46924938070751, 0.527026482877842, 4.63635715640051, 4.68647918388952, 0.0639902411066377, 0.0130947927472293, 0.0834880176361298
0.000171289444444444, 3.46924938070751, 0.527026482877842, 4.63635715640051, 4.68647918388952, 0.0639902411066377, 0.0130947927472293, 0.0834880176361298
0.000171752388888889, 3.46924938070751, 0.527026482877842, 4.63635715640051, 4.68647918388952, 0.0639902411066377, 0.0130947927472293, 0.0834880176361298
0.000172215333333333, 3.46924938070751, 0.527026482877842, 4.63635715640051, 4.68647918388952, 0.0639902411066377, 0.0130947927472293, 0.0834880176361298
0.000172678277777778, 3.46924938070751, 0.527026482877842, 4.63635715640051, 4.68647918388952, 0.0639902411066377, 0.0130947927472293, 0.0834880176361298
0.000173141222222222, 3.46924938070751, 0.527026482877842, 4.63635715640051, 4.68647918388952, 0.0639902411066377, 0.0130947927472293, 0.0834880176361298
0.000173604166666666, 3.46924938070751, 0.527026482877842, 4.63635715640051, 4.68647918388952, 0.0639902411066377, 0.0130947927472293, 0.0834880176361298
0.000174067111111111, 3.46924938070751, 0.527026482877842, 4.63635715640051, 4.68647918388952, 0.0639902411066377, 0.0130947927472293, 0.0834880176361298
0.000174530055555555, 3.46924938070751, 0.527026482877842, 4.63635715640051, 4.68647918388952, 0.0639902411066377, 0.0130947927472293, 0.0834880176361298
0.000174993, 3.46924938070751, 0.527026482877842, 4.63635715640051, 4.68647918388952, 0.0639902411066377, 0.0130947927472293, 0.0834880176361298
0.000175455944444444, 3.46924938070751, 0.527026482877842, 4.63635715640051, 4.68647918388952, 0.0639902411066377, 0.0130947927472293, 0.0834880176361298
0.000175918888888889, 3.46924938070751, 0.527026482877842, 4.63635715640051, 4.68647918388952, 0.0639902411066377, 0.0130947927472293, 0.0834880176361298
0.000176381833333333, 3.46924938070751, 0.527026482877842, 4.63635715640051, 4.68647918388952, 0.0639902411066377, 0.0130947927472293, 0.0834880176361298
0.000176844777777778, 3.46924938070751, 0.527026482877842, 4.63635715640051, 4.68647918388952, 0.0639902411066377, 0.0130947927472293, 0.0834880176361298
0.000177307722222222, 3.46924938070751, 0.527026482877842, 4.63635715640051, 4.68647918388952, 0.0639902411066377, 0.0130947927472293, 0.0834880176361298
0.000177770666666666, 3.46924938070751, 0.527026482877842, 4.63635715640051, 4.68647918388952, 0.0639902411066377, 0.0130947927472293, 0.0834880176361298
0.000178233611111111, 3.46924938070751, 0.527026482877842, 4.63635715640051, 4.68647918388952, 0.0639902411066377, 0.0130947927472293, 0.0834880176361298
0.000178696555555555, 3.46924938070751, 0.527026482877842, 4.63635715640051, 4.68647918388952, 0.0639902411066377, 0.0130947927472293, 0.0834880176361298
0.0001791595, 3.46924938070751, 0.527026482877842, 4.63635715640051, 4.68647918388952, 0.0639902411066377, 0.0130947927472293, 0.0834880176361298
0.000179622444444444, 3.46924938070751, 0.527026482877842, 4.63635715640051, 4.68647918388952, 0.0639902411066377, 0.0130947927472293, 0.0834880176361298
0.000180085388888889, 3.46924938070751, 0.527026482877842, 4.63635715640051, 4.68647918388952, 0.0639902411066377, 0.0130947927472293, 0.0834880176361298
0.000180548333333333, 3.46924938070751, 0.527026482877842, 4.63635715640051, 4.68647918388952, 0.0639902411066377, 0.0130947927472293, 0.0834880176361298
0.000181011277777777, 3.46924938070751, 0.527026482877842, 4.63635715640051, 4.68647918388952, 0.0639902411066377, 0.0130947927472293, 0.0834880176361298
0.000181474222222222, 3.46924938070751, 0.527026482877842, 4.63635715640051, 4.68647918388952, 0.0639902411066377, 0.0130947927472293, 0.0834880176361298
0.000181937166666666, 3.46924938070751, 0.527026482877842, 4.63635715640051, 4.68647918388952, 0.0639902411066377, 0.0130947927472293, 0.0834880176361298
0.000182400111111111, 3.46924938070751, 0.527026482877842, 4.63635715640051, 4.68647918388952, 0.0639902411066377, 0.0130947927472293, 0.0834880176361298
0.000182863055555555, 3.46924938070751, 0.527026482877842, 4.63635715640051, 4.68647918388952, 0.0639902411066377, 0.0130947927472293, 0.0834880176361298
0.000183326, 3.46924938070751, 0.527026482877842, 4.63635715640051, 4.68647918388952, 0.0639902411066377, 0.0130947927472293, 0.0834880176361298
0.000183788944444444, 3.46924938070751, 0.527026482877842, 4.63635715640051, 4.68647918388952, 0.0639902411066377, 0.0130947927472293, 0.0834880176361298
0.000184251888888888, 3.46924938070751, 0.527026482877842, 4.63635715640051, 4.68647918388952, 0.0639902411066377, 0.0130947927472293, 0.0834880176361298
0.000184714833333333, 3.46924938070751, 0.527026482877842, 4.63635715640051, 4.68647918388952, 0.0639902411066377, 0.0130947927472293, 0.0834880176361298
0.000185177777777777, 3.46924938070751, 0.527026482877842, 4.63635715640051, 4.68647918388952, 0.0639902411066377, 0.0130947927472293, 0.0834880176361298
0.000185640722222222, 3.46924938070751, 0.527026482877842, 4.63635715640051, 4.68647918388952, 0.0639902411066377, 0.0130947927472293, 0.0834880176361298
0.000186103666666666, 3.46924938070751, 0.527026482877842, 4.63635715640051, 4.68647918388952, 0.0639902411066377, 0.0130947927472293, 0.0834880176361298
0.000186566611111111, 3.46924938070751, 0.527026482877842, 4.63635715640051, 4.68647918388952, 0.0639902411066377, 0.0130947927472293, 0.0834880176361298
0.000187029555555555, 3.46924938070751, 0.527026482877842, 4.63635715640051, 4.68647918388952, 0.0639902411066377, 0.0130947927472293, 0.0834880176361298
0.000187492499999999, 3.46924938070751, 0.527026482877842, 4.63635715640051, 4.68647918388952, 0.0639902411066377, 0.0130947927472293, 0.0834880176361298
0.000187955444444444, 3.46924938070751, 0.527026482877842, 4.63635715640051, 4.68647918388952, 0.0639902411066377, 0.0130947927472293, 0.0834880176361298
0.000188418388888888, 3.46924938070751, 0.527026482877842, 4.63635715640051, 4.68647918388952, 0.0639902411066377, 0.0130947927472293, 0.0834880176361298
0.000188881333333333, 3.46924938070751, 0.527026482877842, 4.63635715640051, 4.68647918388952, 0.0639902411066377, 0.0130947927472293, 0.0834880176361298
0.000189344277777777, 3.46924938070751, 0.527026482877842, 4.63635715640051, 4.68647918388952, 0.0639902411066377, 0.0130947927472293, 0.0834880176361298
0.000189807222222222, 3.46924938070751, 0.527026482877842, 4.63635715640051, 4.68647918388952, 0.0639902411066377, 0.0130947927472293, 0.0834880176361298
0.000190270166666666, 3.46924938070751, 0.527026482877842, 4.63635715640051, 4.68647918388952, 0.0639902411066377, 0.0130947927472293, 0.0834880176361298
0.000190733111111111, 3.46924938070751, 0.527026482877842, 4.63635715640051, 4.68647918388952, 0.0639902411066377, 0.0130947927472293, 0.0834880176361298
0.000191196055555555, 3.46924938070751, 0.527026482877842, 4.63635715640051, 4.68647918388952, 0.0639902411066377, 0.0130947927472293, 0.0834880176361298
0.000191658999999999, 3.46924938070751, 0.527026482877842, 4.63635715640051, 4.68647918388952, 0.0639902411066377, 0.0130947927472293, 0.0834880176361298
0.000192121944444444, 3.46924938070751, 0.527026482877842, 4.63635715640051, 4.68647918388952, 0.0639902411066377, 0.0130947927472293, 0.0834880176361298
0.000192584888888888, 3.46924938070751, 0.527026482877842, 4.63635715640051, 4.68647918388952, 0.0639902411066377, 0.0130947927472293, 0.0834880176361298
0.000193047833333333, 3.46924938070751, 0.527026482877842, 4.63635715640051, 4.68647918388952, 0.0639902411066377, 0.0130947927472293, 0.0834880176361298
0.000193510777777777, 3.46924938070751, 0.527026482877842, 4.63635715640051, 4.68647918388952, 0.0639902411066377, 0.0130947927472293, 0.0834880176361298
0.000193973722222222, 3.46924938070751, 0.527026482877842, 4.63635715640051, 4.68647918388952, 0.0639902411066377, 0.0130947927472293, 0.0834880176361298
0.000194436666666666, 3.46924938070751, 0.527026482877842, 4.63635715640051, 4.68647918388952, 0.0639902411066377, 0.0130947927472293, 0.0834880176361298
0.00019489961111111, 3.46924938070751, 0.527026482877842, 4.63635715640051, 4.68647918388952, 0.0639902411066377, 0.0130947927472293, 0.0834880176361298
0.000195362555555555, 3.46924938070751, 0.527026482877842, 4.63635715640051, 4.68647918388952, 0.0639902411066377, 0.0130947927472293, 0.0834880176361298
0.000195825499999999, 3.46924938070751, 0.527026482877842, 4.63635715640051, 4.68647918388952, 0.0639902411066377, 0.0130947927472293, 0.0834880176361298
0.000196288444444444, 3.46924938070751, 0.527026482877842, 4.63635715640051, 4.68647918388952, 0.0639902411066377, 0.0130947927472293, 0.0834880176361298
0.000196751388888888, 3.46924938070751, 0.527026482877842, 4.63635715640051, 4.68647918388952, 0.0639902411066377, 0.0130947927472293, 0.0834880176361298
0.000197214333333333, 3.46924938070751, 0.527026482877842, 4.63635715640051, 4.68647918388952, 0.0639902411066377, 0.0130947927472293, 0.0834880176361298
0.000197677277777777, 3.46924938070751, 0.527026482877842, 4.63635715640051, 4.68647918388952, 0.0639902411066377, 0.0130947927472293, 0.0834880176361298
0.000198140222222221, 3.46924938070751, 0.527026482877842, 4.63635715640051, 4.68647918388952, 0.0639902411066377, 0.0130947927472293, 0.0834880176361298
0.000198603166666666, 3.46924938070751, 0.527026482877842, 4.63635715640051, 4.68647918388952, 0.0639902411066377, 0.0130947927472293, 0.0834880176361298
0.00019906611111111, 3.46924938070751, 0.527026482877842, 4.63635715640051, 4.68647918388952, 0.0639902411066377, 0.0130947927472293, 0.0834880176361298
0.000199529055555555, 3.46924938070751, 0.527026482877842, 4.63635715640051, 4.68647918388952, 0.0639902411066377, 0.0130947927472293, 0.0834880176361298
0.000199991999999999, 3.46924938070751, 0.527026482877842, 4.63635715640051, 4.68647918388952, 0.0639902411066377, 0.0130947927472293, 0.0834880176361298
0.000200454944444444, 3.46924938070751, 0.527026482877842, 4.63635715640051, 4.68647918388952, 0.0639902411066377, 0.0130947927472293, 0.0834880176361298
0.000200917888888888, 3.46924938070751, 0.527026482877842, 4.63635715640051, 4.68647918388952, 0.0639902411066377, 0.0130947927472293, 0.0834880176361298
0.000201380833333333, 3.46924938070751, 0.527026482877842, 4.63635715640051, 4.68647918388952, 0.0639902411066377, 0.0130947927472293, 0.0834880176361298
0.000201843777777777, 3.46924938070751, 0.527026482877842, 4.63635715640051, 4.68647918388952, 0.0639902411066377, 0.0130947927472293, 0.0834880176361298
0.000202306722222221, 3.46924938070751, 0.527026482877842, 4.63635715640051, 4.68647918388952, 0.0639902411066377, 0.0130947927472293, 0.0834880176361298
0.000202769666666666, 3.46924938070751, 0.527026482877842, 4.63635715640051, 4.68647918388952, 0.0639902411066377, 0.0130947927472293, 0.0834880176361298
0.00020323261111111, 3.46924938070751, 0.527026482877842, 4.63635715640051, 4.68647918388952, 0.0639902411066377, 0.0130947927472293, 0.0834880176361298
0.000203695555555555, 3.46924938070751, 0.527026482877842, 4.63635715640051, 4.68647918388952, 0.0639902411066377, 0.0130947927472293, 0.0834880176361298
0.000204158499999999, 3.46924938070751, 0.527026482877842, 4.63635715640051, 4.68647918388952, 0.0639902411066377, 0.0130947927472293, 0.0834880176361298
0.000204621444444444, 3.46924938070751, 0.527026482877842, 4.63635715640051, 4.68647918388952, 0.0639902411066377, 0.0130947927472293, 0.0834880176361298
0.000205084388888888, 3.46924938070751, 0.527026482877842, 4.63635715640051, 4.68647918388952, 0.0639902411066377, 0.0130947927472293, 0.0834880176361298
0.000205547333333332, 3.46924938070751, 0.527026482877842, 4.63635715640051, 4.68647918388952, 0.0639902411066377, 0.0130947927472293, 0.0834880176361298
0.000206010277777777, 3.46924938070751, 0.527026482877842, 4.63635715640051, 4.68647918388952, 0.0639902411066377, 0.0130947927472293, 0.0834880176361298
0.000206473222222221, 3.46924938070751, 0.527026482877842, 4.63635715640051, 4.68647918388952, 0.0639902411066377, 0.0130947927472293, 0.0834880176361298
0.000206936166666666, 3.46924938070751, 0.527026482877842, 4.63635715640051, 4.68647918388952, 0.0639902411066377, 0.0130947927472293, 0.0834880176361298
0.00020739911111111, 3.46924938070751, 0.527026482877842, 4.63635715640051, 4.68647918388952, 0.0639902411066377, 0.0130947927472293, 0.0834880176361298
0.000207862055555555, 3.46924938070751, 0.527026482877842, 4.63635715640051, 4.68647918388952, 0.0639902411066377, 0.0130947927472293, 0.0834880176361298
0.000208324999999999, 3.46924938070751, 0.527026482877842, 4.63635715640051, 4.68647918388952, 0.0639902411066377, 0.0130947927472293, 0.0834880176361298
0.000208787944444443, 3.46924938070751, 0.527026482877842, 4.63635715640051, 4.68647918388952, 0.0639902411066377, 0.0130947927472293, 0.0834880176361298
0.000209250888888888, 3.46924938070751, 0.527026482877842, 4.63635715640051, 4.68647918388952, 0.0639902411066377, 0.0130947927472293, 0.0834880176361298
0.000209713833333332, 3.46924938070751, 0.527026482877842, 4.63635715640051, 4.68647918388952, 0.0639902411066377, 0.0130947927472293, 0.0834880176361298
0.000210176777777777, 3.46924938070751, 0.527026482877842, 4.63635715640051, 4.68647918388952, 0.0639902411066377, 0.0130947927472293, 0.0834880176361298
0.000210639722222221, 3.46924938070751, 0.527026482877842, 4.63635715640051, 4.68647918388952, 0.0639902411066377, 0.0130947927472293, 0.0834880176361298
0.000211102666666666, 3.46924938070751, 0.527026482877842, 4.63635715640051, 4.68647918388952, 0.0639902411066377, 0.0130947927472293, 0.0834880176361298
0.00021156561111111, 3.46924938070751, 0.527026482877842, 4.63635715640051, 4.68647918388952, 0.0639902411066377, 0.0130947927472293, 0.0834880176361298
0.000212028555555555, 3.46924938070751, 0.527026482877842, 4.63635715640051, 4.68647918388952, 0.0639902411066377, 0.0130947927472293, 0.0834880176361298
0.000212491499999999, 3.46924938070751, 0.527026482877842, 4.63635715640051, 4.68647918388952, 0.0639902411066377, 0.0130947927472293, 0.0834880176361298
0.000212954444444443, 3.46924938070751, 0.527026482877842, 4.63635715640051, 4.68647918388952, 0.0639902411066377, 0.0130947927472293, 0.0834880176361298
0.000213417388888888, 3.46924938070751, 0.527026482877842, 4.63635715640051, 4.68647918388952, 0.0639902411066377, 0.0130947927472293, 0.0834880176361298
0.000213880333333332, 3.46924938070751, 0.527026482877842, 4.63635715640051, 4.68647918388952, 0.0639902411066377, 0.0130947927472293, 0.0834880176361298
0.000214343277777777, 3.46924938070751, 0.527026482877842, 4.63635715640051, 4.68647918388952, 0.0639902411066377, 0.0130947927472293, 0.0834880176361298
0.000214806222222221, 3.46924938070751, 0.527026482877842, 4.63635715640051, 4.68647918388952, 0.0639902411066377, 0.0130947927472293, 0.0834880176361298
0.000215269166666666, 3.46924938070751, 0.527026482877842, 4.63635715640051, 4.68647918388952, 0.0639902411066377, 0.0130947927472293, 0.0834880176361298
0.00021573211111111, 3.46924938070751, 0.527026482877842, 4.63635715640051, 4.68647918388952, 0.0639902411066377, 0.0130947927472293, 0.0834880176361298
0.000216195055555554, 3.46924938070751, 0.527026482877842, 4.63635715640051, 4.68647918388952, 0.0639902411066377, 0.0130947927472293, 0.0834880176361298
0.000216657999999999, 3.46924938070751, 0.527026482877842, 4.63635715640051, 4.68647918388952, 0.0639902411066377, 0.0130947927472293, 0.0834880176361298
0.000217120944444443, 3.46924938070751, 0.527026482877842, 4.63635715640051, 4.68647918388952, 0.0639902411066377, 0.0130947927472293, 0.0834880176361298
0.000217583888888888, 3.46924938070751, 0.527026482877842, 4.63635715640051, 4.68647918388952, 0.0639902411066377, 0.0130947927472293, 0.0834880176361298
0.000218046833333332, 3.46924938070751, 0.527026482877842, 4.63635715640051, 4.68647918388952, 0.0639902411066377, 0.0130947927472293, 0.0834880176361298
0.000218509777777777, 3.46924938070751, 0.527026482877842, 4.63635715640051, 4.68647918388952, 0.0639902411066377, 0.0130947927472293, 0.0834880176361298
0.000218972722222221, 3.46924938070751, 0.527026482877842, 4.63635715640051, 4.68647918388952, 0.0639902411066377, 0.0130947927472293, 0.0834880176361298
0.000219435666666665, 3.46924938070751, 0.527026482877842, 4.63635715640051, 4.68647918388952, 0.0639902411066377, 0.0130947927472293, 0.0834880176361298
0.00021989861111111, 3.46924938070751, 0.527026482877842, 4.63635715640051, 4.68647918388952, 0.0639902411066377, 0.0130947927472293, 0.0834880176361298
0.000220361555555554, 3.46924938070751, 0.527026482877842, 4.63635715640051, 4.68647918388952, 0.0639902411066377, 0.0130947927472293, 0.0834880176361298
0.000220824499999999, 3.46924938070751, 0.527026482877842, 4.63635715640051, 4.68647918388952, 0.0639902411066377, 0.0130947927472293, 0.0834880176361298
0.000221287444444443, 3.46924938070751, 0.527026482877842, 4.63635715640051, 4.68647918388952, 0.0639902411066377, 0.0130947927472293, 0.0834880176361298
0.000221750388888888, 3.46924938070751, 0.527026482877842, 4.63635715640051, 4.68647918388952, 0.0639902411066377, 0.0130947927472293, 0.0834880176361298
0.000222213333333332, 3.46924938070751, 0.527026482877842, 4.63635715640051, 4.68647918388952, 0.0639902411066377, 0.0130947927472293, 0.0834880176361298
0.000222676277777776, 3.46924938070751, 0.527026482877842, 4.63635715640051, 4.68647918388952, 0.0639902411066377, 0.0130947927472293, 0.0834880176361298
0.000223139222222221, 3.46924938070751, 0.527026482877842, 4.63635715640051, 4.68647918388952, 0.0639902411066377, 0.0130947927472293, 0.0834880176361298
0.000223602166666665, 3.46924938070751, 0.527026482877842, 4.63635715640051, 4.68647918388952, 0.0639902411066377, 0.0130947927472293, 0.0834880176361298
0.00022406511111111, 3.46924938070751, 0.527026482877842, 4.63635715640051, 4.68647918388952, 0.0639902411066377, 0.0130947927472293, 0.0834880176361298
0.000224528055555554, 3.46924938070751, 0.527026482877842, 4.63635715640051, 4.68647918388952, 0.0639902411066377, 0.0130947927472293, 0.0834880176361298
0.000224990999999999, 3.46924938070751, 0.527026482877842, 4.63635715640051, 4.68647918388952, 0.0639902411066377, 0.0130947927472293, 0.0834880176361298
0.000225453944444443, 3.46924938070751, 0.527026482877842, 4.63635715640051, 4.68647918388952, 0.0639902411066377, 0.0130947927472293, 0.0834880176361298
0.000225916888888888, 3.46924938070751, 0.527026482877842, 4.63635715640051, 4.68647918388952, 0.0639902411066377, 0.0130947927472293, 0.0834880176361298
0.000226379833333332, 3.46924938070751, 0.527026482877842, 4.63635715640051, 4.68647918388952, 0.0639902411066377, 0.0130947927472293, 0.0834880176361298
0.000226842777777776, 3.46924938070751, 0.527026482877842, 4.63635715640051, 4.68647918388952, 0.0639902411066377, 0.0130947927472293, 0.0834880176361298
0.000227305722222221, 3.46924938070751, 0.527026482877842, 4.63635715640051, 4.68647918388952, 0.0639902411066377, 0.0130947927472293, 0.0834880176361298
0.000227768666666665, 3.46924938070751, 0.527026482877842, 4.63635715640051, 4.68647918388952, 0.0639902411066377, 0.0130947927472293, 0.0834880176361298
0.00022823161111111, 3.46924938070751, 0.527026482877842, 4.63635715640051, 4.68647918388952, 0.0639902411066377, 0.0130947927472293, 0.0834880176361298
0.000228694555555554, 3.46924938070751, 0.527026482877842, 4.63635715640051, 4.68647918388952, 0.0639902411066377, 0.0130947927472293, 0.0834880176361298
0.000229157499999999, 3.46924938070751, 0.527026482877842, 4.63635715640051, 4.68647918388952, 0.0639902411066377, 0.0130947927472293, 0.0834880176361298
0.000229620444444443, 3.46924938070751, 0.527026482877842, 4.63635715640051, 4.68647918388952, 0.0639902411066377, 0.0130947927472293, 0.0834880176361298
0.000230083388888887, 3.46924938070751, 0.527026482877842, 4.63635715640051, 4.68647918388952, 0.0639902411066377, 0.0130947927472293, 0.0834880176361298
0.000230546333333332, 3.46924938070751, 0.527026482877842, 4.63635715640051, 4.68647918388952, 0.0639902411066377, 0.0130947927472293, 0.0834880176361298
0.000231009277777776, 3.46924938070751, 0.527026482877842, 4.63635715640051, 4.68647918388952, 0.0639902411066377, 0.0130947927472293, 0.0834880176361298
0.000231472222222221, 3.46924938070751, 0.527026482877842, 4.63635715640051, 4.68647918388952, 0.0639902411066377, 0.0130947927472293, 0.0834880176361298
0.000231935166666665, 3.46924938070751, 0.527026482877842, 4.63635715640051, 4.68647918388952, 0.0639902411066377, 0.0130947927472293, 0.0834880176361298
0.00023239811111111, 3.46924938070751, 0.527026482877842, 4.63635715640051, 4.68647918388952, 0.0639902411066377, 0.0130947927472293, 0.0834880176361298
0.000232861055555554, 3.46924938070751, 0.527026482877842, 4.63635715640051, 4.68647918388952, 0.0639902411066377, 0.0130947927472293, 0.0834880176361298
0.000233323999999998, 3.46924938070751, 0.527026482877842, 4.63635715640051, 4.68647918388952, 0.0639902411066377, 0.0130947927472293, 0.0834880176361298
0.000233786944444443, 3.46924938070751, 0.527026482877842, 4.63635715640051, 4.68647918388952, 0.0639902411066377, 0.0130947927472293, 0.0834880176361298
0.000234249888888887, 3.46924938070751, 0.527026482877842, 4.63635715640051, 4.68647918388952, 0.0639902411066377, 0.0130947927472293, 0.0834880176361298
0.000234712833333332, 3.46924938070751, 0.527026482877842, 4.63635715640051, 4.68647918388952, 0.0639902411066377, 0.0130947927472293, 0.0834880176361298
0.000235175777777776, 3.46924938070751, 0.527026482877842, 4.63635715640051, 4.68647918388952, 0.0639902411066377, 0.0130947927472293, 0.0834880176361298
0.000235638722222221, 3.46924938070751, 0.527026482877842, 4.63635715640051, 4.68647918388952, 0.0639902411066377, 0.0130947927472293, 0.0834880176361298
0.000236101666666665, 3.46924938070751, 0.527026482877842, 4.63635715640051, 4.68647918388952, 0.0639902411066377, 0.0130947927472293, 0.0834880176361298
0.00023656461111111, 3.46924938070751, 0.527026482877842, 4.63635715640051, 4.68647918388952, 0.0639902411066377, 0.0130947927472293, 0.0834880176361298
0.000237027555555554, 3.46924938070751, 0.527026482877842, 4.63635715640051, 4.68647918388952, 0.0639902411066377, 0.0130947927472293, 0.0834880176361298
0.000237490499999998, 3.46924938070751, 0.527026482877842, 4.63635715640051, 4.68647918388952, 0.0639902411066377, 0.0130947927472293, 0.0834880176361298
0.000237953444444443, 3.46924938070751, 0.527026482877842, 4.63635715640051, 4.68647918388952, 0.0639902411066377, 0.0130947927472293, 0.0834880176361298
0.000238416388888887, 3.46924938070751, 0.527026482877842, 4.63635715640051, 4.68647918388952, 0.0639902411066377, 0.0130947927472293, 0.0834880176361298
0.000238879333333332, 3.46924938070751, 0.527026482877842, 4.63635715640051, 4.68647918388952, 0.0639902411066377, 0.0130947927472293, 0.0834880176361298
0.000239342277777776, 3.46924938070751, 0.527026482877842, 4.63635715640051, 4.68647918388952, 0.0639902411066377, 0.0130947927472293, 0.0834880176361298
0.000239805222222221, 3.46924938070751, 0.527026482877842, 4.63635715640051, 4.68647918388952, 0.0639902411066377, 0.0130947927472293, 0.0834880176361298
0.000240268166666665, 3.46924938070751, 0.527026482877842, 4.63635715640051, 4.68647918388952, 0.0639902411066377, 0.0130947927472293, 0.0834880176361298
0.000240731111111109, 3.46924938070751, 0.527026482877842, 4.63635715640051, 4.68647918388952, 0.0639902411066377, 0.0130947927472293, 0.0834880176361298
0.000241194055555554, 3.46924938070751, 0.527026482877842, 4.63635715640051, 4.68647918388952, 0.0639902411066377, 0.0130947927472293, 0.0834880176361298
0.000241656999999998, 3.46924938070751, 0.527026482877842, 4.63635715640051, 4.68647918388952, 0.0639902411066377, 0.0130947927472293, 0.0834880176361298
0.000242119944444443, 3.46924938070751, 0.527026482877842, 4.63635715640051, 4.68647918388952, 0.0639902411066377, 0.0130947927472293, 0.0834880176361298
0.000242582888888887, 3.46924938070751, 0.527026482877842, 4.63635715640051, 4.68647918388952, 0.0639902411066377, 0.0130947927472293, 0.0834880176361298
0.000243045833333332, 3.46924938070751, 0.527026482877842, 4.63635715640051, 4.68647918388952, 0.0639902411066377, 0.0130947927472293, 0.0834880176361298
0.000243508777777776, 3.46924938070751, 0.527026482877842, 4.63635715640051, 4.68647918388952, 0.0639902411066377, 0.0130947927472293, 0.0834880176361298
0.00024397172222222, 3.46924938070751, 0.527026482877842, 4.63635715640051, 4.68647918388952, 0.0639902411066377, 0.0130947927472293, 0.0834880176361298
0.000244434666666665, 3.46924938070751, 0.527026482877842, 4.63635715640051, 4.68647918388952, 0.0639902411066377, 0.0130947927472293, 0.0834880176361298
0.000244897611111109, 3.46924938070751, 0.527026482877842, 4.63635715640051, 4.68647918388952, 0.0639902411066377, 0.0130947927472293, 0.0834880176361298
0.000245360555555554, 3.46924938070751, 0.527026482877842, 4.63635715640051, 4.68647918388952, 0.0639902411066377, 0.0130947927472293, 0.0834880176361298
0.000245823499999998, 3.46924938070751, 0.527026482877842, 4.63635715640051, 4.68647918388952, 0.0639902411066377, 0.0130947927472293, 0.0834880176361298
0.000246286444444443, 3.46924938070751, 0.527026482877842, 4.63635715640051, 4.68647918388952, 0.0639902411066377, 0.0130947927472293, 0.0834880176361298
0.000246749388888887, 3.46924938070751, 0.527026482877842, 4.63635715640051, 4.68647918388952, 0.0639902411066377, 0.0130947927472293, 0.0834880176361298
0.000247212333333331, 3.46924938070751, 0.527026482877842, 4.63635715640051, 4.68647918388952, 0.0639902411066377, 0.0130947927472293, 0.0834880176361298
0.000247675277777776, 3.46924938070751, 0.527026482877842, 4.63635715640051, 4.68647918388952, 0.0639902411066377, 0.0130947927472293, 0.0834880176361298
0.00024813822222222, 3.46924938070751, 0.527026482877842, 4.63635715640051, 4.68647918388952, 0.0639902411066377, 0.0130947927472293, 0.0834880176361298
0.000248601166666665, 3.46924938070751, 0.527026482877842, 4.63635715640051, 4.68647918388952, 0.0639902411066377, 0.0130947927472293, 0.0834880176361298
0.000249064111111109, 3.46924938070751, 0.527026482877842, 4.63635715640051, 4.68647918388952, 0.0639902411066377, 0.0130947927472293, 0.0834880176361298
0.000249527055555554, 3.46924938070751, 0.527026482877842, 4.63635715640051, 4.68647918388952, 0.0639902411066377, 0.0130947927472293, 0.0834880176361298
0.000249989999999998, 3.46924938070751, 0.527026482877842, 4.63635715640051, 4.68647918388952, 0.0639902411066377, 0.0130947927472293, 0.0834880176361298
0.000250452944444443, 3.46924938070751, 0.527026482877842, 4.63635715640051, 4.68647918388952, 0.0639902411066377, 0.0130947927472293, 0.0834880176361298
0.000250915888888887, 3.46924938070751, 0.527026482877842, 4.63635715640051, 4.68647918388952, 0.0639902411066377, 0.0130947927472293, 0.0834880176361298
0.000251378833333331, 3.46924938070751, 0.527026482877842, 4.63635715640051, 4.68647918388952, 0.0639902411066377, 0.0130947927472293, 0.0834880176361298
0.000251841777777776, 3.46924938070751, 0.527026482877842, 4.63635715640051, 4.68647918388952, 0.0639902411066377, 0.0130947927472293, 0.0834880176361298
0.00025230472222222, 3.46924938070751, 0.527026482877842, 4.63635715640051, 4.68647918388952, 0.0639902411066377, 0.0130947927472293, 0.0834880176361298
0.000252767666666665, 3.46924938070751, 0.527026482877842, 4.63635715640051, 4.68647918388952, 0.0639902411066377, 0.0130947927472293, 0.0834880176361298
0.000253230611111109, 3.46924938070751, 0.527026482877842, 4.63635715640051, 4.68647918388952, 0.0639902411066377, 0.0130947927472293, 0.0834880176361298
0.000253693555555554, 3.46924938070751, 0.527026482877842, 4.63635715640051, 4.68647918388952, 0.0639902411066377, 0.0130947927472293, 0.0834880176361298
0.000254156499999998, 3.46924938070751, 0.527026482877842, 4.63635715640051, 4.68647918388952, 0.0639902411066377, 0.0130947927472293, 0.0834880176361298
0.000254619444444442, 3.46924938070751, 0.527026482877842, 4.63635715640051, 4.68647918388952, 0.0639902411066377, 0.0130947927472293, 0.0834880176361298
0.000255082388888887, 3.46924938070751, 0.527026482877842, 4.63635715640051, 4.68647918388952, 0.0639902411066377, 0.0130947927472293, 0.0834880176361298
0.000255545333333331, 3.46924938070751, 0.527026482877842, 4.63635715640051, 4.68647918388952, 0.0639902411066377, 0.0130947927472293, 0.0834880176361298
0.000256008277777776, 3.46924938070751, 0.527026482877842, 4.63635715640051, 4.68647918388952, 0.0639902411066377, 0.0130947927472293, 0.0834880176361298
0.00025647122222222, 3.46924938070751, 0.527026482877842, 4.63635715640051, 4.68647918388952, 0.0639902411066377, 0.0130947927472293, 0.0834880176361298
0.000256934166666665, 3.46924938070751, 0.527026482877842, 4.63635715640051, 4.68647918388952, 0.0639902411066377, 0.0130947927472293, 0.0834880176361298
0.000257397111111109, 3.46924938070751, 0.527026482877842, 4.63635715640051, 4.68647918388952, 0.0639902411066377, 0.0130947927472293, 0.0834880176361298
0.000257860055555553, 3.46924938070751, 0.527026482877842, 4.63635715640051, 4.68647918388952, 0.0639902411066377, 0.0130947927472293, 0.0834880176361298
0.000258322999999998, 3.46924938070751, 0.527026482877842, 4.63635715640051, 4.68647918388952, 0.0639902411066377, 0.0130947927472293, 0.0834880176361298
0.000258785944444442, 3.46924938070751, 0.527026482877842, 4.63635715640051, 4.68647918388952, 0.0639902411066377, 0.0130947927472293, 0.0834880176361298
0.000259248888888887, 3.46924938070751, 0.527026482877842, 4.63635715640051, 4.68647918388952, 0.0639902411066377, 0.0130947927472293, 0.0834880176361298
0.000259711833333331, 3.46924938070751, 0.527026482877842, 4.63635715640051, 4.68647918388952, 0.0639902411066377, 0.0130947927472293, 0.0834880176361298
0.000260174777777776, 3.46924938070751, 0.527026482877842, 4.63635715640051, 4.68647918388952, 0.0639902411066377, 0.0130947927472293, 0.0834880176361298
0.00026063772222222, 3.46924938070751, 0.527026482877842, 4.63635715640051, 4.68647918388952, 0.0639902411066377, 0.0130947927472293, 0.0834880176361298
0.000261100666666664, 3.46924938070751, 0.527026482877842, 4.63635715640051, 4.68647918388952, 0.0639902411066377, 0.0130947927472293, 0.0834880176361298
0.000261563611111109, 3.46924938070751, 0.527026482877842, 4.63635715640051, 4.68647918388952, 0.0639902411066377, 0.0130947927472293, 0.0834880176361298
0.000262026555555553, 3.46924938070751, 0.527026482877842, 4.63635715640051, 4.68647918388952, 0.0639902411066377, 0.0130947927472293, 0.0834880176361298
0.000262489499999998, 3.46924938070751, 0.527026482877842, 4.63635715640051, 4.68647918388952, 0.0639902411066377, 0.0130947927472293, 0.0834880176361298
0.000262952444444442, 3.46924938070751, 0.527026482877842, 4.63635715640051, 4.68647918388952, 0.0639902411066377, 0.0130947927472293, 0.0834880176361298
0.000263415388888887, 3.46924938070751, 0.527026482877842, 4.63635715640051, 4.68647918388952, 0.0639902411066377, 0.0130947927472293, 0.0834880176361298
0.000263878333333331, 3.46924938070751, 0.527026482877842, 4.63635715640051, 4.68647918388952, 0.0639902411066377, 0.0130947927472293, 0.0834880176361298
0.000264341277777776, 3.46924938070751, 0.527026482877842, 4.63635715640051, 4.68647918388952, 0.0639902411066377, 0.0130947927472293, 0.0834880176361298
0.00026480422222222, 3.46924938070751, 0.527026482877842, 4.63635715640051, 4.68647918388952, 0.0639902411066377, 0.0130947927472293, 0.0834880176361298
0.000265267166666664, 3.46924938070751, 0.527026482877842, 4.63635715640051, 4.68647918388952, 0.0639902411066377, 0.0130947927472293, 0.0834880176361298
0.000265730111111109, 3.46924938070751, 0.527026482877842, 4.63635715640051, 4.68647918388952, 0.0639902411066377, 0.0130947927472293, 0.0834880176361298
0.000266193055555553, 3.46924938070751, 0.527026482877842, 4.63635715640051, 4.68647918388952, 0.0639902411066377, 0.0130947927472293, 0.0834880176361298
0.000266655999999998, 3.46924938070751, 0.527026482877842, 4.63635715640051, 4.68647918388952, 0.0639902411066377, 0.0130947927472293, 0.0834880176361298
0.000267118944444442, 3.46924938070751, 0.527026482877842, 4.63635715640051, 4.68647918388952, 0.0639902411066377, 0.0130947927472293, 0.0834880176361298
0.000267581888888887, 3.46924938070751, 0.527026482877842, 4.63635715640051, 4.68647918388952, 0.0639902411066377, 0.0130947927472293, 0.0834880176361298
0.000268044833333331, 3.46924938070751, 0.527026482877842, 4.63635715640051, 4.68647918388952, 0.0639902411066377, 0.0130947927472293, 0.0834880176361298
0.000268507777777775, 3.46924938070751, 0.527026482877842, 4.63635715640051, 4.68647918388952, 0.0639902411066377, 0.0130947927472293, 0.0834880176361298
0.00026897072222222, 3.46924938070751, 0.527026482877842, 4.63635715640051, 4.68647918388952, 0.0639902411066377, 0.0130947927472293, 0.0834880176361298
0.000269433666666664, 3.46924938070751, 0.527026482877842, 4.63635715640051, 4.68647918388952, 0.0639902411066377, 0.0130947927472293, 0.0834880176361298
0.000269896611111109, 3.46924938070751, 0.527026482877842, 4.63635715640051, 4.68647918388952, 0.0639902411066377, 0.0130947927472293, 0.0834880176361298
0.000270359555555553, 3.46924938070751, 0.527026482877842, 4.63635715640051, 4.68647918388952, 0.0639902411066377, 0.0130947927472293, 0.0834880176361298
0.000270822499999998, 3.46924938070751, 0.527026482877842, 4.63635715640051, 4.68647918388952, 0.0639902411066377, 0.0130947927472293, 0.0834880176361298
0.000271285444444442, 3.46924938070751, 0.527026482877842, 4.63635715640051, 4.68647918388952, 0.0639902411066377, 0.0130947927472293, 0.0834880176361298
0.000271748388888886, 3.46924938070751, 0.527026482877842, 4.63635715640051, 4.68647918388952, 0.0639902411066377, 0.0130947927472293, 0.0834880176361298
0.000272211333333331, 3.46924938070751, 0.527026482877842, 4.63635715640051, 4.68647918388952, 0.0639902411066377, 0.0130947927472293, 0.0834880176361298
0.000272674277777775, 3.46924938070751, 0.527026482877842, 4.63635715640051, 4.68647918388952, 0.0639902411066377, 0.0130947927472293, 0.0834880176361298
0.00027313722222222, 3.46924938070751, 0.527026482877842, 4.63635715640051, 4.68647918388952, 0.0639902411066377, 0.0130947927472293, 0.0834880176361298
0.000273600166666664, 3.46924938070751, 0.527026482877842, 4.63635715640051, 4.68647918388952, 0.0639902411066377, 0.0130947927472293, 0.0834880176361298
0.000274063111111109, 3.46924938070751, 0.527026482877842, 4.63635715640051, 4.68647918388952, 0.0639902411066377, 0.0130947927472293, 0.0834880176361298
0.000274526055555553, 3.46924938070751, 0.527026482877842, 4.63635715640051, 4.68647918388952, 0.0639902411066377, 0.0130947927472293, 0.0834880176361298
0.000274988999999998, 3.46924938070751, 0.527026482877842, 4.63635715640051, 4.68647918388952, 0.0639902411066377, 0.0130947927472293, 0.0834880176361298
0.000275451944444442, 3.46924938070751, 0.527026482877842, 4.63635715640051, 4.68647918388952, 0.0639902411066377, 0.0130947927472293, 0.0834880176361298
0.000275914888888886, 3.46924938070751, 0.527026482877842, 4.63635715640051, 4.68647918388952, 0.0639902411066377, 0.0130947927472293, 0.0834880176361298
0.000276377833333331, 3.46924938070751, 0.527026482877842, 4.63635715640051, 4.68647918388952, 0.0639902411066377, 0.0130947927472293, 0.0834880176361298
0.000276840777777775, 3.46924938070751, 0.527026482877842, 4.63635715640051, 4.68647918388952, 0.0639902411066377, 0.0130947927472293, 0.0834880176361298
0.00027730372222222, 3.46924938070751, 0.527026482877842, 4.63635715640051, 4.68647918388952, 0.0639902411066377, 0.0130947927472293, 0.0834880176361298
0.000277766666666664, 3.46924938070751, 0.527026482877842, 4.63635715640051, 4.68647918388952, 0.0639902411066377, 0.0130947927472293, 0.0834880176361298
