"Hour", "Undervoltages", "Min Voltage", "Overvoltage", "Max Voltage", "Min Bus", "Max Bus", "LV Undervoltages", "Min LV Voltage", "LV Overvoltage", "Max LV Voltage", "Min LV Bus", "Max LV Bus"
Dëﬂ2Sü>, 0, 1.01999999871387, 0, 1.01999999999996, sourcebus, sourcebus, 0, 1.00974014019547, 0, 1.02034003304882, 113_2, 1756
Dëﬂ2SØ>, 0, 1.01999999870704, 0, 1.01999999999996, sourcebus, sourcebus, 0, 1.00973650387313, 0, 1.02033794000183, 113_2, 1756
Û¨'f˛L∑>, 0, 1.01999999870703, 0, 1.01999999999996, sourcebus, sourcebus, 0, 1.00973648480299, 0, 1.02033793416657, 113_2, 1756
Dëﬂ2Sø>, 0, 1.01999999870703, 0, 1.01999999999996, sourcebus, sourcebus, 0, 1.00973648475773, 0, 1.02033793416049, 113_2, 1756
À∫Àˇ”j√>, 0, 1.01999999870703, 0, 1.01999999999996, sourcebus, sourcebus, 0, 1.0097364847577, 0, 1.02033793416051, 113_2, 1756
Û¨'f˛L«>, 0, 1.01999999870703, 0, 1.01999999999996, sourcebus, sourcebus, 0, 1.0097364847577, 0, 1.02033793416051, 113_2, 1756
üÉÃ(/À>, 0, 1.01999999870703, 0, 1.01999999999996, sourcebus, sourcebus, 0, 1.0097364847577, 0, 1.02033793416051, 113_2, 1756
Eëﬂ2Sœ>, 0, 1.01999999870703, 0, 1.01999999999996, sourcebus, sourcebus, 0, 1.0097364847577, 0, 1.02033793416051, 113_2, 1756
∑¡ùÃæy—>, 0, 1.01999999870703, 0, 1.01999999999996, sourcebus, sourcebus, 0, 1.0097364847577, 0, 1.02033793416051, 113_2, 1756
Ã∫Àˇ”j”>, 0, 1.01999999870703, 0, 1.01999999999996, sourcebus, sourcebus, 0, 1.0097364847577, 0, 1.02033793416051, 113_2, 1756
‡≥˘2È[’>, 0, 1.01999999870703, 0, 1.01999999999996, sourcebus, sourcebus, 0, 1.0097364847577, 0, 1.02033793416051, 113_2, 1756
ı¨'f˛L◊>, 0, 1.01999999870703, 0, 1.01999999999996, sourcebus, sourcebus, 0, 1.0097364847577, 0, 1.02033793416051, 113_2, 1756
	¶Uô>Ÿ>, 0, 1.01999999870703, 0, 1.01999999999996, sourcebus, sourcebus, 0, 1.0097364847577, 0, 1.02033793416051, 113_2, 1756
üÉÃ(/€>, 0, 1.01999999870703, 0, 1.01999999999996, sourcebus, sourcebus, 0, 1.0097364847577, 0, 1.02033793416051, 113_2, 1756
2ò±ˇ= ›>, 0, 1.01999999870703, 0, 1.01999999999996, sourcebus, sourcebus, 0, 1.0097364847577, 0, 1.02033793416051, 113_2, 1756
Gëﬂ2Sﬂ>, 0, 1.01999999870703, 0, 1.01999999999996, sourcebus, sourcebus, 0, 1.0097364847577, 0, 1.02033793416051, 113_2, 1756
.≈34Å‡>, 0, 1.01999999870703, 0, 1.01999999999996, sourcebus, sourcebus, 0, 1.0097364847577, 0, 1.02033793416051, 113_2, 1756
∏¡ùÃæy·>, 0, 1.01999999870703, 0, 1.01999999999996, sourcebus, sourcebus, 0, 1.0097364847577, 0, 1.02033793416051, 113_2, 1756
Bæ4fIr‚>, 0, 1.01999999870703, 0, 1.01999999999996, sourcebus, sourcebus, 0, 1.0097364847577, 0, 1.02033793416051, 113_2, 1756
Ã∫Àˇ”j„>, 0, 1.01999999870703, 0, 1.01999999999996, sourcebus, sourcebus, 0, 1.0097364847577, 0, 1.02033793416051, 113_2, 1756
U∑bô^c‰>, 0, 1.01999999870703, 0, 1.01999999999996, sourcebus, sourcebus, 0, 1.0097364847577, 0, 1.02033793416051, 113_2, 1756
ﬂ≥˘2È[Â>, 0, 1.01999999870703, 0, 1.01999999999996, sourcebus, sourcebus, 0, 1.0097364847577, 0, 1.02033793416051, 113_2, 1756
i∞êÃsTÊ>, 0, 1.01999999870703, 0, 1.01999999999996, sourcebus, sourcebus, 0, 1.0097364847577, 0, 1.02033793416051, 113_2, 1756
Ú¨'f˛LÁ>, 0, 1.01999999870703, 0, 1.01999999999996, sourcebus, sourcebus, 0, 1.0097364847577, 0, 1.02033793416051, 113_2, 1756
|©æˇàEË>, 0, 1.01999999870703, 0, 1.01999999999996, sourcebus, sourcebus, 0, 1.0097364847577, 0, 1.02033793416051, 113_2, 1756
¶Uô>È>, 0, 1.01999999870703, 0, 1.01999999999996, sourcebus, sourcebus, 0, 1.0097364847577, 0, 1.02033793416051, 113_2, 1756
è¢Ï2û6Í>, 0, 1.01999999870703, 0, 1.01999999999996, sourcebus, sourcebus, 0, 1.0097364847577, 0, 1.02033793416051, 113_2, 1756
üÉÃ(/Î>, 0, 1.01999999870703, 0, 1.01999999999996, sourcebus, sourcebus, 0, 1.0097364847577, 0, 1.02033793416051, 113_2, 1756
£õf≥'Ï>, 0, 1.01999999870703, 0, 1.01999999999996, sourcebus, sourcebus, 0, 1.0097364847577, 0, 1.02033793416051, 113_2, 1756
,ò±ˇ= Ì>, 0, 1.01999999870703, 0, 1.01999999999996, sourcebus, sourcebus, 0, 1.0097364847577, 0, 1.02033793416051, 113_2, 1756
∂îHô»Ó>, 0, 1.01999999870703, 0, 1.01999999999996, sourcebus, sourcebus, 0, 1.0097364847577, 0, 1.02033793416051, 113_2, 1756
@ëﬂ2SÔ>, 0, 1.01999999870703, 0, 1.01999999999996, sourcebus, sourcebus, 0, 1.0097364847577, 0, 1.02033793416051, 113_2, 1756
ÂF;ÊÓ>, 0, 1.01999999870703, 0, 1.01999999999996, sourcebus, sourcebus, 0, 1.0097364847577, 0, 1.02033793416051, 113_2, 1756
*≈34Å>, 0, 1.01999999870703, 0, 1.01999999999996, sourcebus, sourcebus, 0, 1.0097364847577, 0, 1.02033793416051, 113_2, 1756
nC“y˝>, 0, 1.01999999870703, 0, 1.01999999999996, sourcebus, sourcebus, 0, 1.0097364847577, 0, 1.02033793416051, 113_2, 1756
≥¡ùÃæyÒ>, 0, 1.01999999870703, 0, 1.01999999999996, sourcebus, sourcebus, 0, 1.0097364847577, 0, 1.02033793416051, 113_2, 1756
¯?iˆÒ>, 0, 1.01999999870703, 0, 1.01999999999996, sourcebus, sourcebus, 0, 1.0097364847577, 0, 1.02033793416051, 113_2, 1756
=æ4fIrÚ>, 0, 1.01999999870703, 0, 1.01999999999996, sourcebus, sourcebus, 0, 1.0097364847577, 0, 1.02033793416051, 113_2, 1756
É<≥éÓÚ>, 0, 1.01999999870703, 0, 1.01999999999996, sourcebus, sourcebus, 0, 1.0097364847577, 0, 1.02033793416051, 113_2, 1756
»∫Àˇ”jÛ>, 0, 1.01999999870703, 0, 1.01999999999996, sourcebus, sourcebus, 0, 1.0097364847577, 0, 1.02033793416051, 113_2, 1756
9óLÁÛ>, 0, 1.01999999870703, 0, 1.01999999999996, sourcebus, sourcebus, 0, 1.0097364847577, 0, 1.02033793416051, 113_2, 1756
S∑bô^cÙ>, 0, 1.01999999870703, 0, 1.01999999999996, sourcebus, sourcebus, 0, 1.0097364847577, 0, 1.02033793416051, 113_2, 1756
ò5.Ê£ﬂÙ>, 0, 1.01999999870703, 0, 1.01999999999996, sourcebus, sourcebus, 0, 1.0097364847577, 0, 1.02033793416051, 113_2, 1756
ﬁ≥˘2È[ı>, 0, 1.01999999870703, 0, 1.01999999999996, sourcebus, sourcebus, 0, 1.0097364847577, 0, 1.02033793416051, 113_2, 1756
#2≈.ÿı>, 0, 1.01999999870703, 0, 1.01999999999996, sourcebus, sourcebus, 0, 1.0097364847577, 0, 1.02033793416051, 113_2, 1756
i∞êÃsTˆ>, 0, 1.01999999870703, 0, 1.01999999999996, sourcebus, sourcebus, 0, 1.0097364847577, 0, 1.02033793416051, 113_2, 1756
Æ.\π–ˆ>, 0, 1.01999999870703, 0, 1.01999999999996, sourcebus, sourcebus, 0, 1.0097364847577, 0, 1.02033793416051, 113_2, 1756
Û¨'f˛L˜>, 0, 1.01999999870703, 0, 1.01999999999996, sourcebus, sourcebus, 0, 1.0097364847577, 0, 1.02033793416051, 113_2, 1756
9+Û≤C…˜>, 0, 1.01999999870703, 0, 1.01999999999996, sourcebus, sourcebus, 0, 1.0097364847577, 0, 1.02033793416051, 113_2, 1756
~©æˇàE¯>, 0, 1.01999999870703, 0, 1.01999999999996, sourcebus, sourcebus, 0, 1.0097364847577, 0, 1.02033793416051, 113_2, 1756
ƒ'äLŒ¡¯>, 0, 1.01999999870703, 0, 1.01999999999996, sourcebus, sourcebus, 0, 1.0097364847577, 0, 1.02033793416051, 113_2, 1756
	¶Uô>˘>, 0, 1.01999999870703, 0, 1.01999999999996, sourcebus, sourcebus, 0, 1.0097364847577, 0, 1.02033793416051, 113_2, 1756
O$!ÊX∫˘>, 0, 1.01999999870703, 0, 1.01999999999996, sourcebus, sourcebus, 0, 1.0097364847577, 0, 1.02033793416051, 113_2, 1756
î¢Ï2û6˙>, 0, 1.01999999870703, 0, 1.01999999999996, sourcebus, sourcebus, 0, 1.0097364847577, 0, 1.02033793416051, 113_2, 1756
Ÿ ∏„≤˙>, 0, 1.01999999870703, 0, 1.01999999999996, sourcebus, sourcebus, 0, 1.0097364847577, 0, 1.02033793416051, 113_2, 1756
üÉÃ(/˚>, 0, 1.01999999870703, 0, 1.01999999999996, sourcebus, sourcebus, 0, 1.0097364847577, 0, 1.02033793416051, 113_2, 1756
dOn´˚>, 0, 1.01999999870703, 0, 1.01999999999996, sourcebus, sourcebus, 0, 1.0097364847577, 0, 1.02033793416051, 113_2, 1756
™õf≥'¸>, 0, 1.01999999870703, 0, 1.01999999999996, sourcebus, sourcebus, 0, 1.0097364847577, 0, 1.02033793416051, 113_2, 1756
ÔÊ≤¯£¸>, 0, 1.01999999870703, 0, 1.01999999999996, sourcebus, sourcebus, 0, 1.0097364847577, 0, 1.02033793416051, 113_2, 1756
4ò±ˇ= ˝>, 0, 1.01999999870703, 0, 1.01999999999996, sourcebus, sourcebus, 0, 1.0097364847577, 0, 1.02033793416051, 113_2, 1756
z}LÉú˝>, 0, 1.01999999870703, 0, 1.01999999999996, sourcebus, sourcebus, 0, 1.0097364847577, 0, 1.02033793416051, 113_2, 1756
øîHô»˛>, 0, 1.01999999870703, 0, 1.01999999999996, sourcebus, sourcebus, 0, 1.0097364847577, 0, 1.02033793416051, 113_2, 1756
Êï˛>, 0, 1.01999999870703, 0, 1.01999999999996, sourcebus, sourcebus, 0, 1.0097364847577, 0, 1.02033793416051, 113_2, 1756
Jëﬂ2Sˇ>, 0, 1.01999999870703, 0, 1.01999999999996, sourcebus, sourcebus, 0, 1.0097364847577, 0, 1.02033793416051, 113_2, 1756
è´òçˇ>, 0, 1.01999999870703, 0, 1.01999999999996, sourcebus, sourcebus, 0, 1.0097364847577, 0, 1.02033793416051, 113_2, 1756
ÍF;ÊÓ?, 0, 1.01999999870703, 0, 1.01999999999996, sourcebus, sourcebus, 0, 1.0097364847577, 0, 1.02033793416051, 113_2, 1756
°åC?, 0, 1.01999999870703, 0, 1.01999999999996, sourcebus, sourcebus, 0, 1.0097364847577, 0, 1.02033793416051, 113_2, 1756
0≈34Å?, 0, 1.01999999870703, 0, 1.01999999999996, sourcebus, sourcebus, 0, 1.0097364847577, 0, 1.02033793416051, 113_2, 1756
RÑlŸVø?, 0, 1.01999999870703, 0, 1.01999999999996, sourcebus, sourcebus, 0, 1.0097364847577, 0, 1.02033793416051, 113_2, 1756
uC“y˝?, 0, 1.01999999870703, 0, 1.01999999999996, sourcebus, sourcebus, 0, 1.0097364847577, 0, 1.02033793416051, 113_2, 1756
ò8&ú;?, 0, 1.01999999870703, 0, 1.01999999999996, sourcebus, sourcebus, 0, 1.0097364847577, 0, 1.02033793416051, 113_2, 1756
ª¡ùÃæy?, 0, 1.01999999870703, 0, 1.01999999999996, sourcebus, sourcebus, 0, 1.0097364847577, 0, 1.02033793416051, 113_2, 1756
›Äs·∑?, 0, 1.01999999870703, 0, 1.01999999999996, sourcebus, sourcebus, 0, 1.0097364847577, 0, 1.02033793416051, 113_2, 1756
@iˆ?, 0, 1.01999999870703, 0, 1.01999999999996, sourcebus, sourcebus, 0, 1.0097364847577, 0, 1.02033793416051, 113_2, 1756
#ˇŒø&4?, 0, 1.01999999870703, 0, 1.01999999999996, sourcebus, sourcebus, 0, 1.0097364847577, 0, 1.02033793416051, 113_2, 1756
Eæ4fIr?, 0, 1.01999999870703, 0, 1.01999999999996, sourcebus, sourcebus, 0, 1.0097364847577, 0, 1.02033793416051, 113_2, 1756
h}öl∞?, 0, 1.01999999870703, 0, 1.01999999999996, sourcebus, sourcebus, 0, 1.0097364847577, 0, 1.02033793416051, 113_2, 1756
ä<≥éÓ?, 0, 1.01999999870703, 0, 1.01999999999996, sourcebus, sourcebus, 0, 1.0097364847577, 0, 1.02033793416051, 113_2, 1756
¨˚eY±,?, 0, 1.01999999870703, 0, 1.01999999999996, sourcebus, sourcebus, 0, 1.0097364847577, 0, 1.02033793416051, 113_2, 1756
Œ∫Àˇ”j?, 0, 1.01999999870703, 0, 1.01999999999996, sourcebus, sourcebus, 0, 1.0097364847577, 0, 1.02033793416051, 113_2, 1756
y1¶ˆ®?, 0, 1.01999999870703, 0, 1.01999999999996, sourcebus, sourcebus, 0, 1.0097364847577, 0, 1.02033793416051, 113_2, 1756
9óLÁ?, 0, 1.01999999870703, 0, 1.01999999999996, sourcebus, sourcebus, 0, 1.0097364847577, 0, 1.02033793416051, 113_2, 1756
4¯¸Ú;%?, 0, 1.01999999870703, 0, 1.01999999999996, sourcebus, sourcebus, 0, 1.0097364847577, 0, 1.02033793416051, 113_2, 1756
V∑bô^c?, 0, 1.01999999870703, 0, 1.01999999999996, sourcebus, sourcebus, 0, 1.0097364847577, 0, 1.02033793416051, 113_2, 1756
yv»?Å°?, 0, 1.01999999870703, 0, 1.01999999999996, sourcebus, sourcebus, 0, 1.0097364847577, 0, 1.02033793416051, 113_2, 1756
õ5.Ê£ﬂ?, 0, 1.01999999870703, 0, 1.01999999999996, sourcebus, sourcebus, 0, 1.0097364847577, 0, 1.02033793416051, 113_2, 1756
ΩÙìå∆?, 0, 1.01999999870703, 0, 1.01999999999996, sourcebus, sourcebus, 0, 1.0097364847577, 0, 1.02033793416051, 113_2, 1756
ﬂ≥˘2È[?, 0, 1.01999999870703, 0, 1.01999999999996, sourcebus, sourcebus, 0, 1.0097364847577, 0, 1.02033793416051, 113_2, 1756
s_Ÿö?, 0, 1.01999999870703, 0, 1.01999999999996, sourcebus, sourcebus, 0, 1.0097364847577, 0, 1.02033793416051, 113_2, 1756
#2≈.ÿ?, 0, 1.01999999870703, 0, 1.01999999999996, sourcebus, sourcebus, 0, 1.0097364847577, 0, 1.02033793416051, 113_2, 1756
EÒ*&Q?, 0, 1.01999999870703, 0, 1.01999999999996, sourcebus, sourcebus, 0, 1.0097364847577, 0, 1.02033793416051, 113_2, 1756
h∞êÃsT?, 0, 1.01999999870703, 0, 1.01999999999996, sourcebus, sourcebus, 0, 1.0097364847577, 0, 1.02033793416051, 113_2, 1756
äoˆrñí?, 0, 1.01999999870703, 0, 1.01999999999996, sourcebus, sourcebus, 0, 1.0097364847577, 0, 1.02033793416051, 113_2, 1756
¨.\π–?, 0, 1.01999999870703, 0, 1.01999999999996, sourcebus, sourcebus, 0, 1.0097364847577, 0, 1.02033793416051, 113_2, 1756
ŒÌ¡ø€?, 0, 1.01999999870703, 0, 1.01999999999996, sourcebus, sourcebus, 0, 1.0097364847577, 0, 1.02033793416051, 113_2, 1756
¨'f˛L?, 0, 1.01999999870703, 0, 1.01999999999996, sourcebus, sourcebus, 0, 1.0097364847577, 0, 1.02033793416051, 113_2, 1756
lç!ã?, 0, 1.01999999870703, 0, 1.01999999999996, sourcebus, sourcebus, 0, 1.0097364847577, 0, 1.02033793416051, 113_2, 1756
4+Û≤C…?, 0, 1.01999999870703, 0, 1.01999999999996, sourcebus, sourcebus, 0, 1.0097364847577, 0, 1.02033793416051, 113_2, 1756
VÍXYf?, 0, 1.01999999870703, 0, 1.01999999999996, sourcebus, sourcebus, 0, 1.0097364847577, 0, 1.02033793416051, 113_2, 1756
y©æˇàE?, 0, 1.01999999870703, 0, 1.01999999999996, sourcebus, sourcebus, 0, 1.0097364847577, 0, 1.02033793416051, 113_2, 1756
õh$¶´É?, 0, 1.01999999870703, 0, 1.01999999999996, sourcebus, sourcebus, 0, 1.0097364847577, 0, 1.02033793416051, 113_2, 1756
Ω'äLŒ¡?, 0, 1.01999999870703, 0, 1.01999999999996, sourcebus, sourcebus, 0, 1.0097364847577, 0, 1.02033793416051, 113_2, 1756
ﬂÊÔÚˇ?, 0, 1.01999999870703, 0, 1.01999999999996, sourcebus, sourcebus, 0, 1.0097364847577, 0, 1.02033793416051, 113_2, 1756
¶Uô>	?, 0, 1.01999999870703, 0, 1.01999999999996, sourcebus, sourcebus, 0, 1.0097364847577, 0, 1.02033793416051, 113_2, 1756
#eª?6|	?, 0, 1.01999999870703, 0, 1.01999999999996, sourcebus, sourcebus, 0, 1.0097364847577, 0, 1.02033793416051, 113_2, 1756
E$!ÊX∫	?, 0, 1.01999999870703, 0, 1.01999999999996, sourcebus, sourcebus, 0, 1.0097364847577, 0, 1.02033793416051, 113_2, 1756
h„Üå{¯	?, 0, 1.01999999870703, 0, 1.01999999999996, sourcebus, sourcebus, 0, 1.0097364847577, 0, 1.02033793416051, 113_2, 1756
ä¢Ï2û6
, 0, 1.01999999870703, 0, 1.01999999999996, sourcebus, sourcebus, 0, 1.0097364847577, 0, 1.02033793416051, 113_2, 1756
¨aRŸ¿t
, 0, 1.01999999870703, 0, 1.01999999999996, sourcebus, sourcebus, 0, 1.0097364847577, 0, 1.02033793416051, 113_2, 1756
Œ ∏„≤
, 0, 1.01999999870703, 0, 1.01999999999996, sourcebus, sourcebus, 0, 1.0097364847577, 0, 1.02033793416051, 113_2, 1756
ﬂ&Ò
, 0, 1.01999999870703, 0, 1.01999999999996, sourcebus, sourcebus, 0, 1.0097364847577, 0, 1.02033793416051, 113_2, 1756
üÉÃ(/?, 0, 1.01999999870703, 0, 1.01999999999996, sourcebus, sourcebus, 0, 1.0097364847577, 0, 1.02033793416051, 113_2, 1756
4^ÈrKm?, 0, 1.01999999870703, 0, 1.01999999999996, sourcebus, sourcebus, 0, 1.0097364847577, 0, 1.02033793416051, 113_2, 1756
VOn´?, 0, 1.01999999870703, 0, 1.01999999999996, sourcebus, sourcebus, 0, 1.0097364847577, 0, 1.02033793416051, 113_2, 1756
y‹¥øêÈ?, 0, 1.01999999870703, 0, 1.01999999999996, sourcebus, sourcebus, 0, 1.0097364847577, 0, 1.02033793416051, 113_2, 1756
õõf≥'?, 0, 1.01999999870703, 0, 1.01999999999996, sourcebus, sourcebus, 0, 1.0097364847577, 0, 1.02033793416051, 113_2, 1756
ΩZÄ÷e?, 0, 1.01999999870703, 0, 1.01999999999996, sourcebus, sourcebus, 0, 1.0097364847577, 0, 1.02033793416051, 113_2, 1756
ﬂÊ≤¯£?, 0, 1.01999999870703, 0, 1.01999999999996, sourcebus, sourcebus, 0, 1.0097364847577, 0, 1.02033793416051, 113_2, 1756
ŸKY‚?, 0, 1.01999999870703, 0, 1.01999999999996, sourcebus, sourcebus, 0, 1.0097364847577, 0, 1.02033793416051, 113_2, 1756
#ò±ˇ= ?, 0, 1.01999999870703, 0, 1.01999999999996, sourcebus, sourcebus, 0, 1.0097364847577, 0, 1.02033793416051, 113_2, 1756
EW¶`^?, 0, 1.01999999870703, 0, 1.01999999999996, sourcebus, sourcebus, 0, 1.0097364847577, 0, 1.02033793416051, 113_2, 1756
h}LÉú?, 0, 1.01999999870703, 0, 1.01999999999996, sourcebus, sourcebus, 0, 1.0097364847577, 0, 1.02033793416051, 113_2, 1756
ä’‚Ú•⁄?, 0, 1.01999999870703, 0, 1.01999999999996, sourcebus, sourcebus, 0, 1.0097364847577, 0, 1.02033793416051, 113_2, 1756
¨îHô»?, 0, 1.01999999870703, 0, 1.01999999999996, sourcebus, sourcebus, 0, 1.0097364847577, 0, 1.02033793416051, 113_2, 1756
ŒSÆ?ÎV?, 0, 1.01999999870703, 0, 1.01999999999996, sourcebus, sourcebus, 0, 1.0097364847577, 0, 1.02033793416051, 113_2, 1756
Êï?, 0, 1.01999999870703, 0, 1.01999999999996, sourcebus, sourcebus, 0, 1.0097364847577, 0, 1.02033793416051, 113_2, 1756
“yå0”?, 0, 1.01999999870703, 0, 1.01999999999996, sourcebus, sourcebus, 0, 1.0097364847577, 0, 1.02033793416051, 113_2, 1756
4ëﬂ2S?, 0, 1.01999999870703, 0, 1.01999999999996, sourcebus, sourcebus, 0, 1.0097364847577, 0, 1.02033793416051, 113_2, 1756
VPEŸuO?, 0, 1.01999999870703, 0, 1.01999999999996, sourcebus, sourcebus, 0, 1.0097364847577, 0, 1.02033793416051, 113_2, 1756
y´òç?, 0, 1.01999999870703, 0, 1.01999999999996, sourcebus, sourcebus, 0, 1.0097364847577, 0, 1.02033793416051, 113_2, 1756
õŒ&ªÀ?, 0, 1.01999999870703, 0, 1.01999999999996, sourcebus, sourcebus, 0, 1.0097364847577, 0, 1.02033793416051, 113_2, 1756
ﬁF;ÊÓ?, 0, 1.01999999870703, 0, 1.01999999999996, sourcebus, sourcebus, 0, 1.0097364847577, 0, 1.02033793416051, 113_2, 1756
p&n9$?, 0, 1.01999999870703, 0, 1.01999999999996, sourcebus, sourcebus, 0, 1.0097364847577, 0, 1.02033793416051, 113_2, 1756
°åC?, 0, 1.01999999870703, 0, 1.01999999999996, sourcebus, sourcebus, 0, 1.0097364847577, 0, 1.02033793416051, 113_2, 1756
íÂ”ﬂ"b?, 0, 1.01999999870703, 0, 1.01999999999996, sourcebus, sourcebus, 0, 1.0097364847577, 0, 1.02033793416051, 113_2, 1756
#≈34Å?, 0, 1.01999999870703, 0, 1.01999999999996, sourcebus, sourcebus, 0, 1.0097364847577, 0, 1.02033793416051, 113_2, 1756
¥§9ÜE, 0, 1.01999999870703, 0, 1.01999999999996, sourcebus, sourcebus, 0, 1.0097364847577, 0, 1.02033793416051, 113_2, 1756
EÑlŸVø?, 0, 1.01999999870703, 0, 1.01999999999996, sourcebus, sourcebus, 0, 1.0097364847577, 0, 1.02033793416051, 113_2, 1756
÷cü,hﬁ?, 0, 1.01999999870703, 0, 1.01999999999996, sourcebus, sourcebus, 0, 1.0097364847577, 0, 1.02033793416051, 113_2, 1756
gC“y˝?, 0, 1.01999999870703, 0, 1.01999999999996, sourcebus, sourcebus, 0, 1.0097364847577, 0, 1.02033793416051, 113_2, 1756
¯"”ä?, 0, 1.01999999870703, 0, 1.01999999999996, sourcebus, sourcebus, 0, 1.0097364847577, 0, 1.02033793416051, 113_2, 1756
â8&ú;?, 0, 1.01999999870703, 0, 1.01999999999996, sourcebus, sourcebus, 0, 1.0097364847577, 0, 1.02033793416051, 113_2, 1756
‚jy≠Z?, 0, 1.01999999870703, 0, 1.01999999999996, sourcebus, sourcebus, 0, 1.0097364847577, 0, 1.02033793416051, 113_2, 1756
´¡ùÃæy?, 0, 1.01999999870703, 0, 1.01999999999996, sourcebus, sourcebus, 0, 1.0097364847577, 0, 1.02033793416051, 113_2, 1756
<°––ò?, 0, 1.01999999870703, 0, 1.01999999999996, sourcebus, sourcebus, 0, 1.0097364847577, 0, 1.02033793416051, 113_2, 1756
ÕÄs·∑?, 0, 1.01999999870703, 0, 1.01999999999996, sourcebus, sourcebus, 0, 1.0097364847577, 0, 1.02033793416051, 113_2, 1756
^`6∆Ú÷?, 0, 1.01999999870703, 0, 1.01999999999996, sourcebus, sourcebus, 0, 1.0097364847577, 0, 1.02033793416051, 113_2, 1756
?iˆ?, 0, 1.01999999870703, 0, 1.01999999999996, sourcebus, sourcebus, 0, 1.0097364847577, 0, 1.02033793416051, 113_2, 1756
Åúl?, 0, 1.01999999870703, 0, 1.01999999999996, sourcebus, sourcebus, 0, 1.0097364847577, 0, 1.02033793416051, 113_2, 1756
ˇŒø&4?, 0, 1.01999999870703, 0, 1.01999999999996, sourcebus, sourcebus, 0, 1.0097364847577, 0, 1.02033793416051, 113_2, 1756
£ﬁ8S?, 0, 1.01999999870703, 0, 1.01999999999996, sourcebus, sourcebus, 0, 1.0097364847577, 0, 1.02033793416051, 113_2, 1756
4æ4fIr?, 0, 1.01999999870703, 0, 1.01999999999996, sourcebus, sourcebus, 0, 1.0097364847577, 0, 1.02033793416051, 113_2, 1756
∆ùgπZë?, 0, 1.01999999870703, 0, 1.01999999999996, sourcebus, sourcebus, 0, 1.0097364847577, 0, 1.02033793416051, 113_2, 1756
X}öl∞?, 0, 1.01999999870703, 0, 1.01999999999996, sourcebus, sourcebus, 0, 1.0097364847577, 0, 1.02033793416051, 113_2, 1756
È\Õ_}œ?, 0, 1.01999999870703, 0, 1.01999999999996, sourcebus, sourcebus, 0, 1.0097364847577, 0, 1.02033793416051, 113_2, 1756
{<≥éÓ?, 0, 1.01999999870703, 0, 1.01999999999996, sourcebus, sourcebus, 0, 1.0097364847577, 0, 1.02033793416051, 113_2, 1756
3, 0, 1.01999999870703, 0, 1.01999999999996, sourcebus, sourcebus, 0, 1.0097364847577, 0, 1.02033793416051, 113_2, 1756
û˚eY±,?, 0, 1.01999999870703, 0, 1.01999999999996, sourcebus, sourcebus, 0, 1.0097364847577, 0, 1.02033793416051, 113_2, 1756
0€ò¨¬K?, 0, 1.01999999870703, 0, 1.01999999999996, sourcebus, sourcebus, 0, 1.0097364847577, 0, 1.02033793416051, 113_2, 1756
¡∫Àˇ”j?, 0, 1.01999999870703, 0, 1.01999999999996, sourcebus, sourcebus, 0, 1.0097364847577, 0, 1.02033793416051, 113_2, 1756
Sö˛RÂâ?, 0, 1.01999999870703, 0, 1.01999999999996, sourcebus, sourcebus, 0, 1.0097364847577, 0, 1.02033793416051, 113_2, 1756
Ây1¶ˆ®?, 0, 1.01999999870703, 0, 1.01999999999996, sourcebus, sourcebus, 0, 1.0097364847577, 0, 1.02033793416051, 113_2, 1756
vYd˘»?, 0, 1.01999999870703, 0, 1.01999999999996, sourcebus, sourcebus, 0, 1.0097364847577, 0, 1.02033793416051, 113_2, 1756
9óLÁ?, 0, 1.01999999870703, 0, 1.01999999999996, sourcebus, sourcebus, 0, 1.0097364847577, 0, 1.02033793416051, 113_2, 1756
ö ü*?, 0, 1.01999999870703, 0, 1.01999999999996, sourcebus, sourcebus, 0, 1.0097364847577, 0, 1.02033793416051, 113_2, 1756
+¯¸Ú;%?, 0, 1.01999999870703, 0, 1.01999999999996, sourcebus, sourcebus, 0, 1.0097364847577, 0, 1.02033793416051, 113_2, 1756
Ω◊/FMD?, 0, 1.01999999870703, 0, 1.01999999999996, sourcebus, sourcebus, 0, 1.0097364847577, 0, 1.02033793416051, 113_2, 1756
O∑bô^c?, 0, 1.01999999870703, 0, 1.01999999999996, sourcebus, sourcebus, 0, 1.0097364847577, 0, 1.02033793416051, 113_2, 1756
‡ñïÏoÇ?, 0, 1.01999999870703, 0, 1.01999999999996, sourcebus, sourcebus, 0, 1.0097364847577, 0, 1.02033793416051, 113_2, 1756
rv»?Å°?, 0, 1.01999999870703, 0, 1.01999999999996, sourcebus, sourcebus, 0, 1.0097364847577, 0, 1.02033793416051, 113_2, 1756
V˚íí¿?, 0, 1.01999999870703, 0, 1.01999999999996, sourcebus, sourcebus, 0, 1.0097364847577, 0, 1.02033793416051, 113_2, 1756
ï5.Ê£ﬂ?, 0, 1.01999999870703, 0, 1.01999999999996, sourcebus, sourcebus, 0, 1.0097364847577, 0, 1.02033793416051, 113_2, 1756
'a9µ˛?, 0, 1.01999999870703, 0, 1.01999999999996, sourcebus, sourcebus, 0, 1.0097364847577, 0, 1.02033793416051, 113_2, 1756
∏Ùìå∆?, 0, 1.01999999870703, 0, 1.01999999999996, sourcebus, sourcebus, 0, 1.0097364847577, 0, 1.02033793416051, 113_2, 1756
J‘∆ﬂ◊<?, 0, 1.01999999870703, 0, 1.01999999999996, sourcebus, sourcebus, 0, 1.0097364847577, 0, 1.02033793416051, 113_2, 1756
‹≥˘2È[?, 0, 1.01999999870703, 0, 1.01999999999996, sourcebus, sourcebus, 0, 1.0097364847577, 0, 1.02033793416051, 113_2, 1756
mì,Ü˙z?, 0, 1.01999999870703, 0, 1.01999999999996, sourcebus, sourcebus, 0, 1.0097364847577, 0, 1.02033793416051, 113_2, 1756
ˇr_Ÿö?, 0, 1.01999999870703, 0, 1.01999999999996, sourcebus, sourcebus, 0, 1.0097364847577, 0, 1.02033793416051, 113_2, 1756
êRí,π?, 0, 1.01999999870703, 0, 1.01999999999996, sourcebus, sourcebus, 0, 1.0097364847577, 0, 1.02033793416051, 113_2, 1756
"2≈.ÿ?, 0, 1.01999999870703, 0, 1.01999999999996, sourcebus, sourcebus, 0, 1.0097364847577, 0, 1.02033793416051, 113_2, 1756
¥¯“?˜?, 0, 1.01999999870703, 0, 1.01999999999996, sourcebus, sourcebus, 0, 1.0097364847577, 0, 1.02033793416051, 113_2, 1756
EÒ*&Q?, 0, 1.01999999870703, 0, 1.01999999999996, sourcebus, sourcebus, 0, 1.0097364847577, 0, 1.02033793416051, 113_2, 1756
◊–]yb5?, 0, 1.01999999870703, 0, 1.01999999999996, sourcebus, sourcebus, 0, 1.0097364847577, 0, 1.02033793416051, 113_2, 1756
i∞êÃsT?, 0, 1.01999999870703, 0, 1.01999999999996, sourcebus, sourcebus, 0, 1.0097364847577, 0, 1.02033793416051, 113_2, 1756
˙è√Ös?, 0, 1.01999999870703, 0, 1.01999999999996, sourcebus, sourcebus, 0, 1.0097364847577, 0, 1.02033793416051, 113_2, 1756
åoˆrñí?, 0, 1.01999999870703, 0, 1.01999999999996, sourcebus, sourcebus, 0, 1.0097364847577, 0, 1.02033793416051, 113_2, 1756
O)∆ß±?, 0, 1.01999999870703, 0, 1.01999999999996, sourcebus, sourcebus, 0, 1.0097364847577, 0, 1.02033793416051, 113_2, 1756
Ø.\π–?, 0, 1.01999999870703, 0, 1.01999999999996, sourcebus, sourcebus, 0, 1.0097364847577, 0, 1.02033793416051, 113_2, 1756
Aèl Ô?, 0, 1.01999999870703, 0, 1.01999999999996, sourcebus, sourcebus, 0, 1.0097364847577, 0, 1.02033793416051, 113_2, 1756
“Ì¡ø€?, 0, 1.01999999870703, 0, 1.01999999999996, sourcebus, sourcebus, 0, 1.0097364847577, 0, 1.02033793416051, 113_2, 1756
dÕÙÌ-?, 0, 1.01999999870703, 0, 1.01999999999996, sourcebus, sourcebus, 0, 1.0097364847577, 0, 1.02033793416051, 113_2, 1756
ˆ¨'f˛L?, 0, 1.01999999870703, 0, 1.01999999999996, sourcebus, sourcebus, 0, 1.0097364847577, 0, 1.02033793416051, 113_2, 1756
áåZπl?, 0, 1.01999999870703, 0, 1.01999999999996, sourcebus, sourcebus, 0, 1.0097364847577, 0, 1.02033793416051, 113_2, 1756
lç!ã?, 0, 1.01999999870703, 0, 1.01999999999996, sourcebus, sourcebus, 0, 1.0097364847577, 0, 1.02033793416051, 113_2, 1756
´K¿_2™?, 0, 1.01999999870703, 0, 1.01999999999996, sourcebus, sourcebus, 0, 1.0097364847577, 0, 1.02033793416051, 113_2, 1756
<+Û≤C…?, 0, 1.01999999870703, 0, 1.01999999999996, sourcebus, sourcebus, 0, 1.0097364847577, 0, 1.02033793416051, 113_2, 1756
Œ
UË?, 0, 1.01999999870703, 0, 1.01999999999996, sourcebus, sourcebus, 0, 1.0097364847577, 0, 1.02033793416051, 113_2, 1756
`ÍXYf?, 0, 1.01999999870703, 0, 1.01999999999996, sourcebus, sourcebus, 0, 1.0097364847577, 0, 1.02033793416051, 113_2, 1756
Ò…ã¨w&?, 0, 1.01999999870703, 0, 1.01999999999996, sourcebus, sourcebus, 0, 1.0097364847577, 0, 1.02033793416051, 113_2, 1756
É©æˇàE?, 0, 1.01999999870703, 0, 1.01999999999996, sourcebus, sourcebus, 0, 1.0097364847577, 0, 1.02033793416051, 113_2, 1756
âÒRöd?, 0, 1.01999999870703, 0, 1.01999999999996, sourcebus, sourcebus, 0, 1.0097364847577, 0, 1.02033793416051, 113_2, 1756
¶h$¶´É?, 0, 1.01999999870703, 0, 1.01999999999996, sourcebus, sourcebus, 0, 1.0097364847577, 0, 1.02033793416051, 113_2, 1756
8HW˘º¢?, 0, 1.01999999870703, 0, 1.01999999999996, sourcebus, sourcebus, 0, 1.0097364847577, 0, 1.02033793416051, 113_2, 1756
…'äLŒ¡?, 0, 1.01999999870703, 0, 1.01999999999996, sourcebus, sourcebus, 0, 1.0097364847577, 0, 1.02033793416051, 113_2, 1756
[Ωüﬂ‡?, 0, 1.01999999870703, 0, 1.01999999999996, sourcebus, sourcebus, 0, 1.0097364847577, 0, 1.02033793416051, 113_2, 1756
ÌÊÔÚˇ?, 0, 1.01999999870703, 0, 1.01999999999996, sourcebus, sourcebus, 0, 1.0097364847577, 0, 1.02033793416051, 113_2, 1756
~∆"F?, 0, 1.01999999870703, 0, 1.01999999999996, sourcebus, sourcebus, 0, 1.0097364847577, 0, 1.02033793416051, 113_2, 1756
¶Uô>?, 0, 1.01999999870703, 0, 1.01999999999996, sourcebus, sourcebus, 0, 1.0097364847577, 0, 1.02033793416051, 113_2, 1756
¢ÖàÏ$]?, 0, 1.01999999870703, 0, 1.01999999999996, sourcebus, sourcebus, 0, 1.0097364847577, 0, 1.02033793416051, 113_2, 1756
3eª?6|?, 0, 1.01999999870703, 0, 1.01999999999996, sourcebus, sourcebus, 0, 1.0097364847577, 0, 1.02033793416051, 113_2, 1756
≈DÓíGõ?, 0, 1.01999999870703, 0, 1.01999999999996, sourcebus, sourcebus, 0, 1.0097364847577, 0, 1.02033793416051, 113_2, 1756
V$!ÊX∫?, 0, 1.01999999870703, 0, 1.01999999999996, sourcebus, sourcebus, 0, 1.0097364847577, 0, 1.02033793416051, 113_2, 1756
ËT9jŸ?, 0, 1.01999999870703, 0, 1.01999999999996, sourcebus, sourcebus, 0, 1.0097364847577, 0, 1.02033793416051, 113_2, 1756
z„Üå{¯?, 0, 1.01999999870703, 0, 1.01999999999996, sourcebus, sourcebus, 0, 1.0097364847577, 0, 1.02033793416051, 113_2, 1756
√πﬂå?, 0, 1.01999999870703, 0, 1.01999999999996, sourcebus, sourcebus, 0, 1.0097364847577, 0, 1.02033793416051, 113_2, 1756
ù¢Ï2û6?, 0, 1.01999999870703, 0, 1.01999999999996, sourcebus, sourcebus, 0, 1.0097364847577, 0, 1.02033793416051, 113_2, 1756
/ÇÜØU?, 0, 1.01999999870703, 0, 1.01999999999996, sourcebus, sourcebus, 0, 1.0097364847577, 0, 1.02033793416051, 113_2, 1756
¿aRŸ¿t?, 0, 1.01999999870703, 0, 1.01999999999996, sourcebus, sourcebus, 0, 1.0097364847577, 0, 1.02033793416051, 113_2, 1756
RAÖ,“ì?, 0, 1.01999999870703, 0, 1.01999999999996, sourcebus, sourcebus, 0, 1.0097364847577, 0, 1.02033793416051, 113_2, 1756
‰ ∏„≤?, 0, 1.01999999870703, 0, 1.01999999999996, sourcebus, sourcebus, 0, 1.0097364847577, 0, 1.02033793416051, 113_2, 1756
uÎ“Ù—?, 0, 1.01999999870703, 0, 1.01999999999996, sourcebus, sourcebus, 0, 1.0097364847577, 0, 1.02033793416051, 113_2, 1756
‡&Ò?, 0, 1.01999999870703, 0, 1.01999999999996, sourcebus, sourcebus, 0, 1.0097364847577, 0, 1.02033793416051, 113_2, 1756
òøPy?, 0, 1.01999999870703, 0, 1.01999999999996, sourcebus, sourcebus, 0, 1.0097364847577, 0, 1.02033793416051, 113_2, 1756
*üÉÃ(/?, 0, 1.01999999870703, 0, 1.01999999999996, sourcebus, sourcebus, 0, 1.0097364847577, 0, 1.02033793416051, 113_2, 1756
º~∂:N?, 0, 1.01999999870703, 0, 1.01999999999996, sourcebus, sourcebus, 0, 1.0097364847577, 0, 1.02033793416051, 113_2, 1756
M^ÈrKm?, 0, 1.01999999870703, 0, 1.01999999999996, sourcebus, sourcebus, 0, 1.0097364847577, 0, 1.02033793416051, 113_2, 1756
ﬂ=∆\å?, 0, 1.01999999870703, 0, 1.01999999999996, sourcebus, sourcebus, 0, 1.0097364847577, 0, 1.02033793416051, 113_2, 1756
qOn´?, 0, 1.01999999870703, 0, 1.01999999999996, sourcebus, sourcebus, 0, 1.0097364847577, 0, 1.02033793416051, 113_2, 1756
˝Ål ?, 0, 1.01999999870703, 0, 1.01999999999996, sourcebus, sourcebus, 0, 1.0097364847577, 0, 1.02033793416051, 113_2, 1756
î‹¥øêÈ?, 0, 1.01999999870703, 0, 1.01999999999996, sourcebus, sourcebus, 0, 1.0097364847577, 0, 1.02033793416051, 113_2, 1756
&ºÁ¢?, 0, 1.01999999870703, 0, 1.01999999999996, sourcebus, sourcebus, 0, 1.0097364847577, 0, 1.02033793416051, 113_2, 1756
∑õf≥'?, 0, 1.01999999870703, 0, 1.01999999999996, sourcebus, sourcebus, 0, 1.0097364847577, 0, 1.02033793416051, 113_2, 1756
I{MπƒF?, 0, 1.01999999870703, 0, 1.01999999999996, sourcebus, sourcebus, 0, 1.0097364847577, 0, 1.02033793416051, 113_2, 1756
⁄ZÄ÷e?, 0, 1.01999999870703, 0, 1.01999999999996, sourcebus, sourcebus, 0, 1.0097364847577, 0, 1.02033793416051, 113_2, 1756
l:≥_ÁÑ?, 0, 1.01999999870703, 0, 1.01999999999996, sourcebus, sourcebus, 0, 1.0097364847577, 0, 1.02033793416051, 113_2, 1756
˛Ê≤¯£?, 0, 1.01999999870703, 0, 1.01999999999996, sourcebus, sourcebus, 0, 1.0097364847577, 0, 1.02033793416051, 113_2, 1756
è˘
?, 0, 1.01999999870703, 0, 1.01999999999996, sourcebus, sourcebus, 0, 1.0097364847577, 0, 1.02033793416051, 113_2, 1756
!ŸKY‚?, 0, 1.01999999870703, 0, 1.01999999999996, sourcebus, sourcebus, 0, 1.0097364847577, 0, 1.02033793416051, 113_2, 1756
≥∏~¨,?, 0, 1.01999999870703, 0, 1.01999999999996, sourcebus, sourcebus, 0, 1.0097364847577, 0, 1.02033793416051, 113_2, 1756
Dò±ˇ= ?, 0, 1.01999999870703, 0, 1.01999999999996, sourcebus, sourcebus, 0, 1.0097364847577, 0, 1.02033793416051, 113_2, 1756
÷w‰RO??, 0, 1.01999999870703, 0, 1.01999999999996, sourcebus, sourcebus, 0, 1.0097364847577, 0, 1.02033793416051, 113_2, 1756
hW¶`^?, 0, 1.01999999870703, 0, 1.01999999999996, sourcebus, sourcebus, 0, 1.0097364847577, 0, 1.02033793416051, 113_2, 1756
˘6J˘q}?, 0, 1.01999999870703, 0, 1.01999999999996, sourcebus, sourcebus, 0, 1.0097364847577, 0, 1.02033793416051, 113_2, 1756
ã}LÉú?, 0, 1.01999999870703, 0, 1.01999999999996, sourcebus, sourcebus, 0, 1.0097364847577, 0, 1.02033793416051, 113_2, 1756
ˆØüîª?, 0, 1.01999999870703, 0, 1.01999999999996, sourcebus, sourcebus, 0, 1.0097364847577, 0, 1.02033793416051, 113_2, 1756
Æ’‚Ú•⁄?, 0, 1.01999999870703, 0, 1.01999999999996, sourcebus, sourcebus, 0, 1.0097364847577, 0, 1.02033793416051, 113_2, 1756
@µF∑˘?, 0, 1.01999999870703, 0, 1.01999999999996, sourcebus, sourcebus, 0, 1.0097364847577, 0, 1.02033793416051, 113_2, 1756
—îHô»?, 0, 1.01999999870703, 0, 1.01999999999996, sourcebus, sourcebus, 0, 1.0097364847577, 0, 1.02033793416051, 113_2, 1756
ct{ÏŸ7?, 0, 1.01999999870703, 0, 1.01999999999996, sourcebus, sourcebus, 0, 1.0097364847577, 0, 1.02033793416051, 113_2, 1756
ıSÆ?ÎV?, 0, 1.01999999870703, 0, 1.01999999999996, sourcebus, sourcebus, 0, 1.0097364847577, 0, 1.02033793416051, 113_2, 1756
Ü3·í¸u?, 0, 1.01999999870703, 0, 1.01999999999996, sourcebus, sourcebus, 0, 1.0097364847577, 0, 1.02033793416051, 113_2, 1756
Êï?, 0, 1.01999999870703, 0, 1.01999999999996, sourcebus, sourcebus, 0, 1.0097364847577, 0, 1.02033793416051, 113_2, 1756
™ÚF9¥?, 0, 1.01999999870703, 0, 1.01999999999996, sourcebus, sourcebus, 0, 1.0097364847577, 0, 1.02033793416051, 113_2, 1756
;“yå0”?, 0, 1.01999999870703, 0, 1.01999999999996, sourcebus, sourcebus, 0, 1.0097364847577, 0, 1.02033793416051, 113_2, 1756
Õ±¨ﬂAÚ?, 0, 1.01999999870703, 0, 1.01999999999996, sourcebus, sourcebus, 0, 1.0097364847577, 0, 1.02033793416051, 113_2, 1756
^ëﬂ2S?, 0, 1.01999999870703, 0, 1.01999999999996, sourcebus, sourcebus, 0, 1.0097364847577, 0, 1.02033793416051, 113_2, 1756
pÜd0?, 0, 1.01999999870703, 0, 1.01999999999996, sourcebus, sourcebus, 0, 1.0097364847577, 0, 1.02033793416051, 113_2, 1756
ÇPEŸuO?, 0, 1.01999999870703, 0, 1.01999999999996, sourcebus, sourcebus, 0, 1.0097364847577, 0, 1.02033793416051, 113_2, 1756
0x,án?, 0, 1.01999999870703, 0, 1.01999999999996, sourcebus, sourcebus, 0, 1.0097364847577, 0, 1.02033793416051, 113_2, 1756
•´òç?, 0, 1.01999999870703, 0, 1.01999999999996, sourcebus, sourcebus, 0, 1.0097364847577, 0, 1.02033793416051, 113_2, 1756
7Ô›“©¨?, 0, 1.01999999870703, 0, 1.01999999999996, sourcebus, sourcebus, 0, 1.0097364847577, 0, 1.02033793416051, 113_2, 1756
»Œ&ªÀ?, 0, 1.01999999870703, 0, 1.01999999999996, sourcebus, sourcebus, 0, 1.0097364847577, 0, 1.02033793416051, 113_2, 1756
ZÆCyÃÍ?, 0, 1.01999999870703, 0, 1.01999999999996, sourcebus, sourcebus, 0, 1.0097364847577, 0, 1.02033793416051, 113_2, 1756
ˆF;ÊÓ ?, 0, 1.01999999870703, 0, 1.01999999999996, sourcebus, sourcebus, 0, 1.0097364847577, 0, 1.02033793416051, 113_2, 1756
ø∂‘èw ?, 0, 1.01999999870703, 0, 1.01999999999996, sourcebus, sourcebus, 0, 1.0097364847577, 0, 1.02033793416051, 113_2, 1756
á&n9$ ?, 0, 1.01999999870703, 0, 1.01999999999996, sourcebus, sourcebus, 0, 1.0097364847577, 0, 1.02033793416051, 113_2, 1756
Pñ„à3 ?, 0, 1.01999999870703, 0, 1.01999999999996, sourcebus, sourcebus, 0, 1.0097364847577, 0, 1.02033793416051, 113_2, 1756
°åC ?, 0, 1.01999999870703, 0, 1.01999999999996, sourcebus, sourcebus, 0, 1.0097364847577, 0, 1.02033793416051, 113_2, 1756
‚u:6öR ?, 0, 1.01999999870703, 0, 1.01999999999996, sourcebus, sourcebus, 0, 1.0097364847577, 0, 1.02033793416051, 113_2, 1756
´Â”ﬂ"b ?, 0, 1.01999999870703, 0, 1.01999999999996, sourcebus, sourcebus, 0, 1.0097364847577, 0, 1.02033793416051, 113_2, 1756
sUmâ´q ?, 0, 1.01999999870703, 0, 1.01999999999996, sourcebus, sourcebus, 0, 1.0097364847577, 0, 1.02033793416051, 113_2, 1756
<≈34Å ?, 0, 1.01999999870703, 0, 1.01999999999996, sourcebus, sourcebus, 0, 1.0097364847577, 0, 1.02033793416051, 113_2, 1756
5, 0, 1.01999999870703, 0, 1.01999999999996, sourcebus, sourcebus, 0, 1.0097364847577, 0, 1.02033793416051, 113_2, 1756
Œ§9ÜE, 0, 1.01999999870703, 0, 1.01999999999996, sourcebus, sourcebus, 0, 1.0097364847577, 0, 1.02033793416051, 113_2, 1756
ó”/ŒØ ?, 0, 1.01999999870703, 0, 1.01999999999996, sourcebus, sourcebus, 0, 1.0097364847577, 0, 1.02033793416051, 113_2, 1756
`ÑlŸVø ?, 0, 1.01999999870703, 0, 1.01999999999996, sourcebus, sourcebus, 0, 1.0097364847577, 0, 1.02033793416051, 113_2, 1756
(ÙÉﬂŒ ?, 0, 1.01999999870703, 0, 1.01999999999996, sourcebus, sourcebus, 0, 1.0097364847577, 0, 1.02033793416051, 113_2, 1756
Òcü,hﬁ ?, 0, 1.01999999870703, 0, 1.01999999999996, sourcebus, sourcebus, 0, 1.0097364847577, 0, 1.02033793416051, 113_2, 1756
∫”8÷Ì ?, 0, 1.01999999870703, 0, 1.01999999999996, sourcebus, sourcebus, 0, 1.0097364847577, 0, 1.02033793416051, 113_2, 1756
ÉC“y˝ ?, 0, 1.01999999870703, 0, 1.01999999999996, sourcebus, sourcebus, 0, 1.0097364847577, 0, 1.02033793416051, 113_2, 1756
L≥k)!?, 0, 1.01999999870703, 0, 1.01999999999996, sourcebus, sourcebus, 0, 1.0097364847577, 0, 1.02033793416051, 113_2, 1756
#”ä!?, 0, 1.01999999870703, 0, 1.01999999999996, sourcebus, sourcebus, 0, 1.0097364847577, 0, 1.02033793416051, 113_2, 1756
›íû|,!?, 0, 1.01999999870703, 0, 1.01999999999996, sourcebus, sourcebus, 0, 1.0097364847577, 0, 1.02033793416051, 113_2, 1756
¶8&ú;!?, 0, 1.01999999870703, 0, 1.01999999999996, sourcebus, sourcebus, 0, 1.0097364847577, 0, 1.02033793416051, 113_2, 1756
or—œ$K!?, 0, 1.01999999870703, 0, 1.01999999999996, sourcebus, sourcebus, 0, 1.0097364847577, 0, 1.02033793416051, 113_2, 1756
8‚jy≠Z!?, 0, 1.01999999870703, 0, 1.01999999999996, sourcebus, sourcebus, 0, 1.0097364847577, 0, 1.02033793416051, 113_2, 1756
R#6j!?, 0, 1.01999999870703, 0, 1.01999999999996, sourcebus, sourcebus, 0, 1.0097364847577, 0, 1.02033793416051, 113_2, 1756
…¡ùÃæy!?, 0, 1.01999999870703, 0, 1.01999999999996, sourcebus, sourcebus, 0, 1.0097364847577, 0, 1.02033793416051, 113_2, 1756
í17vGâ!?, 0, 1.01999999870703, 0, 1.01999999999996, sourcebus, sourcebus, 0, 1.0097364847577, 0, 1.02033793416051, 113_2, 1756
[°––ò!?, 0, 1.01999999870703, 0, 1.01999999999996, sourcebus, sourcebus, 0, 1.0097364847577, 0, 1.02033793416051, 113_2, 1756
$j…X®!?, 0, 1.01999999870703, 0, 1.01999999999996, sourcebus, sourcebus, 0, 1.0097364847577, 0, 1.02033793416051, 113_2, 1756
ÌÄs·∑!?, 0, 1.01999999870703, 0, 1.01999999999996, sourcebus, sourcebus, 0, 1.0097364847577, 0, 1.02033793416051, 113_2, 1756
µúj«!?, 0, 1.01999999870703, 0, 1.01999999999996, sourcebus, sourcebus, 0, 1.0097364847577, 0, 1.02033793416051, 113_2, 1756
~`6∆Ú÷!?, 0, 1.01999999870703, 0, 1.01999999999996, sourcebus, sourcebus, 0, 1.0097364847577, 0, 1.02033793416051, 113_2, 1756
G–œo{Ê!?, 0, 1.01999999870703, 0, 1.01999999999996, sourcebus, sourcebus, 0, 1.0097364847577, 0, 1.02033793416051, 113_2, 1756
@iˆ!?, 0, 1.01999999870703, 0, 1.01999999999996, sourcebus, sourcebus, 0, 1.0097364847577, 0, 1.02033793416051, 113_2, 1756
ŸØ√å"?, 0, 1.01999999870703, 0, 1.01999999999996, sourcebus, sourcebus, 0, 1.0097364847577, 0, 1.02033793416051, 113_2, 1756
¢úl"?, 0, 1.01999999870703, 0, 1.01999999999996, sourcebus, sourcebus, 0, 1.0097364847577, 0, 1.02033793416051, 113_2, 1756
jè5û$"?, 0, 1.01999999870703, 0, 1.01999999999996, sourcebus, sourcebus, 0, 1.0097364847577, 0, 1.02033793416051, 113_2, 1756
3ˇŒø&4"?, 0, 1.01999999870703, 0, 1.01999999999996, sourcebus, sourcebus, 0, 1.0097364847577, 0, 1.02033793416051, 113_2, 1756
˚nhiØC"?, 1, 0.849999998802347, 0, 0.95, sourcebus, , 35, 0.840615110697419, 0, 0.95, 113_2, 
ƒﬁ8S"?, 1, 0.849999998803767, 0, 0.95, sourcebus, , 35, 0.840615497299128, 0, 0.95, 113-pv, 
åNõº¿b"?, 1, 0.849999998803772, 0, 0.95, sourcebus, , 35, 0.840615503242789, 0, 0.95, 113_2, 
Tæ4fIr"?, 1, 0.849999998803772, 0, 0.95, sourcebus, , 35, 0.840615503268509, 0, 0.95, 113_2, 
.Œ“Å"?, 1, 0.849999998803772, 0, 0.95, sourcebus, , 35, 0.840615503268553, 0, 0.95, 113_2, 
ÂùgπZë"?, 1, 0.849999998803772, 0, 0.95, sourcebus, , 35, 0.840615503268553, 0, 0.95, 113_2, 
≠c„, 1, 0.849999998803772, 0, 0.95, sourcebus, , 35, 0.840615503268553, 0, 0.95, 113_2, 
u}öl∞"?, 1, 0.849999998803772, 0, 0.95, sourcebus, , 35, 0.840615503268553, 0, 0.95, 113_2, 
=Ì3∂Ùø"?, 1, 0.849999998803772, 0, 0.95, sourcebus, , 35, 0.840615503268553, 0, 0.95, 113_2, 
]Õ_}œ"?, 1, 0.849999998803772, 0, 0.95, sourcebus, , 35, 0.840615503268553, 0, 0.95, 113_2, 
ŒÃf	ﬂ"?, 1, 0.849999998803772, 0, 0.95, sourcebus, , 35, 0.840615503268553, 0, 0.95, 113_2, 
ñ<≥éÓ"?, 1, 0.849999998803772, 0, 0.95, sourcebus, , 35, 0.840615503268553, 0, 0.95, 113_2, 
^¨ô\˛"?, 1, 0.849999998803772, 0, 0.95, sourcebus, , 35, 0.840615503268553, 0, 0.95, 113_2, 
'3, 1, 0.849999998803772, 0, 0.95, sourcebus, , 35, 0.840615503268553, 0, 0.95, 113_2, 
ÔãÃØ(#?, 1, 0.849999998803772, 0, 0.95, sourcebus, , 35, 0.840615503268553, 0, 0.95, 113_2, 
∑˚eY±,#?, 1, 0.849999998803772, 0, 0.95, sourcebus, , 35, 0.840615503268553, 0, 0.95, 113_2, 
kˇ:<#?, 1, 0.849999998803772, 0, 0.95, sourcebus, , 35, 0.840615503268553, 0, 0.95, 113_2, 
H€ò¨¬K#?, 1, 0.849999998803772, 0, 0.95, sourcebus, , 35, 0.840615503268553, 0, 0.95, 113_2, 
K2VK[#?, 1, 0.849999998803772, 0, 0.95, sourcebus, , 35, 0.840615503268553, 0, 0.95, 113_2, 
ÿ∫Àˇ”j#?, 1, 0.849999998803772, 0, 0.95, sourcebus, , 35, 0.840615503268553, 0, 0.95, 113_2, 
, 1, 0.849999998803772, 0, 0.95, sourcebus, , 35, 0.840615503268553, 0, 0.95, 113_2, 
iö˛RÂâ#?, 1, 0.849999998803772, 0, 0.95, sourcebus, , 35, 0.840615503268553, 0, 0.95, 113_2, 
1
¸mô#?, 1, 0.849999998803772, 0, 0.95, sourcebus, , 35, 0.840615503268553, 0, 0.95, 113_2, 
˘y1¶ˆ®#?, 1, 0.849999998803772, 0, 0.95, sourcebus, , 35, 0.840615503268553, 0, 0.95, 113_2, 
¡È O∏#?, 1, 0.849999998803772, 0, 0.95, sourcebus, , 35, 0.840615503268553, 0, 0.95, 113_2, 
äYd˘»#?, 1, 0.849999998803772, 0, 0.95, sourcebus, , 35, 0.840615503268553, 0, 0.95, 113_2, 
R…˝¢ê◊#?, 1, 0.849999998803772, 0, 0.95, sourcebus, , 35, 0.840615503268553, 0, 0.95, 113_2, 
9óLÁ#?, 1, 0.849999998803772, 0, 0.95, sourcebus, , 35, 0.840615503268553, 0, 0.95, 113_2, 
‚®0ˆ°ˆ#?, 1, 0.849999998803772, 0, 0.95, sourcebus, , 35, 0.840615503268553, 0, 0.95, 113_2, 
´ ü*$?, 1, 0.849999998803772, 0, 0.95, sourcebus, , 35, 0.840615503268553, 0, 0.95, 113_2, 
sàcI≥$?, 1, 0.849999998803772, 0, 0.95, sourcebus, , 35, 0.840615503268553, 0, 0.95, 113_2, 
;¯¸Ú;%$?, 1, 0.849999998803772, 0, 0.95, sourcebus, , 35, 0.840615503268553, 0, 0.95, 113_2, 
hñúƒ4$?, 1, 0.849999998803772, 0, 0.95, sourcebus, , 35, 0.840615503268553, 0, 0.95, 113_2, 
Ã◊/FMD$?, 1, 0.849999998803772, 0, 0.95, sourcebus, , 35, 0.840615503268553, 0, 0.95, 113_2, 
îG…Ô’S$?, 1, 0.849999998803772, 0, 0.95, sourcebus, , 35, 0.840615503268553, 0, 0.95, 113_2, 
\∑bô^c$?, 1, 0.849999998803772, 0, 0.95, sourcebus, , 35, 0.840615503268553, 0, 0.95, 113_2, 
$'¸BÁr$?, 1, 0.849999998803772, 0, 0.95, sourcebus, , 35, 0.840615503268553, 0, 0.95, 113_2, 
ÌñïÏoÇ$?, 1, 0.849999998803772, 0, 0.95, sourcebus, , 35, 0.840615503268553, 0, 0.95, 113_2, 
µ/ñ¯ë$?, 1, 0.849999998803772, 0, 0.95, sourcebus, , 35, 0.840615503268553, 0, 0.95, 113_2, 
}v»?Å°$?, 1, 0.849999998803772, 0, 0.95, sourcebus, , 35, 0.840615503268553, 0, 0.95, 113_2, 
EÊaÈ	±$?, 1, 0.849999998803772, 0, 0.95, sourcebus, , 35, 0.840615503268553, 0, 0.95, 113_2, 
V˚íí¿$?, 1, 0.849999998803772, 0, 0.95, sourcebus, , 35, 0.840615503268553, 0, 0.95, 113_2, 
÷≈î<–$?, 1, 0.849999998803772, 0, 0.95, sourcebus, , 35, 0.840615503268553, 0, 0.95, 113_2, 
û5.Ê£ﬂ$?, 1, 0.849999998803772, 0, 0.95, sourcebus, , 35, 0.840615503268553, 0, 0.95, 113_2, 
f•«è,Ô$?, 1, 0.849999998803772, 0, 0.95, sourcebus, , 35, 0.840615503268553, 0, 0.95, 113_2, 
/a9µ˛$?, 1, 0.849999998803772, 0, 0.95, sourcebus, , 35, 0.840615503268553, 0, 0.95, 113_2, 
˜Ñ˙‚=%?, 1, 0.849999998803772, 0, 0.95, sourcebus, , 35, 0.840615503268553, 0, 0.95, 113_2, 
øÙìå∆%?, 1, 0.849999998803772, 0, 0.95, sourcebus, , 35, 0.840615503268553, 0, 0.95, 113_2, 
ád-6O-%?, 1, 0.849999998803772, 0, 0.95, sourcebus, , 35, 0.840615503268553, 0, 0.95, 113_2, 
P‘∆ﬂ◊<%?, 1, 0.849999998803772, 0, 0.95, sourcebus, , 35, 0.840615503268553, 0, 0.95, 113_2, 
D`â`L%?, 1, 0.849999998803772, 0, 0.95, sourcebus, , 35, 0.840615503268553, 0, 0.95, 113_2, 
‡≥˘2È[%?, 1, 0.849999998803772, 0, 0.95, sourcebus, , 35, 0.840615503268553, 0, 0.95, 113_2, 
®#ì‹qk%?, 1, 0.849999998803772, 0, 0.95, sourcebus, , 35, 0.840615503268553, 0, 0.95, 113_2, 
qì,Ü˙z%?, 1, 0.849999998803772, 0, 0.95, sourcebus, , 35, 0.840615503268553, 0, 0.95, 113_2, 
9∆/Éä%?, 1, 0.849999998803772, 0, 0.95, sourcebus, , 35, 0.840615503268553, 0, 0.95, 113_2, 
s_Ÿö%?, 1, 0.849999998803772, 0, 0.95, sourcebus, , 35, 0.840615503268553, 0, 0.95, 113_2, 
…‚¯Çî©%?, 1, 0.849999998803772, 0, 0.95, sourcebus, , 35, 0.840615503268553, 0, 0.95, 113_2, 
íRí,π%?, 1, 0.849999998803772, 0, 0.95, sourcebus, , 35, 0.840615503268553, 0, 0.95, 113_2, 
Z¬+÷•»%?, 1, 0.849999998803772, 0, 0.95, sourcebus, , 35, 0.840615503268553, 0, 0.95, 113_2, 
"2≈.ÿ%?, 1, 0.849999998803772, 0, 0.95, sourcebus, , 35, 0.840615503268553, 0, 0.95, 113_2, 
Í°^)∑Á%?, 1, 0.849999998803772, 0, 0.95, sourcebus, , 35, 0.840615503268553, 0, 0.95, 113_2, 
≥¯“?˜%?, 1, 0.849999998803772, 0, 0.95, sourcebus, , 35, 0.840615503268553, 0, 0.95, 113_2, 
{Åë|»&?, 1, 0.849999998803772, 0, 0.95, sourcebus, , 35, 0.840615503268553, 0, 0.95, 113_2, 
CÒ*&Q&?, 1, 0.849999998803772, 0, 0.95, sourcebus, , 35, 0.840615503268553, 0, 0.95, 113_2, 
aƒœŸ%&?, 1, 0.849999998803772, 0, 0.95, sourcebus, , 35, 0.840615503268553, 0, 0.95, 113_2, 
‘–]yb5&?, 1, 0.849999998803772, 0, 0.95, sourcebus, , 35, 0.840615503268553, 0, 0.95, 113_2, 
ú@˜"ÎD&?, 1, 0.849999998803772, 0, 0.95, sourcebus, , 35, 0.840615503268553, 0, 0.95, 113_2, 
d∞êÃsT&?, 1, 0.849999998803772, 0, 0.95, sourcebus, , 35, 0.840615503268553, 0, 0.95, 113_2, 
, *v¸c&?, 1, 0.849999998803772, 0, 0.95, sourcebus, , 35, 0.840615503268553, 0, 0.95, 113_2, 
ıè√Ös&?, 1, 0.849999998803772, 0, 0.95, sourcebus, , 35, 0.840615503268553, 0, 0.95, 113_2, 
Ωˇ\…É&?, 1, 0.849999998803772, 0, 0.95, sourcebus, , 35, 0.840615503268553, 0, 0.95, 113_2, 
Öoˆrñí&?, 1, 0.849999998803772, 0, 0.95, sourcebus, , 35, 0.840615503268553, 0, 0.95, 113_2, 
Mﬂè¢&?, 1, 0.849999998803772, 0, 0.95, sourcebus, , 35, 0.840615503268553, 0, 0.95, 113_2, 
O)∆ß±&?, 1, 0.849999998803772, 0, 0.95, sourcebus, , 35, 0.840615503268553, 0, 0.95, 113_2, 
ﬁæ¬o0¡&?, 1, 0.849999998803772, 0, 0.95, sourcebus, , 35, 0.840615503268553, 0, 0.95, 113_2, 
¶.\π–&?, 1, 0.849999998803772, 0, 0.95, sourcebus, , 35, 0.840615503268553, 0, 0.95, 113_2, 
nûı¬A‡&?, 1, 0.849999998803772, 0, 0.95, sourcebus, , 35, 0.840615503268553, 0, 0.95, 113_2, 
7èl Ô&?, 1, 0.849999998803772, 0, 0.95, sourcebus, , 35, 0.840615503268553, 0, 0.95, 113_2, 
ˇ}(Sˇ&?, 1, 0.849999998803772, 0, 0.95, sourcebus, , 35, 0.840615503268553, 0, 0.95, 113_2, 
«Ì¡ø€'?, 1, 0.849999998803772, 0, 0.95, sourcebus, , 35, 0.840615503268553, 0, 0.95, 113_2, 
è][id'?, 1, 0.849999998803772, 0, 0.95, sourcebus, , 35, 0.840615503268553, 0, 0.95, 113_2, 
XÕÙÌ-'?, 1, 0.849999998803772, 0, 0.95, sourcebus, , 35, 0.840615503268553, 0, 0.95, 113_2, 
 =éºu='?, 1, 0.849999998803772, 0, 0.95, sourcebus, , 35, 0.840615503268553, 0, 0.95, 113_2, 
Ë¨'f˛L'?, 1, 0.849999998803772, 0, 0.95, sourcebus, , 35, 0.840615503268553, 0, 0.95, 113_2, 
∞¡á\'?, 1, 0.849999998803772, 0, 0.95, sourcebus, , 35, 0.840615503268553, 0, 0.95, 113_2, 
yåZπl'?, 1, 0.849999998803772, 0, 0.95, sourcebus, , 35, 0.840615503268553, 0, 0.95, 113_2, 
A¸Ûbò{'?, 1, 0.849999998803772, 0, 0.95, sourcebus, , 35, 0.840615503268553, 0, 0.95, 113_2, 
	lç!ã'?, 1, 0.849999998803772, 0, 0.95, sourcebus, , 35, 0.840615503268553, 0, 0.95, 113_2, 
—€&∂©ö'?, 1, 0.849999998803772, 0, 0.95, sourcebus, , 35, 0.840615503268553, 0, 0.95, 113_2, 
öK¿_2™'?, 1, 0.849999998803772, 0, 0.95, sourcebus, , 35, 0.840615503268553, 0, 0.95, 113_2, 
bªY	ªπ'?, 1, 0.849999998803772, 0, 0.95, sourcebus, , 35, 0.840615503268553, 0, 0.95, 113_2, 
*+Û≤C…'?, 1, 0.849999998803772, 0, 0.95, sourcebus, , 35, 0.840615503268553, 0, 0.95, 113_2, 
Úöå\Ãÿ'?, 1, 0.849999998803772, 0, 0.95, sourcebus, , 35, 0.840615503268553, 0, 0.95, 113_2, 
ª
UË'?, 1, 0.849999998803772, 0, 0.95, sourcebus, , 35, 0.840615503268553, 0, 0.95, 113_2, 
ÉzøØ›˜'?, 1, 0.849999998803772, 0, 0.95, sourcebus, , 35, 0.840615503268553, 0, 0.95, 113_2, 
KÍXYf(?, 1, 0.849999998803772, 0, 0.95, sourcebus, , 35, 0.840615503268553, 0, 0.95, 113_2, 
ZÚÔ(?, 1, 0.849999998803772, 0, 0.95, sourcebus, , 35, 0.840615503268553, 0, 0.95, 113_2, 
‹…ã¨w&(?, 1, 0.849999998803772, 0, 0.95, sourcebus, , 35, 0.840615503268553, 0, 0.95, 113_2, 
§9%V6(?, 1, 0.849999998803772, 0, 0.95, sourcebus, , 35, 0.840615503268553, 0, 0.95, 113_2, 
l©æˇàE(?, 1, 0.849999998803772, 0, 0.95, sourcebus, , 35, 0.840615503268553, 0, 0.95, 113_2, 
4X©U(?, 1, 0.849999998803772, 0, 0.95, sourcebus, , 35, 0.840615503268553, 0, 0.95, 113_2, 
˝àÒRöd(?, 1, 0.849999998803772, 0, 0.95, sourcebus, , 35, 0.840615503268553, 0, 0.95, 113_2, 
≈¯ä¸"t(?, 1, 0.849999998803772, 0, 0.95, sourcebus, , 35, 0.840615503268553, 0, 0.95, 113_2, 
çh$¶´É(?, 1, 0.849999998803772, 0, 0.95, sourcebus, , 35, 0.840615503268553, 0, 0.95, 113_2, 
UÿΩO4ì(?, 1, 0.849999998803772, 0, 0.95, sourcebus, , 35, 0.840615503268553, 0, 0.95, 113_2, 
HW˘º¢(?, 1, 0.849999998803772, 0, 0.95, sourcebus, , 35, 0.840615503268553, 0, 0.95, 113_2, 
Ê∑¢E≤(?, 1, 0.849999998803772, 0, 0.95, sourcebus, , 35, 0.840615503268553, 0, 0.95, 113_2, 
Æ'äLŒ¡(?, 1, 0.849999998803772, 0, 0.95, sourcebus, , 35, 0.840615503268553, 0, 0.95, 113_2, 
vó#ˆV—(?, 1, 0.849999998803772, 0, 0.95, sourcebus, , 35, 0.840615503268553, 0, 0.95, 113_2, 
?Ωüﬂ‡(?, 1, 0.849999998803772, 0, 0.95, sourcebus, , 35, 0.840615503268553, 0, 0.95, 113_2, 
wVIh(?, 1, 0.849999998803772, 0, 0.95, sourcebus, , 35, 0.840615503268553, 0, 0.95, 113_2, 
œÊÔÚˇ(?, 1, 0.849999998803772, 0, 0.95, sourcebus, , 35, 0.840615503268553, 0, 0.95, 113_2, 
óVâúy)?, 1, 0.849999998803772, 0, 0.95, sourcebus, , 35, 0.840615503268553, 0, 0.95, 113_2, 
`∆"F)?, 1, 0.849999998803772, 0, 0.95, sourcebus, , 35, 0.840615503268553, 0, 0.95, 113_2, 
(6ºÔä.)?, 1, 0.849999998803772, 0, 0.95, sourcebus, , 35, 0.840615503268553, 0, 0.95, 113_2, 
•Uô>)?, 1, 0.849999998803772, 0, 0.95, sourcebus, , 35, 0.840615503268553, 0, 0.95, 113_2, 
∏ÔBúM)?, 1, 0.849999998803772, 0, 0.95, sourcebus, , 35, 0.840615503268553, 0, 0.95, 113_2, 
ÅÖàÏ$])?, 1, 0.849999998803772, 0, 0.95, sourcebus, , 35, 0.840615503268553, 0, 0.95, 113_2, 
Iı!ñ≠l)?, 1, 0.849999998803772, 0, 0.95, sourcebus, , 35, 0.840615503268553, 0, 0.95, 113_2, 
eª?6|)?, 1, 0.849999998803772, 0, 0.95, sourcebus, , 35, 0.840615503268553, 0, 0.95, 113_2, 
Ÿ‘TÈæã)?, 1, 0.849999998803772, 0, 0.95, sourcebus, , 35, 0.840615503268553, 0, 0.95, 113_2, 
¢DÓíGõ)?, 1, 0.849999998803772, 0, 0.95, sourcebus, , 35, 0.840615503268553, 0, 0.95, 113_2, 
j¥á<–™)?, 1, 0.849999998803772, 0, 0.95, sourcebus, , 35, 0.840615503268553, 0, 0.95, 113_2, 
2$!ÊX∫)?, 1, 0.849999998803772, 0, 0.95, sourcebus, , 35, 0.840615503268553, 0, 0.95, 113_2, 
˙ì∫è·…)?, 1, 0.849999998803772, 0, 0.95, sourcebus, , 35, 0.840615503268553, 0, 0.95, 113_2, 
√T9jŸ)?, 1, 0.849999998803772, 0, 0.95, sourcebus, , 35, 0.840615503268553, 0, 0.95, 113_2, 
ãsÌ‚ÚË)?, 1, 0.849999998803772, 0, 0.95, sourcebus, , 35, 0.840615503268553, 0, 0.95, 113_2, 
S„Üå{¯)?, 1, 0.849999998803772, 0, 0.95, sourcebus, , 35, 0.840615503268553, 0, 0.95, 113_2, 
S 6*?, 1, 0.849999998803772, 0, 0.95, sourcebus, , 35, 0.840615503268553, 0, 0.95, 113_2, 
‰¬πﬂå*?, 1, 0.849999998803772, 0, 0.95, sourcebus, , 35, 0.840615503268553, 0, 0.95, 113_2, 
¨2Sâ'*?, 1, 0.849999998803772, 0, 0.95, sourcebus, , 35, 0.840615503268553, 0, 0.95, 113_2, 
t¢Ï2û6*?, 1, 0.849999998803772, 0, 0.95, sourcebus, , 35, 0.840615503268553, 0, 0.95, 113_2, 
<Ü‹&F*?, 1, 0.849999998803772, 0, 0.95, sourcebus, , 35, 0.840615503268553, 0, 0.95, 113_2, 
ÇÜØU*?, 1, 0.849999998803772, 0, 0.95, sourcebus, , 35, 0.840615503268553, 0, 0.95, 113_2, 
ÕÒ∏/8e*?, 1, 0.849999998803772, 0, 0.95, sourcebus, , 35, 0.840615503268553, 0, 0.95, 113_2, 
ïaRŸ¿t*?, 1, 0.849999998803772, 0, 0.95, sourcebus, , 35, 0.840615503268553, 0, 0.95, 113_2, 
]—ÎÇIÑ*?, 1, 0.849999998803772, 0, 0.95, sourcebus, , 35, 0.840615503268553, 0, 0.95, 113_2, 
&AÖ,“ì*?, 1, 0.849999998803772, 0, 0.95, sourcebus, , 35, 0.840615503268553, 0, 0.95, 113_2, 
Ó∞÷Z£*?, 1, 0.849999998803772, 0, 0.95, sourcebus, , 35, 0.840615503268553, 0, 0.95, 113_2, 
∂ ∏„≤*?, 1, 0.849999998803772, 0, 0.95, sourcebus, , 35, 0.840615503268553, 0, 0.95, 113_2, 
~êQ)l¬*?, 1, 0.849999998803772, 0, 0.95, sourcebus, , 35, 0.840615503268553, 0, 0.95, 113_2, 
GÎ“Ù—*?, 1, 0.849999998803772, 0, 0.95, sourcebus, , 35, 0.840615503268553, 0, 0.95, 113_2, 
pÑ|}·*?, 1, 0.849999998803772, 0, 0.95, sourcebus, , 35, 0.840615503268553, 0, 0.95, 113_2, 
◊ﬂ&Ò*?, 1, 0.849999998803772, 0, 0.95, sourcebus, , 35, 0.840615503268553, 0, 0.95, 113_2, 
üO∑œé+?, 1, 0.849999998803772, 0, 0.95, sourcebus, , 35, 0.840615503268553, 0, 0.95, 113_2, 
høPy+?, 1, 0.849999998803772, 0, 0.95, sourcebus, , 35, 0.840615503268553, 0, 0.95, 113_2, 
0/Í", 1, 0.849999998803772, 0, 0.95, sourcebus, , 35, 0.840615503268553, 0, 0.95, 113_2, 
¯ûÉÃ(/+?, 1, 0.849999998803772, 0, 0.95, sourcebus, , 35, 0.840615503268553, 0, 0.95, 113_2, 
¿v±>+?, 1, 0.849999998803772, 0, 0.95, sourcebus, , 35, 0.840615503268553, 0, 0.95, 113_2, 
â~∂:N+?, 1, 0.849999998803772, 0, 0.95, sourcebus, , 35, 0.840615503268553, 0, 0.95, 113_2, 
QÓO…¬]+?, 1, 0.849999998803772, 0, 0.95, sourcebus, , 35, 0.840615503268553, 0, 0.95, 113_2, 
^ÈrKm+?, 1, 0.849999998803772, 0, 0.95, sourcebus, , 35, 0.840615503268553, 0, 0.95, 113_2, 
·ÕÇ‘|+?, 1, 0.849999998803772, 0, 0.95, sourcebus, , 35, 0.840615503268553, 0, 0.95, 113_2, 
™=∆\å+?, 1, 0.849999998803772, 0, 0.95, sourcebus, , 35, 0.840615503268553, 0, 0.95, 113_2, 
r≠µoÂõ+?, 1, 0.849999998803772, 0, 0.95, sourcebus, , 35, 0.840615503268553, 0, 0.95, 113_2, 
:On´+?, 1, 0.849999998803772, 0, 0.95, sourcebus, , 35, 0.840615503268553, 0, 0.95, 113_2, 
çË¬ˆ∫+?, 1, 0.849999998803772, 0, 0.95, sourcebus, , 35, 0.840615503268553, 0, 0.95, 113_2, 
À¸Ål +?, 1, 0.849999998803772, 0, 0.95, sourcebus, , 35, 0.840615503268553, 0, 0.95, 113_2, 
ìl⁄+?, 1, 0.849999998803772, 0, 0.95, sourcebus, , 35, 0.840615503268553, 0, 0.95, 113_2, 
[‹¥øêÈ+?, 1, 0.849999998803772, 0, 0.95, sourcebus, , 35, 0.840615503268553, 0, 0.95, 113_2, 
#LNi˘+?, 1, 0.849999998803772, 0, 0.95, sourcebus, , 35, 0.840615503268553, 0, 0.95, 113_2, 
ÏªÁ¢,?, 1, 0.849999998803772, 0, 0.95, sourcebus, , 35, 0.840615503268553, 0, 0.95, 113_2, 
¥+Åº*,?, 1, 0.849999998803772, 0, 0.95, sourcebus, , 35, 0.840615503268553, 0, 0.95, 113_2, 
|õf≥',?, 1, 0.849999998803772, 0, 0.95, sourcebus, , 35, 0.840615503268553, 0, 0.95, 113_2, 
D¥<7,?, 1, 0.849999998803772, 0, 0.95, sourcebus, , 35, 0.840615503268553, 0, 0.95, 113_2, 
{MπƒF,?, 1, 0.849999998803772, 0, 0.95, sourcebus, , 35, 0.840615503268553, 0, 0.95, 113_2, 
’ÍÊbMV,?, 1, 0.849999998803772, 0, 0.95, sourcebus, , 35, 0.840615503268553, 0, 0.95, 113_2, 
ùZÄ÷e,?, 1, 0.849999998803772, 0, 0.95, sourcebus, , 35, 0.840615503268553, 0, 0.95, 113_2, 
e ∂^u,?, 1, 0.849999998803772, 0, 0.95, sourcebus, , 35, 0.840615503268553, 0, 0.95, 113_2, 
.:≥_ÁÑ,?, 1, 0.849999998803772, 0, 0.95, sourcebus, , 35, 0.840615503268553, 0, 0.95, 113_2, 
ˆ©L	pî,?, 1, 0.849999998803772, 0, 0.95, sourcebus, , 35, 0.840615503268553, 0, 0.95, 113_2, 
æÊ≤¯£,?, 1, 0.849999998803772, 0, 0.95, sourcebus, , 35, 0.840615503268553, 0, 0.95, 113_2, 
Üâ\Å≥,?, 1, 0.849999998803772, 0, 0.95, sourcebus, , 35, 0.840615503268553, 0, 0.95, 113_2, 
O˘
,?, 1, 0.849999998803772, 0, 0.95, sourcebus, , 35, 0.840615503268553, 0, 0.95, 113_2, 
i≤Øí“,?, 1, 0.849999998803772, 0, 0.95, sourcebus, , 35, 0.840615503268553, 0, 0.95, 113_2, 
ﬂÿKY‚,?, 1, 0.849999998803772, 0, 0.95, sourcebus, , 35, 0.840615503268553, 0, 0.95, 113_2, 
ßHÂ§Ò,?, 1, 0.849999998803772, 0, 0.95, sourcebus, , 35, 0.840615503268553, 0, 0.95, 113_2, 
p∏~¨,-?, 1, 0.849999998803772, 0, 0.95, sourcebus, , 35, 0.840615503268553, 0, 0.95, 113_2, 
8(Vµ-?, 1, 0.849999998803772, 0, 0.95, sourcebus, , 35, 0.840615503268553, 0, 0.95, 113_2, 
ò±ˇ= -?, 1, 0.849999998803772, 0, 0.95, sourcebus, , 35, 0.840615503268553, 0, 0.95, 113_2, 
»K©∆/-?, 1, 0.849999998803772, 0, 0.95, sourcebus, , 35, 0.840615503268553, 0, 0.95, 113_2, 
êw‰RO?-?, 1, 0.849999998803772, 0, 0.95, sourcebus, , 35, 0.840615503268553, 0, 0.95, 113_2, 
YÁ}¸◊N-?, 1, 0.849999998803772, 0, 0.95, sourcebus, , 35, 0.840615503268553, 0, 0.95, 113_2, 
!W¶`^-?, 1, 0.849999998803772, 0, 0.95, sourcebus, , 35, 0.840615503268553, 0, 0.95, 113_2, 
È∆∞OÈm-?, 1, 0.849999998803772, 0, 0.95, sourcebus, , 35, 0.840615503268553, 0, 0.95, 113_2, 
±6J˘q}-?, 1, 0.849999998803772, 0, 0.95, sourcebus, , 35, 0.840615503268553, 0, 0.95, 113_2, 
z¶„¢˙å-?, 1, 0.849999998803772, 0, 0.95, sourcebus, , 35, 0.840615503268553, 0, 0.95, 113_2, 
B}LÉú-?, 1, 0.849999998803772, 0, 0.95, sourcebus, , 35, 0.840615503268553, 0, 0.95, 113_2, 

ˆ¨-?, 1, 0.849999998803772, 0, 0.95, sourcebus, , 35, 0.840615503268553, 0, 0.95, 113_2, 
“ıØüîª-?, 1, 0.849999998803772, 0, 0.95, sourcebus, , 35, 0.840615503268553, 0, 0.95, 113_2, 
õeIIÀ-?, 1, 0.849999998803772, 0, 0.95, sourcebus, , 35, 0.840615503268553, 0, 0.95, 113_2, 
c’‚Ú•⁄-?, 1, 0.849999998803772, 0, 0.95, sourcebus, , 35, 0.840615503268553, 0, 0.95, 113_2, 
+E|ú.Í-?, 1, 0.849999998803772, 0, 0.95, sourcebus, , 35, 0.840615503268553, 0, 0.95, 113_2, 
Û¥F∑˘-?, 1, 0.849999998803772, 0, 0.95, sourcebus, , 35, 0.840615503268553, 0, 0.95, 113_2, 
º$ØÔ?	.?, 1, 0.849999998803772, 0, 0.95, sourcebus, , 35, 0.840615503268553, 0, 0.95, 113_2, 
ÑîHô».?, 1, 0.849999998803772, 0, 0.95, sourcebus, , 35, 0.840615503268553, 0, 0.95, 113_2, 
L‚BQ(.?, 1, 0.849999998803772, 0, 0.95, sourcebus, , 35, 0.840615503268553, 0, 0.95, 113_2, 
t{ÏŸ7.?, 1, 0.849999998803772, 0, 0.95, sourcebus, , 35, 0.840615503268553, 0, 0.95, 113_2, 
›„ñbG.?, 1, 0.849999998803772, 0, 0.95, sourcebus, , 35, 0.840615503268553, 0, 0.95, 113_2, 
•SÆ?ÎV.?, 1, 0.849999998803772, 0, 0.95, sourcebus, , 35, 0.840615503268553, 0, 0.95, 113_2, 
m√GÈsf.?, 1, 0.849999998803772, 0, 0.95, sourcebus, , 35, 0.840615503268553, 0, 0.95, 113_2, 
53·í¸u.?, 1, 0.849999998803772, 0, 0.95, sourcebus, , 35, 0.840615503268553, 0, 0.95, 113_2, 
˛¢z<ÖÖ.?, 1, 0.849999998803772, 0, 0.95, sourcebus, , 35, 0.840615503268553, 0, 0.95, 113_2, 
∆Êï.?, 1, 0.849999998803772, 0, 0.95, sourcebus, , 35, 0.840615503268553, 0, 0.95, 113_2, 
éÇ≠èñ§.?, 1, 0.849999998803772, 0, 0.95, sourcebus, , 35, 0.840615503268553, 0, 0.95, 113_2, 
VÚF9¥.?, 1, 0.849999998803772, 0, 0.95, sourcebus, , 35, 0.840615503268553, 0, 0.95, 113_2, 
b‡‚ß√.?, 1, 0.849999998803772, 0, 0.95, sourcebus, , 35, 0.840615503268553, 0, 0.95, 113_2, 
Á—yå0”.?, 1, 0.849999998803772, 0, 0.95, sourcebus, , 35, 0.840615503268553, 0, 0.95, 113_2, 
ØA6π‚.?, 1, 0.849999998803772, 0, 0.95, sourcebus, , 35, 0.840615503268553, 0, 0.95, 113_2, 
w±¨ﬂAÚ.?, 1, 0.849999998803772, 0, 0.95, sourcebus, , 35, 0.840615503268553, 0, 0.95, 113_2, 
@!Fâ /?, 1, 0.849999998803772, 0, 0.95, sourcebus, , 35, 0.840615503268553, 0, 0.95, 113_2, 
ëﬂ2S/?, 1, 0.849999998803772, 0, 0.95, sourcebus, , 35, 0.840615503268553, 0, 0.95, 113_2, 
–y‹€ /?, 1, 0.849999998803772, 0, 0.95, sourcebus, , 35, 0.840615503268553, 0, 0.95, 113_2, 
òpÜd0/?, 1, 0.849999998803772, 0, 0.95, sourcebus, , 35, 0.840615503268553, 0, 0.95, 113_2, 
a‡´/Ì?/?, 1, 0.849999998803772, 0, 0.95, sourcebus, , 35, 0.840615503268553, 0, 0.95, 113_2, 
)PEŸuO/?, 1, 0.849999998803772, 0, 0.95, sourcebus, , 35, 0.840615503268553, 0, 0.95, 113_2, 
ÒøﬁÇ˛^/?, 1, 0.849999998803772, 0, 0.95, sourcebus, , 35, 0.840615503268553, 0, 0.95, 113_2, 
π/x,án/?, 1, 0.849999998803772, 0, 0.95, sourcebus, , 35, 0.840615503268553, 0, 0.95, 113_2, 
Çü÷~/?, 1, 0.849999998803772, 0, 0.95, sourcebus, , 35, 0.840615503268553, 0, 0.95, 113_2, 
J´òç/?, 1, 0.849999998803772, 0, 0.95, sourcebus, , 35, 0.840615503268553, 0, 0.95, 113_2, 
D)!ù/?, 1, 0.849999998803772, 0, 0.95, sourcebus, , 35, 0.840615503268553, 0, 0.95, 113_2, 
⁄Ó›“©¨/?, 1, 0.849999998803772, 0, 0.95, sourcebus, , 35, 0.840615503268553, 0, 0.95, 113_2, 
£^w|2º/?, 1, 0.849999998803772, 0, 0.95, sourcebus, , 35, 0.840615503268553, 0, 0.95, 113_2, 
kŒ&ªÀ/?, 1, 0.849999998803772, 0, 0.95, sourcebus, , 35, 0.840615503268553, 0, 0.95, 113_2, 
3>™œC€/?, 1, 0.849999998803772, 0, 0.95, sourcebus, , 35, 0.840615503268553, 0, 0.95, 113_2, 
˚≠CyÃÍ/?, 1, 0.849999998803772, 0, 0.95, sourcebus, , 35, 0.840615503268553, 0, 0.95, 113_2, 
ƒ›"U˙/?, 1, 0.849999998803772, 0, 0.95, sourcebus, , 35, 0.840615503268553, 0, 0.95, 113_2, 
∆F;ÊÓ0?, 1, 0.849999998803772, 0, 0.95, sourcebus, , 35, 0.840615503268553, 0, 0.95, 113_2, 
™˛;≥0?, 1, 0.849999998803772, 0, 0.95, sourcebus, , 35, 0.840615503268553, 0, 0.95, 113_2, 
é∂‘èw0?, 1, 0.849999998803772, 0, 0.95, sourcebus, , 35, 0.840615503268553, 0, 0.95, 113_2, 
rn°‰;0?, 1, 0.849999998803772, 0, 0.95, sourcebus, , 35, 0.840615503268553, 0, 0.95, 113_2, 
V&n9$0?, 1, 0.849999998803772, 0, 0.95, sourcebus, , 35, 0.840615503268553, 0, 0.95, 113_2, 
;ﬁ:éƒ+0?, 1, 0.849999998803772, 0, 0.95, sourcebus, , 35, 0.840615503268553, 0, 0.95, 113_2, 
ñ„à30?, 1, 0.849999998803772, 0, 0.95, sourcebus, , 35, 0.840615503268553, 0, 0.95, 113_2, 
N‘7M;0?, 1, 0.849999998803772, 0, 0.95, sourcebus, , 35, 0.840615503268553, 0, 0.95, 113_2, 
Á°åC0?, 1, 0.849999998803772, 0, 0.95, sourcebus, , 35, 0.840615503268553, 0, 0.95, 113_2, 
ÀΩm·’J0?, 1, 0.849999998803772, 0, 0.95, sourcebus, , 35, 0.840615503268553, 0, 0.95, 113_2, 
Øu:6öR0?, 1, 0.849999998803772, 0, 0.95, sourcebus, , 35, 0.840615503268553, 0, 0.95, 113_2, 
ì-ã^Z0?, 1, 0.849999998803772, 0, 0.95, sourcebus, , 35, 0.840615503268553, 0, 0.95, 113_2, 
wÂ”ﬂ"b0?, 1, 0.849999998803772, 0, 0.95, sourcebus, , 35, 0.840615503268553, 0, 0.95, 113_2, 
\ù, 1, 0.849999998803772, 0, 0.95, sourcebus, , 35, 0.840615503268553, 0, 0.95, 113_2, 
@Umâ´q0?, 1, 0.849999998803772, 0, 0.95, sourcebus, , 35, 0.840615503268553, 0, 0.95, 113_2, 
$:ﬁoy0?, 1, 0.849999998803772, 0, 0.95, sourcebus, , 35, 0.840615503268553, 0, 0.95, 113_2, 
≈34Å0?, 1, 0.849999998803772, 0, 0.95, sourcebus, , 35, 0.840615503268553, 0, 0.95, 113_2, 
Ï|”á¯à0?, 1, 0.849999998803772, 0, 0.95, sourcebus, , 35, 0.840615503268553, 0, 0.95, 113_2, 
–4, 1, 0.849999998803772, 0, 0.95, sourcebus, , 35, 0.840615503268553, 0, 0.95, 113_2, 
¥Ïl1Åò0?, 1, 0.849999998803772, 0, 0.95, sourcebus, , 35, 0.840615503268553, 0, 0.95, 113_2, 
ò§9ÜE, 1, 0.849999998803772, 0, 0.95, sourcebus, , 35, 0.840615503268553, 0, 0.95, 113_2, 
}\€	®0?, 1, 0.849999998803772, 0, 0.95, sourcebus, , 35, 0.840615503268553, 0, 0.95, 113_2, 
a”/ŒØ0?, 1, 0.849999998803772, 0, 0.95, sourcebus, , 35, 0.840615503268553, 0, 0.95, 113_2, 
EÃüÑí∑0?, 1, 0.849999998803772, 0, 0.95, sourcebus, , 35, 0.840615503268553, 0, 0.95, 113_2, 
)ÑlŸVø0?, 1, 0.849999998803772, 0, 0.95, sourcebus, , 35, 0.840615503268553, 0, 0.95, 113_2, 
<9.«0?, 1, 0.849999998803772, 0, 0.95, sourcebus, , 35, 0.840615503268553, 0, 0.95, 113_2, 
ÒÛÉﬂŒ0?, 1, 0.849999998803772, 0, 0.95, sourcebus, , 35, 0.840615503268553, 0, 0.95, 113_2, 
’´“◊£÷0?, 1, 0.849999998803772, 0, 0.95, sourcebus, , 35, 0.840615503268553, 0, 0.95, 113_2, 
πcü,hﬁ0?, 1, 0.849999998803772, 0, 0.95, sourcebus, , 35, 0.840615503268553, 0, 0.95, 113_2, 
ûlÅ,Ê0?, 1, 0.849999998803772, 0, 0.95, sourcebus, , 35, 0.840615503268553, 0, 0.95, 113_2, 
Ç”8÷Ì0?, 1, 0.849999998803772, 0, 0.95, sourcebus, , 35, 0.840615503268553, 0, 0.95, 113_2, 
fã+µı0?, 1, 0.849999998803772, 0, 0.95, sourcebus, , 35, 0.840615503268553, 0, 0.95, 113_2, 
JC“y˝0?, 1, 0.849999998803772, 0, 0.95, sourcebus, , 35, 0.840615503268553, 0, 0.95, 113_2, 
.˚û‘=1?, 1, 0.849999998803772, 0, 0.95, sourcebus, , 35, 0.840615503268553, 0, 0.95, 113_2, 
≥k)1?, 1, 0.849999998803772, 0, 0.95, sourcebus, , 35, 0.840615503268553, 0, 0.95, 113_2, 
ˆj8~∆1?, 1, 0.849999998803772, 0, 0.95, sourcebus, , 35, 0.840615503268553, 0, 0.95, 113_2, 
⁄"”ä1?, 1, 0.849999998803772, 0, 0.95, sourcebus, , 35, 0.840615503268553, 0, 0.95, 113_2, 
ø⁄—'O$1?, 1, 0.849999998803772, 0, 0.95, sourcebus, , 35, 0.840615503268553, 0, 0.95, 113_2, 
£íû|,1?, 1, 0.849999998803772, 0, 0.95, sourcebus, , 35, 0.840615503268553, 0, 0.95, 113_2, 
áJk—◊31?, 1, 0.849999998803772, 0, 0.95, sourcebus, , 35, 0.840615503268553, 0, 0.95, 113_2, 
k8&ú;1?, 1, 0.849999998803772, 0, 0.95, sourcebus, , 35, 0.840615503268553, 0, 0.95, 113_2, 
O∫{`C1?, 1, 0.849999998803772, 0, 0.95, sourcebus, , 35, 0.840615503268553, 0, 0.95, 113_2, 
3r—œ$K1?, 1, 0.849999998803772, 0, 0.95, sourcebus, , 35, 0.840615503268553, 0, 0.95, 113_2, 
*û$ÈR1?, 1, 0.849999998803772, 0, 0.95, sourcebus, , 35, 0.840615503268553, 0, 0.95, 113_2, 
˚·jy≠Z1?, 1, 0.849999998803772, 0, 0.95, sourcebus, , 35, 0.840615503268553, 0, 0.95, 113_2, 
‡ô7Œqb1?, 1, 0.849999998803772, 0, 0.95, sourcebus, , 35, 0.840615503268553, 0, 0.95, 113_2, 
ƒQ#6j1?, 1, 0.849999998803772, 0, 0.95, sourcebus, , 35, 0.840615503268553, 0, 0.95, 113_2, 
®	—w˙q1?, 1, 0.849999998803772, 0, 0.95, sourcebus, , 35, 0.840615503268553, 0, 0.95, 113_2, 
å¡ùÃæy1?, 1, 0.849999998803772, 0, 0.95, sourcebus, , 35, 0.840615503268553, 0, 0.95, 113_2, 
pyj!ÉÅ1?, 1, 0.849999998803772, 0, 0.95, sourcebus, , 35, 0.840615503268553, 0, 0.95, 113_2, 
T17vGâ1?, 1, 0.849999998803772, 0, 0.95, sourcebus, , 35, 0.840615503268553, 0, 0.95, 113_2, 
8ÈÀë1?, 1, 0.849999998803772, 0, 0.95, sourcebus, , 35, 0.840615503268553, 0, 0.95, 113_2, 
°––ò1?, 1, 0.849999998803772, 0, 0.95, sourcebus, , 35, 0.840615503268553, 0, 0.95, 113_2, 
Yùtî, 1, 0.849999998803772, 0, 0.95, sourcebus, , 35, 0.840615503268553, 0, 0.95, 113_2, 
Âj…X®1?, 1, 0.849999998803772, 0, 0.95, sourcebus, , 35, 0.840615503268553, 0, 0.95, 113_2, 
…»6∞1?, 1, 0.849999998803772, 0, 0.95, sourcebus, , 35, 0.840615503268553, 0, 0.95, 113_2, 
≠Äs·∑1?, 1, 0.849999998803772, 0, 0.95, sourcebus, , 35, 0.840615503268553, 0, 0.95, 113_2, 
ë8–«•ø1?, 1, 0.849999998803772, 0, 0.95, sourcebus, , 35, 0.840615503268553, 0, 0.95, 113_2, 
uúj«1?, 1, 0.849999998803772, 0, 0.95, sourcebus, , 35, 0.840615503268553, 0, 0.95, 113_2, 
Y®iq.œ1?, 1, 0.849999998803772, 0, 0.95, sourcebus, , 35, 0.840615503268553, 0, 0.95, 113_2, 
=`6∆Ú÷1?, 1, 0.849999998803772, 0, 0.95, sourcebus, , 35, 0.840615503268553, 0, 0.95, 113_2, 
"∑ﬁ1?, 1, 0.849999998803772, 0, 0.95, sourcebus, , 35, 0.840615503268553, 0, 0.95, 113_2, 
–œo{Ê1?, 1, 0.849999998803772, 0, 0.95, sourcebus, , 35, 0.840615503268553, 0, 0.95, 113_2, 
Íáúƒ?Ó1?, 1, 0.849999998803772, 0, 0.95, sourcebus, , 35, 0.840615503268553, 0, 0.95, 113_2, 
Œ?iˆ1?, 1, 0.849999998803772, 0, 0.95, sourcebus, , 35, 0.840615503268553, 0, 0.95, 113_2, 
≤˜5n»˝1?, 1, 0.849999998803772, 0, 0.95, sourcebus, , 35, 0.840615503268553, 0, 0.95, 113_2, 
ñØ√å2?, 1, 0.849999998803772, 0, 0.95, sourcebus, , 35, 0.840615503268553, 0, 0.95, 113_2, 
zgœQ2?, 1, 0.849999998803772, 0, 0.95, sourcebus, , 35, 0.840615503268553, 0, 0.95, 113_2, 
^úl2?, 1, 0.849999998803772, 0, 0.95, sourcebus, , 35, 0.840615503268553, 0, 0.95, 113_2, 
C◊h¡Ÿ2?, 1, 0.849999998803772, 0, 0.95, sourcebus, , 35, 0.840615503268553, 0, 0.95, 113_2, 
'è5û$2?, 1, 0.849999998803772, 0, 0.95, sourcebus, , 35, 0.840615503268553, 0, 0.95, 113_2, 
Gkb,2?, 1, 0.849999998803772, 0, 0.95, sourcebus, , 35, 0.840615503268553, 0, 0.95, 113_2, 
Ô˛Œø&42?, 1, 0.849999998803772, 0, 0.95, sourcebus, , 35, 0.840615503268553, 0, 0.95, 113_2, 
