Freq, Harmonic, V1, VAngle1, V2, VAngle2, V3, VAngle3, I1, IAngle1, I2, IAngle2, I3, IAngle3
60, 1.00000, 2514.12, -4.13925, 2519.36, -122.562, 2492, 117.224, 87.1991, 86.495, 87.4051, -31.934, 82.7092, -157.687
65, 1.08333, 0.803796, 64.0181, 0.759632, -57.3107, 0.748427, -176.981, 1.02849, 179.242, 1.02674, 59.2338, 1.02389, -60.8527
70, 1.16667, 0.859267, 65.2892, 0.811752, -55.9444, 0.799068, -175.586, 1.03315, 179.173, 1.03114, 59.163, 1.02812, -60.9285
75, 1.25000, 0.916044, 66.3909, 0.865157, -54.7517, 0.850933, -174.368, 1.0382, 179.1, 1.03592, 59.0896, 1.03271, -61.0062
80, 1.33333, 0.974132, 67.3491, 0.919843, -53.7061, 0.904006, -173.301, 1.04365, 179.025, 1.04107, 59.0136, 1.03766, -61.0858
85, 1.41667, 1.03356, 68.1849, 0.975824, -52.7858, 0.958291, -172.361, 1.04951, 178.946, 1.04662, 58.9349, 1.04299, -61.1676
90, 1.50000, 1.09437, 68.9152, 1.03314, -51.9733, 1.01381, -171.532, 1.05579, 178.864, 1.05258, 58.8531, 1.04871, -61.2519
95, 1.58333, 1.15662, 69.5535, 1.09182, -51.2542, 1.07059, -170.799, 1.06252, 178.779, 1.05895, 58.7682, 1.05482, -61.3388
100, 1.66667, 1.22039, 70.1113, 1.15195, -50.6164, 1.12869, -170.149, 1.0697, 178.689, 1.06576, 58.68, 1.06135, -61.4286
105, 1.75000, 1.28575, 70.5975, 1.2136, -50.0502, 1.18814, -169.573, 1.07736, 178.596, 1.07302, 58.5882, 1.06831, -61.5215
110, 1.83333, 1.35281, 71.0199, 1.27684, -49.5473, 1.24903, -169.061, 1.0855, 178.497, 1.08076, 58.4925, 1.07571, -61.6178
115, 1.91667, 1.42165, 71.3846, 1.34179, -49.1007, 1.31142, -168.607, 1.09417, 178.394, 1.08898, 58.3928, 1.08357, -61.7175
120, 2.00000, 1.49239, 71.6968, 1.40854, -48.7046, 1.37539, -168.205, 1.10336, 178.285, 1.09772, 58.2888, 1.09191, -61.8212
125, 2.08333, 1.56516, 71.9606, 1.47723, -48.3542, 1.44103, -167.848, 1.11312, 178.17, 1.10699, 58.1802, 1.10076, -61.9288
130, 2.16667, 1.64008, 72.1796, 1.54798, -48.0455, 1.50843, -167.533, 1.12347, 178.048, 1.11683, 58.0666, 1.11012, -62.0408
135, 2.25000, 1.71729, 72.3565, 1.62096, -47.7748, 1.5777, -167.256, 1.13443, 177.92, 1.12726, 57.9478, 1.12003, -62.1574
140, 2.33333, 1.79694, 72.4934, 1.69633, -47.5395, 1.64895, -167.014, 1.14603, 177.783, 1.13833, 57.8232, 1.1305, -62.2788
145, 2.41667, 1.87918, 72.5922, 1.77427, -47.3372, 1.7223, -166.802, 1.15831, 177.639, 1.15005, 57.6926, 1.14158, -62.4052
150, 2.50000, 1.96419, 72.6542, 1.855, -47.1661, 1.79789, -166.618, 1.17131, 177.485, 1.16248, 57.5553, 1.15328, -62.537
155, 2.58333, 2.05213, 72.6801, 1.93875, -47.0247, 1.87587, -166.459, 1.18505, 177.321, 1.17567, 57.4108, 1.16564, -62.6742
160, 2.66667, 2.14318, 72.6707, 2.02578, -46.9123, 1.95638, -166.324, 1.19958, 177.146, 1.18964, 57.2584, 1.1787, -62.817
165, 2.75000, 2.23752, 72.6261, 2.11637, -46.8285, 2.03962, -166.208, 1.21494, 176.959, 1.20448, 57.0974, 1.19249, -62.9657
170, 2.83333, 2.33533, 72.5464, 2.21086, -46.7734, 2.12579, -166.11, 1.23117, 176.759, 1.22022, 56.9267, 1.20707, -63.1201
175, 2.91667, 2.4368, 72.4317, 2.30959, -46.7479, 2.21514, -166.027, 1.24832, 176.544, 1.23695, 56.7453, 1.22248, -63.2805
180, 3.00000, 2.54208, 72.282, 2.41297, -46.7537, 2.30795, -165.956, 1.26642, 176.315, 1.25474, 56.5516, 1.23879, -63.4466
185, 3.08333, 2.65133, 72.0975, 2.52142, -46.7932, 2.40457, -165.894, 1.28552, 176.068, 1.27367, 56.3439, 1.25606, -63.6184
190, 3.16667, 2.76469, 71.8788, 2.6354, -46.8699, 2.50543, -165.84, 1.30567, 175.804, 1.29382, 56.12, 1.27438, -63.7957
195, 3.25000, 2.88228, 71.6275, 2.75538, -46.9883, 2.61107, -165.789, 1.32691, 175.522, 1.31529, 55.8773, 1.29386, -63.9785
200, 3.33333, 3.0042, 71.3463, 2.8818, -47.1539, 2.72217, -165.743, 1.34928, 175.221, 1.33817, 55.6127, 1.3146, -64.167
205, 3.41667, 3.1306, 71.0393, 3.01509, -47.3728, 2.83957, -165.7, 1.37284, 174.902, 1.36255, 55.3225, 1.33678, -64.3619
210, 3.50000, 3.26167, 70.7125, 3.15553, -47.6511, 2.96427, -165.665, 1.39765, 174.564, 1.3885, 55.0029, 1.36055, -64.5648
215, 3.58333, 3.39779, 70.3734, 3.3033, -47.994, 3.09742, -165.644, 1.42381, 174.21, 1.41609, 54.65, 1.38612, -64.7785
220, 3.66667, 3.53955, 70.0298, 3.45843, -48.4041, 3.24024, -165.647, 1.45146, 173.841, 1.44535, 54.2606, 1.41371, -65.0072
225, 3.75000, 3.68793, 69.6887, 3.62083, -48.8805, 3.39391, -165.69, 1.48078, 173.459, 1.47633, 53.8325, 1.44354, -65.2568
230, 3.83333, 3.84426, 69.3537, 3.79043, -49.4184, 3.55945, -165.787, 1.51201, 173.063, 1.50904, 53.3649, 1.47581, -65.5343
235, 3.91667, 4.01025, 69.0234, 3.9673, -50.0095, 3.73764, -165.953, 1.54548, 172.652, 1.54357, 52.8584, 1.5107, -65.8471
240, 4.00000, 4.18784, 68.6905, 4.15183, -50.6438, 3.92903, -166.2, 1.58151, 172.222, 1.58003, 52.3142, 1.54836, -66.2019
245, 4.08333, 4.37903, 68.3427, 4.34482, -51.3126, 4.13404, -166.533, 1.62048, 171.766, 1.61859, 51.7335, 1.58893, -66.6043
250, 4.16667, 4.5858, 67.9644, 4.5475, -52.0098, 4.35315, -166.952, 1.66275, 171.277, 1.65951, 51.1164, 1.63259, -67.0587
255, 4.25000, 4.81001, 67.5392, 4.76146, -52.7338, 4.58706, -167.457, 1.70867, 170.745, 1.7031, 50.461, 1.67951, -67.568
260, 4.33333, 5.05343, 67.0518, 4.98857, -53.4873, 4.83683, -168.043, 1.75862, 170.16, 1.74971, 49.7638, 1.72998, -68.1352
265, 4.41667, 5.3179, 66.4882, 5.23088, -54.2766, 5.10394, -168.707, 1.81296, 169.513, 1.79975, 49.019, 1.78431, -68.7636
270, 4.50000, 5.60538, 65.8364, 5.49061, -55.111, 5.39032, -169.449, 1.87212, 168.794, 1.85363, 48.2195, 1.84294, -69.4575
275, 4.58333, 5.91809, 65.085, 5.77009, -56.0017, 5.69833, -170.27, 1.93656, 167.992, 1.91182, 47.3562, 1.90635, -70.2225
280, 4.66667, 6.25859, 64.2226, 6.07183, -56.9616, 6.03082, -171.176, 2.00681, 167.096, 1.9748, 46.4188, 1.97513, -71.0663
285, 4.75000, 6.62985, 63.2373, 6.39853, -58.0047, 6.39109, -172.174, 2.08348, 166.093, 2.0431, 45.3955, 2.04995, -71.9986
290, 4.83333, 7.03533, 62.1152, 6.75312, -59.1466, 6.783, -173.275, 2.16725, 164.969, 2.11729, 44.2727, 2.13159, -73.0314
295, 4.91667, 7.47895, 60.8399, 7.1388, -60.4045, 7.21093, -174.494, 2.2589, 163.705, 2.19799, 43.0349, 2.22094, -74.1796
300, 5.00000, 7.96518, 59.392, 7.55902, -61.7976, 7.67994, -175.849, 2.35927, 162.281, 2.28585, 41.6641, 2.31899, -75.4612
305, 5.08333, 8.49893, 57.748, 8.01751, -63.3477, 8.19573, -177.361, 2.46926, 160.673, 2.38156, 40.1398, 2.42685, -76.8983
310, 5.16667, 9.08553, 55.8796, 8.51816, -65.0795, 8.76472, -179.058, 2.58981, 158.851, 2.48579, 38.438, 2.54576, -78.5175
315, 5.25000, 9.73039, 53.753, 9.06486, -67.0212, 9.39397, 179.028, 2.7218, 156.781, 2.59919, 36.5314, 2.67702, -80.3509
320, 5.33333, 10.4387, 51.3283, 9.66123, -69.2048, 10.091, 176.858, 2.86596, 154.422, 2.72226, 34.3883, 2.82198, -82.4371
325, 5.41667, 11.2143, 48.5589, 10.3101, -71.6664, 10.8633, 174.385, 3.02265, 151.728, 2.85527, 31.9731, 2.98189, -84.8224
330, 5.50000, 12.059, 45.3918, 11.0128, -74.4457, 11.7177, 171.554, 3.19154, 148.645, 2.99805, 29.2464, 3.15765, -87.5614
335, 5.58333, 12.9699, 41.7692, 11.7678, -77.5846, 12.6584, 168.302, 3.3712, 145.115, 3.14975, 26.1661, 3.34951, -90.7172
340, 5.66667, 13.9366, 37.6321, 12.5698, -81.1249, 13.6848, 164.558, 3.55836, 141.078, 3.30849, 22.6902, 3.55642, -94.36
345, 5.75000, 14.9378, 32.9271, 13.4072, -85.1039, 14.7878, 160.248, 3.7472, 136.482, 3.47103, 18.7802, 3.77522, -98.5633
350, 5.83333, 15.937, 27.6187, 14.2614, -89.5489, 15.9443, 155.306, 3.92863, 131.29, 3.63244, 14.4071, 3.99955, -103.396
355, 5.91667, 16.8807, 21.7045, 15.1052, -94.4708, 17.1125, 149.682, 4.09, 125.499, 3.78603, 9.55719, 4.21879, -108.908
360, 6.00000, 17.7003, 15.2333, 15.9039, -99.86, 18.2275, 143.364, 4.21602, 119.157, 3.92356, 4.23635, 4.41752, -115.113
365, 6.08333, 18.3223, 8.31621, 16.6168, -105.686, 19.2038, 136.399, 4.29122, 112.374, 4.03567, -1.5282, 4.57631, -121.969
370, 6.16667, 18.6842, 1.12418, 17.1992, -111.897, 19.9459, 128.902, 4.30369, 105.319, 4.11243, -7.68699, 4.67455, -129.362
375, 6.25000, 18.7517, -6.13294, 17.6045, -118.415, 20.3686, 121.064, 4.24865, 98.201, 4.14401, -14.1614, 4.69522, -137.104
380, 6.33333, 18.5282, -13.2396, 17.7904, -125.124, 20.4205, 113.132, 4.12993, 91.2332, 4.12224, -20.8307, 4.63008, -144.948
385, 6.41667, 18.0513, -20.0066, 17.7307, -131.862, 20.1021, 105.372, 3.95876, 84.6051, 4.04346, -27.5267, 4.4831, -152.625
390, 6.50000, 17.3816, -26.2924, 17.4282, -138.438, 19.4662, 98.0299, 3.75061, 78.4593, 3.91106, -34.0535, 4.26968, -159.888
395, 6.58333, 16.5868, -32.012, 16.9173, -144.672, 18.6001, 91.2835, 3.52167, 72.8824, 3.73546, -40.2278, 4.01202, -166.555
400, 6.66667, 15.7294, -37.1341, 16.2538, -150.433, 17.5999, 85.2305, 3.28607, 67.9076, 3.5312, -45.915, 3.7329, -172.525
405, 6.75000, 14.8588, -41.6707, 15.4985, -155.648, 16.549, 79.892, 3.05449, 63.5243, 3.31296, -51.0444, 3.4511, -177.776
410, 6.83333, 14.0098, -45.6619, 14.7045, -160.303, 15.5083, 75.2344, 2.8339, 59.6932, 3.09282, -55.6016, 3.17957, 177.662
415, 6.91667, 13.2033, -49.1629, 13.9115, -164.422, 14.5158, 71.1932, 2.62815, 56.3597, 2.87925, -59.6116, 2.92576, 173.724
420, 7.00000, 12.4504, -52.2331, 13.1453, -168.05, 13.5915, 67.6923, 2.43884, 53.4645, 2.67739, -63.121, 2.69305, 170.334
425, 7.08333, 11.755, -54.93, 12.4209, -171.242, 12.7433, 64.6557, 2.26608, 50.95, 2.48978, -66.1847, 2.48211, 167.416
430, 7.16667, 11.1169, -57.3059, 11.7456, -174.053, 11.9714, 62.0137, 2.10917, 48.7639, 2.31728, -68.8584, 2.2921, 164.901
435, 7.25000, 10.5334, -59.4069, 11.1213, -176.533, 11.272, 59.7055, 1.96693, 46.8602, 2.15966, -71.1936, 2.12143, 162.727
440, 7.33333, 10.0004, -61.2722, 10.5471, -178.729, 10.6392, 57.6794, 1.83803, 45.1993, 2.01612, -73.2363, 1.96817, 160.843
445, 7.41667, 9.51369, -62.9354, 10.0203, 179.32, 10.0667, 55.892, 1.72113, 43.7479, 1.88556, -75.0261, 1.83043, 159.206
450, 7.50000, 9.06874, -64.4247, 9.53738, 177.58, 9.54801, 54.3072, 1.61495, 42.4777, 1.76682, -76.5972, 1.70636, 157.779
455, 7.58333, 8.66134, -65.7637, 9.09464, 176.022, 9.07711, 52.8953, 1.51831, 41.3649, 1.6587, -77.9784, 1.59434, 156.534
460, 7.66667, 8.28761, -66.9725, 8.6883, 174.622, 8.64855, 51.6315, 1.43014, 40.3897, 1.56011, -79.1939, 1.4929, 155.444
465, 7.75000, 7.94402, -68.0679, 8.31484, 173.358, 8.25747, 50.4952, 1.3495, 39.5353, 1.47004, -80.2644, 1.40075, 154.49
470, 7.83333, 7.62743, -69.0642, 7.97097, 172.215, 7.89958, 49.4692, 1.27557, 38.7876, 1.38757, -81.2071, 1.31678, 153.654
475, 7.91667, 7.33503, -69.9734, 7.65371, 171.176, 7.57114, 48.5391, 1.20761, 38.1345, 1.31189, -82.0366, 1.24004, 152.924
480, 8.00000, 7.06435, -70.8059, 7.36041, 170.23, 7.26887, 47.693, 1.14499, 37.566, 1.24228, -82.7653, 1.16968, 152.286
485, 8.08333, 6.81318, -71.5705, 7.08866, 169.364, 6.9899, 46.9205, 1.08714, 37.0734, 1.1781, -83.4038, 1.10498, 151.732
490, 8.16667, 6.5796, -72.2747, 6.83636, 168.571, 6.73177, 46.213, 1.03357, 36.6493, 1.1188, -83.961, 1.04533, 151.252
495, 8.25000, 6.36189, -72.925, 6.6016, 167.843, 6.49228, 45.5632, 0.983847, 36.2874, 1.06388, -84.4446, 0.990166, 150.84
500, 8.33333, 6.15856, -73.5272, 6.38272, 167.171, 6.26955, 44.9646, 0.937599, 35.9823, 1.01291, -84.861, 0.939032, 150.491
505, 8.41667, 5.96826, -74.086, 6.17824, 166.551, 6.06191, 44.4119, 0.89449, 35.7292, 0.96551, -85.2158, 0.891512, 150.199
510, 8.50000, 5.7898, -74.6059, 5.98684, 165.977, 5.8679, 43.9002, 0.854224, 35.5242, 0.92134, -85.514, 0.847246, 149.961
515, 8.58333, 5.62214, -75.0906, 5.80733, 165.445, 5.68623, 43.4256, 0.816541, 35.3638, 0.880103, -85.7596, 0.805919, 149.772
520, 8.66667, 5.46434, -75.5434, 5.63869, 164.951, 5.51576, 42.9844, 0.781209, 35.2448, 0.841535, -85.9561, 0.767252, 149.631
525, 8.75000, 5.31555, -75.9671, 5.47997, 164.491, 5.35549, 42.5735, 0.748024, 35.1649, 0.805402, -86.1066, 0.731001, 149.535
530, 8.83333, 5.17504, -76.3644, 5.33035, 164.063, 5.20452, 42.1902, 0.716801, 35.1215, 0.771496, -86.2139, 0.696949, 149.482
535, 8.91667, 5.04213, -76.7376, 5.18908, 163.663, 5.06206, 41.8322, 0.687376, 35.1129, 0.73963, -86.28, 0.664903, 149.47
540, 9.00000, 4.91622, -77.0887, 5.05549, 163.289, 4.9274, 41.4971, 0.659602, 35.1373, 0.709639, -86.3071, 0.634692, 149.5
545, 9.08333, 4.79677, -77.4196, 4.92897, 162.939, 4.7999, 41.1833, 0.633348, 35.1933, 0.681374, -86.2967, 0.606164, 149.57
550, 9.16667, 4.68329, -77.7318, 4.809, 162.611, 4.67899, 40.889, 0.608494, 35.2797, 0.654702, -86.2503, 0.579183, 149.68
555, 9.25000, 4.57533, -78.027, 4.69507, 162.304, 4.56416, 40.6127, 0.584933, 35.3955, 0.629503, -86.1692, 0.553626, 149.831
560, 9.33333, 4.47249, -78.3063, 4.58674, 162.015, 4.45494, 40.3531, 0.562568, 35.5397, 0.605668, -86.0543, 0.529384, 150.022
565, 9.41667, 4.37441, -78.5709, 4.48362, 161.744, 4.35092, 40.1091, 0.54131, 35.7117, 0.583101, -85.9065, 0.506359, 150.254
570, 9.50000, 4.28076, -78.8221, 4.38533, 161.489, 4.25172, 39.8796, 0.52108, 35.9109, 0.561714, -85.7266, 0.484462, 150.529
575, 9.58333, 4.19124, -79.0607, 4.29156, 161.249, 4.157, 39.6636, 0.501804, 36.1371, 0.541428, -85.5152, 0.463614, 150.847
580, 9.66667, 4.10556, -79.2876, 4.20199, 161.024, 4.06644, 39.4604, 0.483416, 36.3898, 0.522169, -85.2729, 0.443743, 151.211
585, 9.75000, 4.02348, -79.5038, 4.11635, 160.811, 3.97976, 39.2692, 0.465855, 36.6689, 0.503872, -85, 0.424785, 151.623
590, 9.83333, 3.94476, -79.7098, 4.0344, 160.61, 3.89669, 39.0894, 0.449064, 36.9745, 0.486478, -84.6971, 0.406682, 152.085
595, 9.91667, 3.86919, -79.9065, 3.95589, 160.421, 3.81701, 38.9203, 0.432992, 37.3067, 0.469933, -84.3645, 0.389381, 152.599
600, 10.00000, 3.79657, -80.0945, 3.88062, 160.243, 3.74048, 38.7614, 0.417592, 37.6658, 0.454187, -84.0024, 0.372838, 153.17
605, 10.08333, 3.72673, -80.2742, 3.80839, 160.074, 3.66692, 38.6124, 0.40282, 38.0521, 0.439194, -83.6113, 0.357009, 153.801
610, 10.16667, 3.65948, -80.4463, 3.73903, 159.915, 3.59614, 38.4728, 0.388635, 38.4663, 0.424914, -83.1915, 0.34186, 154.497
615, 10.25000, 3.59469, -80.6112, 3.67237, 159.765, 3.52797, 38.3423, 0.375, 38.909, 0.411308, -82.7433, 0.327359, 155.262
620, 10.33333, 3.5322, -80.7694, 3.60826, 159.623, 3.46226, 38.2205, 0.36188, 39.3812, 0.398341, -82.2671, 0.313478, 156.101
625, 10.41667, 3.47188, -80.9213, 3.54656, 159.489, 3.39885, 38.1074, 0.349243, 39.8841, 0.385981, -81.7636, 0.300194, 157.021
630, 10.50000, 3.41361, -81.0673, 3.48714, 159.363, 3.33762, 38.0026, 0.337059, 40.4188, 0.374199, -81.2332, 0.287489, 158.027
635, 10.58333, 3.35727, -81.2078, 3.42988, 159.243, 3.27845, 37.906, 0.325299, 40.9872, 0.362966, -80.6767, 0.27535, 159.128
640, 10.66667, 3.30274, -81.343, 3.37466, 159.129, 3.22123, 37.8176, 0.313938, 41.591, 0.352256, -80.0949, 0.263765, 160.331
645, 10.75000, 3.24994, -81.4732, 3.32139, 159.022, 3.16584, 37.7372, 0.302951, 42.2325, 0.342044, -79.4888, 0.252731, 161.644
650, 10.83333, 3.19876, -81.5987, 3.26997, 158.92, 3.1122, 37.6649, 0.292317, 42.9144, 0.332308, -78.8597, 0.242247, 163.075
655, 10.91667, 3.14911, -81.7197, 3.22031, 158.823, 3.06021, 37.6006, 0.282014, 43.6398, 0.323025, -78.2088, 0.232316, 164.634
660, 11.00000, 3.10091, -81.8365, 3.17232, 158.73, 3.00981, 37.5445, 0.272024, 44.4123, 0.314173, -77.5379, 0.222947, 166.328
665, 11.08333, 3.05408, -81.9492, 3.12592, 158.642, 2.9609, 37.4966, 0.26233, 45.2361, 0.305731, -76.8486, 0.214155, 168.165
670, 11.16667, 3.00854, -82.0579, 3.08105, 158.558, 2.91343, 37.457, 0.252916, 46.1163, 0.297678, -76.1431, 0.205956, 170.153
675, 11.25000, 2.96423, -82.1628, 3.03762, 158.477, 2.86734, 37.4259, 0.243769, 47.0586, 0.289993, -75.4234, 0.198375, 172.295
680, 11.33333, 2.92107, -82.2638, 2.99558, 158.399, 2.82256, 37.4034, 0.23488, 48.0698, 0.282653, -74.6921, 0.191436, 174.595
685, 11.41667, 2.879, -82.3612, 2.95485, 158.324, 2.77906, 37.3897, 0.226239, 49.1575, 0.275637, -73.9517, 0.185168, 177.052
690, 11.50000, 2.83796, -82.4548, 2.91538, 158.25, 2.73678, 37.3851, 0.217843, 50.3307, 0.268921, -73.2048, 0.179602, 179.658
695, 11.58333, 2.7979, -82.5446, 2.8771, 158.178, 2.6957, 37.3896, 0.209689, 51.5998, 0.262481, -72.4542, 0.174768, -177.598
700, 11.66667, 2.75876, -82.6305, 2.83996, 158.106, 2.65577, 37.4035, 0.201781, 52.9762, 0.256291, -71.7023, 0.170692, -174.732
705, 11.75000, 2.72049, -82.7124, 2.8039, 158.036, 2.61698, 37.427, 0.194126, 54.473, 0.250326, -70.9518, 0.167396, -171.771
710, 11.83333, 2.68304, -82.7901, 2.76885, 157.965, 2.57929, 37.4601, 0.186737, 56.1047, 0.244556, -70.2045, 0.164895, -168.744
715, 11.91667, 2.64638, -82.8632, 2.73476, 157.893, 2.5427, 37.5029, 0.179633, 57.8869, 0.238952, -69.4623, 0.163192, -165.687
720, 12.00000, 2.61046, -82.9316, 2.70157, 157.82, 2.50718, 37.5554, 0.172841, 59.8359, 0.233484, -68.7259, 0.162277, -162.639
725, 12.08333, 2.57525, -82.9949, 2.66923, 157.746, 2.47274, 37.6175, 0.166395, 61.9684, 0.228122, -67.9956, 0.162129, -159.641
730, 12.16667, 2.54072, -83.0527, 2.63766, 157.669, 2.43935, 37.6889, 0.160338, 64.3, 0.222832, -67.2701, 0.162711, -156.732
735, 12.25000, 2.50683, -83.1045, 2.60681, 157.59, 2.40701, 37.7693, 0.154719, 66.8443, 0.217585, -66.5472, 0.163971, -153.946
740, 12.33333, 2.47358, -83.1499, 2.57661, 157.508, 2.37572, 37.8581, 0.149599, 69.6105, 0.21235, -65.8228, 0.165849, -151.314
745, 12.41667, 2.44094, -83.1884, 2.54701, 157.424, 2.34547, 37.9547, 0.14504, 72.6013, 0.207099, -65.0911, 0.168272, -148.857
750, 12.50000, 2.4089, -83.2195, 2.51793, 157.336, 2.31625, 38.0582, 0.141111, 75.8104, 0.201808, -64.3443, 0.171161, -146.589
755, 12.58333, 2.37744, -83.2428, 2.48932, 157.246, 2.28804, 38.1676, 0.137881, 79.2197, 0.196455, -63.5721, 0.174436, -144.519
760, 12.66667, 2.34658, -83.2578, 2.46112, 157.153, 2.26083, 38.2818, 0.13541, 82.7987, 0.191027, -62.762, 0.178012, -142.646
765, 12.75000, 2.3163, -83.2642, 2.43327, 157.058, 2.23459, 38.3996, 0.133751, 86.5032, 0.185514, -61.8988, 0.181809, -140.966
770, 12.83333, 2.28662, -83.2617, 2.40572, 156.961, 2.20929, 38.5195, 0.132939, 90.2779, 0.179916, -60.9647, 0.185749, -139.467
775, 12.91667, 2.25752, -83.2501, 2.37842, 156.862, 2.18488, 38.6403, 0.132989, 94.0604, 0.174241, -59.9389, 0.189761, -138.135
780, 13.00000, 2.22903, -83.2294, 2.35134, 156.764, 2.16133, 38.7606, 0.133891, 97.786, 0.168508, -58.7984, 0.193783, -136.955
785, 13.08333, 2.20114, -83.1997, 2.32444, 156.667, 2.13856, 38.8793, 0.135613, 101.394, 0.162745, -57.5176, 0.197761, -135.909
790, 13.16667, 2.17385, -83.161, 2.29769, 156.571, 2.11654, 38.9951, 0.138103, 104.834, 0.156992, -56.0688, 0.20165, -134.977
795, 13.25000, 2.14718, -83.1137, 2.27109, 156.478, 2.09518, 39.1073, 0.141294, 108.065, 0.151299, -54.4229, 0.205418, -134.142
800, 13.33333, 2.12111, -83.0581, 2.24462, 156.389, 2.07443, 39.2151, 0.145106, 111.064, 0.145729, -52.5502, 0.209042, -133.386
805, 13.41667, 2.09564, -82.9947, 2.21828, 156.306, 2.05421, 39.3181, 0.149458, 113.818, 0.140353, -50.4221, 0.212509, -132.692
810, 13.50000, 2.07077, -82.924, 2.19208, 156.228, 2.03447, 39.4161, 0.154268, 116.327, 0.135255, -48.0123, 0.215815, -132.045
815, 13.58333, 2.04648, -82.8466, 2.16601, 156.157, 2.01513, 39.5091, 0.15946, 118.6, 0.130523, -45.3003, 0.218966, -131.431
820, 13.66667, 2.02275, -82.763, 2.1401, 156.094, 1.99613, 39.5974, 0.164965, 120.649, 0.126257, -42.2738, 0.221975, -130.838
825, 13.75000, 1.99957, -82.6736, 2.11436, 156.04, 1.97743, 39.6815, 0.170722, 122.493, 0.122555, -38.9328, 0.224861, -130.256
830, 13.83333, 1.9769, -82.579, 2.08879, 155.995, 1.95897, 39.7621, 0.176682, 124.152, 0.119517, -35.2932, 0.227647, -129.677
835, 13.91667, 1.95474, -82.4795, 2.06342, 155.96, 1.94071, 39.84, 0.182803, 125.646, 0.117237, -31.3894, 0.230361, -129.094
840, 14.00000, 1.93304, -82.3756, 2.03826, 155.935, 1.92263, 39.9159, 0.189054, 126.993, 0.115793, -27.2749, 0.233033, -128.503
845, 14.08333, 1.91179, -82.2674, 2.01333, 155.921, 1.90468, 39.9911, 0.195411, 128.211, 0.11525, -23.0205, 0.235695, -127.901
850, 14.16667, 1.89095, -82.1551, 1.98861, 155.918, 1.88685, 40.0664, 0.201858, 129.316, 0.115646, -18.7089, 0.238377, -127.285
855, 14.25000, 1.87051, -82.0388, 1.96414, 155.926, 1.86912, 40.1429, 0.208385, 130.324, 0.116997, -14.4266, 0.241112, -126.656
860, 14.33333, 1.85042, -81.9186, 1.93991, 155.945, 1.85149, 40.2217, 0.214987, 131.246, 0.119291, -10.2559, 0.243929, -126.015
865, 14.41667, 1.83067, -81.7943, 1.91591, 155.976, 1.83393, 40.3038, 0.221666, 132.093, 0.122497, -6.26688, 0.246859, -125.362
870, 14.50000, 1.81123, -81.6657, 1.89216, 156.019, 1.81644, 40.3903, 0.228423, 132.875, 0.126569, -2.51305, 0.249928, -124.7
875, 14.58333, 1.79208, -81.5328, 1.86864, 156.074, 1.79903, 40.4822, 0.235267, 133.6, 0.13145, 0.970263, 0.253163, -124.031
880, 14.66667, 1.7732, -81.3951, 1.84536, 156.141, 1.78169, 40.5805, 0.242206, 134.275, 0.13708, 4.16477, 0.256589, -123.36
885, 14.75000, 1.75456, -81.2523, 1.8223, 156.221, 1.76443, 40.6863, 0.249252, 134.905, 0.1434, 7.06631, 0.260226, -122.69
890, 14.83333, 1.73614, -81.1039, 1.79946, 156.314, 1.74724, 40.8004, 0.256418, 135.494, 0.150355, 9.68124, 0.264097, -122.024
895, 14.91667, 1.71793, -80.9496, 1.77682, 156.421, 1.73014, 40.9239, 0.263718, 136.048, 0.1579, 12.023, 0.26822, -121.367
900, 15.00000, 1.6999, -80.7887, 1.75437, 156.542, 1.71313, 41.0578, 0.271168, 136.568, 0.165993, 14.1093, 0.272613, -120.722
905, 15.08333, 1.68205, -80.6207, 1.73211, 156.678, 1.69622, 41.203, 0.278785, 137.058, 0.174606, 15.9596, 0.277292, -120.094
910, 15.16667, 1.66436, -80.4449, 1.71002, 156.83, 1.6794, 41.3607, 0.286588, 137.52, 0.183715, 17.5939, 0.282274, -119.485
915, 15.25000, 1.6468, -80.2605, 1.68809, 156.998, 1.66271, 41.5318, 0.294594, 137.955, 0.193306, 19.0313, 0.287574, -118.901
920, 15.33333, 1.62938, -80.0668, 1.66631, 157.185, 1.64613, 41.7174, 0.302824, 138.365, 0.203372, 20.2896, 0.293205, -118.343
925, 15.41667, 1.61207, -79.8628, 1.64466, 157.39, 1.62969, 41.9187, 0.3113, 138.75, 0.213912, 21.3853, 0.299182, -117.817
930, 15.50000, 1.59487, -79.6477, 1.62314, 157.617, 1.6134, 42.1369, 0.320045, 139.112, 0.224933, 22.3327, 0.30552, -117.325
935, 15.58333, 1.57776, -79.4203, 1.60173, 157.866, 1.59728, 42.3732, 0.329081, 139.451, 0.236446, 23.1447, 0.312232, -116.869
940, 15.66667, 1.56073, -79.1795, 1.58043, 158.139, 1.58133, 42.6289, 0.338434, 139.767, 0.24847, 23.8321, 0.319334, -116.454
945, 15.75000, 1.54378, -78.9241, 1.55922, 158.439, 1.56558, 42.9056, 0.348133, 140.06, 0.261027, 24.4044, 0.32684, -116.081
950, 15.83333, 1.52689, -78.6526, 1.53812, 158.768, 1.55005, 43.2047, 0.358205, 140.331, 0.274147, 24.8696, 0.334767, -115.755
955, 15.91667, 1.51007, -78.3634, 1.51711, 159.129, 1.53477, 43.5277, 0.368684, 140.578, 0.287862, 25.2342, 0.34313, -115.476
960, 16.00000, 1.49329, -78.0549, 1.49621, 159.526, 1.51977, 43.8765, 0.379602, 140.802, 0.302212, 25.5036, 0.351948, -115.249
965, 16.08333, 1.47656, -77.7251, 1.47541, 159.963, 1.50508, 44.2527, 0.390997, 141.002, 0.317243, 25.6818, 0.361239, -115.076
970, 16.16667, 1.45988, -77.3719, 1.45475, 160.442, 1.49075, 44.6582, 0.402911, 141.178, 0.333004, 25.7721, 0.371022, -114.96
975, 16.25000, 1.44324, -76.9928, 1.43425, 160.971, 1.47682, 45.0949, 0.415386, 141.327, 0.349553, 25.7764, 0.381317, -114.904
980, 16.33333, 1.42665, -76.5852, 1.41394, 161.553, 1.46334, 45.5649, 0.428473, 141.45, 0.366954, 25.6958, 0.392146, -114.91
985, 16.41667, 1.41011, -76.1461, 1.39388, 162.196, 1.4504, 46.0701, 0.442225, 141.544, 0.385277, 25.5305, 0.403531, -114.983
990, 16.50000, 1.39362, -75.6719, 1.37414, 162.905, 1.43806, 46.6124, 0.456701, 141.609, 0.404599, 25.2798, 0.415493, -115.126
995, 16.58333, 1.37721, -75.1588, 1.35481, 163.689, 1.42642, 47.1937, 0.471968, 141.642, 0.425006, 24.9418, 0.428056, -115.343
1000, 16.66667, 1.3609, -74.6025, 1.33602, 164.557, 1.41557, 47.8156, 0.488098, 141.64, 0.446594, 24.514, 0.441241, -115.638
